/*******************************************************************************
 * Size: 14 px
 * Bpp: 2
 * Opts: --no-prefilter --bpp 2 --size 14 --format lvgl --lv-include lvgl.h --font /Users/bytedance/CodeBase/tmp-for-agents/ai-passport-teenieping-english/assets/fonts/source/NotoSansCJKsc-Regular.otf --symbols  !"#$%&'()*+,-./0123456789:;<=>?@ABCDEFGHIJKLMNOPQRSTUVWXYZ[\]^_`abcdefghijklmnopqrstuvwxyz{|}~、。一三上下不与专两个中举么也习了事互五人什介仔付令以件仿众伸住作你佳例保候倾做停像先光克兔入共内再写准几出击刚别到前力功加动助励勇单卡却压及友双发受口句只叫叮可右合同名后向吗吧听吸告周呼和咚品哪嘴回困围图圆圈在地场块基堂声备复大天太失头好如始姓子字学它完定实容察对小尝就屏展岁己巴师希帮常幕干年并庆应度开引张彩待很得心忙快态怎思情惑想意感慢成我或战手才打扬技把拇招拜拢拳拼持指按挑挥换据掌接提握搭摄摇摊播操收放敢数整文断新方旁日时明星是景更最月有朋朗望朝木本术朵束条来极果柔查标样根框案检棒楚模横次止正比求没油注流浪清温点然熊爱片物状狐猜王现球理用电画的盘目直相看真眼着睛知短础确示礼祝积程空突笔第等答红约纷纸线练细绍结给络继续缓缤网翻老者耳耸聊肩胸能脑自般色节英苹萌表要见观觉解认记讲设识诉词试话询语说请读课调谢貌败贴起跟身轻输边达还这连适透速遍道邀都里重银错键镜长问际隔需面音项颗题颜风麦鼓龄！，／；？ --lv-font-name ui_font_spoken_14 -o /Users/bytedance/CodeBase/tmp-for-agents/ai-passport-teenieping-english/main/ui_font_spoken_14.c
 ******************************************************************************/

#ifdef LV_LVGL_H_INCLUDE_SIMPLE
#include "lvgl.h"
#else
#include "lvgl.h"
#endif

#ifndef UI_FONT_SPOKEN_14
#define UI_FONT_SPOKEN_14 1
#endif

#if UI_FONT_SPOKEN_14

/*-----------------
 *    BITMAPS
 *----------------*/

/*Store the image of the glyphs*/
static LV_ATTRIBUTE_LARGE_CONST const uint8_t glyph_bitmap[] = {
    /* U+0020 " " */

    /* U+0021 "!" */
    0x71, 0xc7, 0x1c, 0x70, 0x60, 0x80, 0x86, 0x71,
    0xc0,

    /* U+0022 "\"" */
    0xa1, 0xb4, 0x36, 0x4c, 0x93, 0xf, 0x0,

    /* U+0023 "#" */
    0x2, 0x85, 0x5, 0x24, 0x1a, 0x4, 0x17, 0xf9,
    0x6, 0xc, 0x36, 0xc, 0x36, 0x8, 0xf, 0xf8,
    0xc, 0x28, 0x25, 0xa, 0xa, 0x48, 0x20,

    /* U+0024 "$" */
    0x9, 0x41, 0xd2, 0x1a, 0xf4, 0xb, 0x4, 0x94,
    0xe, 0xb0, 0xf5, 0xa1, 0xcf, 0x7, 0xb8, 0x39,
    0xc4, 0x2a, 0x17, 0xe0, 0xd4, 0xe, 0x90, 0x0,

    /* U+0025 "%" */
    0x1f, 0x6, 0x50, 0x6c, 0x18, 0x58, 0x66, 0x6,
    0x5, 0x6, 0x60, 0x60, 0xc3, 0x98, 0x18, 0xa3,
    0xc1, 0x63, 0x99, 0x83, 0x3, 0xc4, 0x98, 0x20,
    0xf6, 0x30, 0x24, 0x34, 0x82, 0x4, 0x1d, 0x85,
    0x83, 0xd, 0x21, 0x3e, 0x40,

    /* U+0026 "&" */
    0xb, 0xd0, 0x7b, 0x4c, 0x3d, 0x83, 0xf, 0x65,
    0x3, 0xd7, 0x7, 0xde, 0xd, 0x83, 0x6c, 0x14,
    0x1c, 0x1c, 0x60, 0x70, 0xbd, 0x5, 0xc0, 0xbc,
    0x85, 0xf4, 0x38,

    /* U+0027 "'" */
    0xae, 0x64, 0x0,

    /* U+0028 "(" */
    0x4, 0x16, 0x9, 0x6, 0x6, 0x5, 0x1, 0x20,
    0x90, 0x48, 0x28, 0x6, 0xb, 0xa, 0x42, 0x82,
    0x80,

    /* U+0029 ")" */
    0x10, 0xb0, 0xa4, 0x2c, 0x2c, 0x2d, 0x4, 0x82,
    0x41, 0x20, 0xd0, 0x61, 0x60, 0x90, 0x61, 0x20,

    /* U+002A "*" */
    0xa, 0xa, 0x75, 0xf, 0xa0, 0xba, 0x4, 0x88,

    /* U+002B "+" */
    0xf, 0xfa, 0x43, 0xd2, 0x1e, 0x90, 0x9f, 0xf0,
    0x69, 0xf, 0x48, 0x7a, 0x42,

    /* U+002C "," */
    0x28, 0xb, 0xb, 0x4, 0x81, 0x0,

    /* U+002D "-" */
    0x7e, 0xf, 0x0,

    /* U+002E "." */
    0xac,

    /* U+002F "/" */
    0xd, 0x87, 0x61, 0x98, 0x34, 0x1d, 0x86, 0x60,
    0xd2, 0x1b, 0xe, 0x83, 0x28, 0x36, 0x1d, 0x86,
    0x60, 0xd0, 0x70,

    /* U+0030 "0" */
    0x5, 0xe4, 0x27, 0x1c, 0x2d, 0x5, 0x1, 0x84,
    0xe0, 0xc3, 0x63, 0x86, 0xc1, 0x86, 0xc1, 0x84,
    0xe0, 0xd0, 0x50, 0xe, 0x38, 0x6b, 0xc8, 0x0,

    /* U+0031 "1" */
    0x1f, 0x5, 0x78, 0x33, 0x86, 0x70, 0xce, 0x19,
    0xc3, 0x38, 0x67, 0xc, 0xe1, 0xac, 0x1f, 0xe0,

    /* U+0032 "2" */
    0x1b, 0xc8, 0x5a, 0x38, 0x7d, 0xa1, 0xee, 0xf,
    0x68, 0x73, 0x87, 0xb4, 0x3b, 0x83, 0xac, 0x3a,
    0xc3, 0x9f, 0xf0,

    /* U+0033 "3" */
    0x1b, 0xc8, 0x34, 0x74, 0x3b, 0x83, 0xb8, 0x35,
    0x85, 0x78, 0x3c, 0xe8, 0x73, 0x87, 0x3b, 0xa3,
    0xc3, 0x7a, 0x0,

    /* U+0034 "4" */
    0xd, 0x61, 0xcf, 0x83, 0xbb, 0xd, 0x66, 0x1b,
    0x6, 0x15, 0x1, 0x81, 0xc2, 0xc1, 0x7f, 0x90,
    0xce, 0x1f, 0x61, 0xf6, 0x0,

    /* U+0035 "5" */
    0x1f, 0xd0, 0x28, 0x1e, 0xa0, 0x7a, 0x43, 0xdf,
    0xa0, 0x94, 0xe, 0xf, 0x38, 0x79, 0xc3, 0xd6,
    0x3a, 0x3a, 0x6, 0xf2, 0x0,

    /* U+0036 "6" */
    0xb, 0xe4, 0x2d, 0x18, 0x14, 0xf, 0x61, 0xf6,
    0xfa, 0xb, 0xc0, 0xa0, 0x30, 0xd8, 0x30, 0xd8,
    0x34, 0x2c, 0xe, 0x9c, 0x13, 0xe8, 0x0,

    /* U+0037 "7" */
    0x7f, 0xc1, 0xea, 0x7, 0xb0, 0xf5, 0x3, 0xd8,
    0x79, 0xc3, 0xd4, 0xf, 0x68, 0x7b, 0x43, 0xd8,
    0x7d, 0x86,

    /* U+0038 "8" */
    0x5, 0xe8, 0x2b, 0x6, 0x83, 0x40, 0xc0, 0xa0,
    0x18, 0x2e, 0x30, 0xdf, 0x41, 0x68, 0xf0, 0x30,
    0x9c, 0x70, 0xd8, 0x38, 0x14, 0xa, 0xf4, 0x0,

    /* U+0039 "9" */
    0x5, 0xe0, 0xdc, 0x38, 0x58, 0x54, 0x1c, 0x27,
    0x1c, 0x27, 0x7, 0xf, 0x82, 0xf4, 0xe1, 0xe6,
    0xf, 0x68, 0x24, 0xb0, 0x9f, 0x41, 0x0,

    /* U+003A ":" */
    0xac, 0x1f, 0xab, 0x0,

    /* U+003B ";" */
    0x28, 0xa, 0x7, 0xff, 0x1a, 0x80, 0xb0, 0xb0,
    0x48, 0x10, 0x0,

    /* U+003C "<" */
    0xf, 0x21, 0xcf, 0x82, 0xb8, 0x27, 0x43, 0xd7,
    0x21, 0xe7, 0xd0, 0x7d, 0x0,

    /* U+003D "=" */
    0x7f, 0xc1, 0xff, 0xc5, 0x7f, 0xc0,

    /* U+003E ">" */
    0xf, 0xcf, 0x90, 0xf3, 0x70, 0x7d, 0x61, 0x9b,
    0x41, 0x72, 0x13, 0x7, 0x80,

    /* U+003F "?" */
    0x1f, 0x40, 0xd3, 0x83, 0x38, 0x6a, 0x4, 0xe1,
    0xb4, 0x27, 0xc, 0xa0, 0xff, 0x58, 0x6b, 0x0,

    /* U+0040 "@" */
    0xc, 0xdf, 0x41, 0xeb, 0x42, 0xb0, 0xd4, 0xf,
    0x30, 0x58, 0x1a, 0x81, 0x83, 0x47, 0x1c, 0x12,
    0x60, 0xd0, 0x60, 0x51, 0x83, 0x3, 0x2, 0x4c,
    0x18, 0x18, 0x18, 0x30, 0x60, 0xe1, 0x81, 0xa3,
    0xc5, 0xa1, 0xb0, 0xff, 0xe0, 0x3a, 0x12, 0x1f,
    0xaf, 0x90, 0xc0,

    /* U+0041 "A" */
    0xa, 0xc3, 0xef, 0x21, 0xce, 0xe1, 0xd4, 0x30,
    0xed, 0x34, 0x36, 0xa, 0x5, 0x60, 0x70, 0xbf,
    0xc8, 0x34, 0x2e, 0x1c, 0x33, 0x9c, 0x1d, 0xa0,

    /* U+0042 "B" */
    0xbf, 0x40, 0xa0, 0x1e, 0x28, 0x13, 0x94, 0x9,
    0xca, 0x5, 0xa5, 0xfc, 0xa, 0x5, 0x65, 0x3,
    0x6d, 0x3, 0x6d, 0x2, 0xb2, 0xfd, 0x0,

    /* U+0043 "C" */
    0xa, 0xf4, 0x1b, 0xc8, 0xe0, 0x70, 0xfb, 0x43,
    0xed, 0xf, 0xb0, 0xfd, 0xa1, 0xf6, 0x87, 0xce,
    0x1f, 0xbc, 0x8e, 0x1a, 0xf4, 0x80,

    /* U+0044 "D" */
    0xbe, 0x90, 0x50, 0xf, 0x14, 0x9, 0xca, 0x6,
    0xea, 0xd, 0x58, 0x35, 0xd0, 0x35, 0x60, 0xdd,
    0x41, 0x39, 0x40, 0x3c, 0x5f, 0x48, 0x0,

    /* U+0045 "E" */
    0xbf, 0x9a, 0x7, 0x50, 0x3a, 0x81, 0xd4, 0xe,
    0xbf, 0x45, 0x3, 0xa8, 0x1d, 0x40, 0xea, 0x7,
    0x5f, 0xc8,

    /* U+0046 "F" */
    0xbf, 0x9a, 0x7, 0x50, 0x3a, 0x81, 0xd4, 0xe,
    0xbf, 0x45, 0x3, 0xa8, 0x1d, 0x40, 0xea, 0x7,
    0x50, 0x38,

    /* U+0047 "G" */
    0x9, 0xf9, 0xb, 0xc8, 0xe0, 0x70, 0xfb, 0x43,
    0xed, 0xf, 0xb0, 0xaf, 0x46, 0x86, 0xa1, 0xa1,
    0xa8, 0x38, 0x6a, 0x3, 0xc8, 0xf0, 0x57, 0xc8,

    /* U+0048 "H" */
    0xa0, 0x6b, 0xa0, 0x6b, 0xa0, 0x6b, 0xa0, 0x6b,
    0xa0, 0x6b, 0xbf, 0xeb, 0xd, 0x74, 0xd, 0x74,
    0xd, 0x74, 0xd, 0x74, 0xd, 0x60,

    /* U+0049 "I" */
    0xaf, 0xfe, 0x50,

    /* U+004A "J" */
    0xe, 0xc3, 0xd8, 0x7b, 0xf, 0x61, 0xec, 0x3d,
    0x87, 0xb0, 0xf6, 0x1c, 0xe0, 0xd3, 0x80, 0xfa,
    0x0,

    /* U+004B "K" */
    0xa0, 0x4e, 0x50, 0x2d, 0x28, 0xe, 0x5, 0xb,
    0xa, 0x8e, 0x85, 0x7a, 0xc2, 0xb4, 0xe0, 0x58,
    0x1c, 0x14, 0xb, 0x8a, 0x4, 0xe5, 0x3, 0x50,

    /* U+004C "L" */
    0xa0, 0x75, 0x3, 0xa8, 0x1d, 0x40, 0xea, 0x7,
    0x50, 0x3a, 0x81, 0xd4, 0xe, 0xa0, 0x75, 0x3,
    0xaf, 0xe0,

    /* U+004D "M" */
    0xb0, 0xef, 0x5a, 0x1b, 0xd4, 0xc2, 0x6e, 0x98,
    0x5b, 0xd4, 0x83, 0x3a, 0x38, 0xc7, 0x43, 0x30,
    0x74, 0x29, 0x83, 0xa0, 0x38, 0x1d, 0x1, 0x85,
    0xd0, 0x3d, 0x80,

    /* U+004E "N" */
    0xb0, 0xd5, 0x70, 0x55, 0xb0, 0xab, 0xc0, 0xac,
    0x60, 0xac, 0x50, 0xac, 0xc, 0x6a, 0x5, 0xb5,
    0x5, 0xd6, 0x9, 0xea, 0xd, 0xc0,

    /* U+004F "O" */
    0xa, 0xf4, 0x1d, 0xe5, 0x5a, 0xb, 0xd, 0x60,
    0xd0, 0xed, 0x34, 0x3b, 0x4c, 0x3d, 0xc6, 0x87,
    0x69, 0xa1, 0xda, 0x38, 0x6b, 0xb, 0xca, 0xb4,
    0x35, 0xe8, 0x20,

    /* U+0050 "P" */
    0xbf, 0x40, 0xa0, 0x1e, 0x28, 0x13, 0x94, 0xd,
    0x94, 0x9, 0xca, 0x5, 0xc5, 0xfa, 0x5, 0x3,
    0xd4, 0xf, 0x50, 0x3d, 0x40, 0xf0,

    /* U+0051 "Q" */
    0xa, 0xf4, 0x1d, 0xe5, 0x5a, 0xb, 0xd, 0x60,
    0xd0, 0xed, 0x30, 0xf6, 0x98, 0x7b, 0x8d, 0xe,
    0xd3, 0x83, 0xb0, 0x38, 0x6b, 0xa, 0xe7, 0xc1,
    0xcd, 0xa1, 0xfb, 0x83, 0xfa, 0xf4, 0x1f, 0xe0,

    /* U+0052 "R" */
    0xbf, 0x40, 0xa0, 0x56, 0x50, 0x36, 0x50, 0x36,
    0x50, 0x2b, 0x2f, 0xd0, 0x28, 0x38, 0x54, 0x5,
    0x1, 0x40, 0xb0, 0x50, 0x2a, 0x14, 0xd, 0x80,

    /* U+0053 "S" */
    0x3, 0xf2, 0x7, 0x47, 0x7, 0x7, 0xac, 0x3e,
    0xf2, 0x1e, 0xbc, 0x87, 0xad, 0xf, 0x70, 0x86,
    0xa1, 0xca, 0xb0, 0xaf, 0x90,

    /* U+0054 "T" */
    0xbf, 0xe0, 0xac, 0x3c, 0xe1, 0xe7, 0xf, 0x38,
    0x79, 0xc3, 0xce, 0x1e, 0x70, 0xf3, 0x87, 0x9c,
    0x3c, 0xe1, 0x0,

    /* U+0055 "U" */
    0xa0, 0x6a, 0xc1, 0xab, 0x6, 0xac, 0x1a, 0xb0,
    0x6a, 0xc1, 0xab, 0x6, 0xa3, 0x86, 0xa3, 0x86,
    0xd3, 0xca, 0xb0, 0xaf, 0x40,

    /* U+0056 "V" */
    0xe0, 0xce, 0x58, 0x6a, 0x3, 0xd, 0xa0, 0xd0,
    0xb0, 0xa8, 0xa, 0x4, 0xe0, 0xd0, 0xd8, 0x30,
    0xe9, 0x58, 0x73, 0x50, 0x7b, 0xc1, 0xf7, 0x83,
    0x0,

    /* U+0057 "W" */
    0xb0, 0xac, 0x27, 0x70, 0xbc, 0x15, 0xc, 0x2e,
    0x41, 0xa6, 0x83, 0xa0, 0x30, 0x68, 0xce, 0xc,
    0x14, 0x24, 0xc7, 0x3, 0x98, 0x36, 0x81, 0x66,
    0xa, 0x90, 0xba, 0x1, 0xb4, 0x2f, 0x21, 0x78,
    0x35, 0x86, 0xf0, 0x0,

    /* U+0058 "X" */
    0x70, 0xda, 0x70, 0x2c, 0x2c, 0x1a, 0x15, 0x1c,
    0x3b, 0xc1, 0xef, 0x7, 0x3e, 0x43, 0x6a, 0xc2,
    0x70, 0x68, 0x34, 0xe, 0x58, 0x6e,

    /* U+0059 "Y" */
    0x38, 0x36, 0x7, 0xa, 0xc2, 0xd0, 0x68, 0x4e,
    0x38, 0x76, 0xe8, 0x75, 0xe0, 0xfb, 0x43, 0xed,
    0xf, 0xb4, 0x3e, 0xd0, 0xfb, 0x42,

    /* U+005A "Z" */
    0x3f, 0xd0, 0x73, 0xa1, 0xd4, 0xe, 0x70, 0xf7,
    0x7, 0x38, 0x7b, 0x43, 0xa8, 0x1c, 0xe1, 0xee,
    0xe, 0x7f, 0xe0,

    /* U+005B "[" */
    0xbc, 0x48, 0x24, 0x12, 0x9, 0x4, 0x82, 0x41,
    0x20, 0x90, 0x48, 0x24, 0x12, 0x9, 0x3, 0xc0,

    /* U+005C "\\" */
    0x90, 0xcc, 0x1d, 0x87, 0x61, 0xca, 0xe, 0xc3,
    0xb0, 0xe9, 0xc, 0xc1, 0xd8, 0x74, 0x86, 0x60,
    0xec, 0x3b, 0x0,

    /* U+005D "]" */
    0x7c, 0x82, 0x41, 0x20, 0x90, 0x48, 0x24, 0x12,
    0x9, 0x4, 0x82, 0x41, 0x20, 0x90, 0x4a, 0xb0,

    /* U+005E "^" */
    0xb, 0x83, 0x3e, 0xd, 0x32, 0x16, 0xc, 0xc,
    0xc, 0x18, 0x4c,

    /* U+005F "_" */
    0xbf, 0xd0,

    /* U+0060 "`" */
    0xd, 0x40, 0xb8, 0x28,

    /* U+0061 "a" */
    0x5, 0xe8, 0x12, 0xd, 0xe, 0xa0, 0x1b, 0xe2,
    0xd2, 0xcc, 0x2b, 0x34, 0x7c, 0x3e, 0x9c,

    /* U+0062 "b" */
    0xa0, 0x75, 0x3, 0xa8, 0x1d, 0x57, 0x92, 0xd1,
    0xda, 0x5, 0x58, 0x27, 0xa0, 0x4f, 0x40, 0xaa,
    0xd2, 0xc9, 0xbc, 0x80,

    /* U+0063 "c" */
    0x3, 0xe8, 0xe, 0x88, 0x34, 0x3b, 0xf, 0x61,
    0xed, 0xe, 0xb4, 0x50, 0x1f, 0x40,

    /* U+0064 "d" */
    0xf, 0x68, 0x7b, 0x43, 0xda, 0x7, 0xd6, 0x96,
    0x96, 0x9a, 0x16, 0x98, 0x6d, 0x30, 0xda, 0x68,
    0x5a, 0x5a, 0x5a, 0xb, 0xcc, 0x80,

    /* U+0065 "e" */
    0x3, 0xe8, 0x27, 0x5, 0x1, 0x86, 0xc1, 0xfe,
    0x6, 0x1f, 0x68, 0x79, 0xd1, 0x41, 0x3f, 0x20,

    /* U+0066 "f" */
    0x5, 0xc3, 0x84, 0xe0, 0xbe, 0x4b, 0x9, 0xc2,
    0x70, 0x9c, 0x27, 0x9, 0xc2, 0x70, 0x0,

    /* U+0067 "g" */
    0x5, 0xfa, 0x28, 0xd, 0x6, 0x82, 0x80, 0xa0,
    0x34, 0x2f, 0x90, 0xa4, 0x3d, 0xc1, 0xe7, 0xf8,
    0x18, 0x6e, 0x30, 0x9d, 0x1f, 0xa4,

    /* U+0068 "h" */
    0xa0, 0x75, 0x3, 0xa8, 0x1d, 0x47, 0xc9, 0x71,
    0x65, 0x2, 0xda, 0x5, 0xb4, 0xb, 0x68, 0x16,
    0xd0, 0x2d, 0xa0, 0x5a,

    /* U+0069 "i" */
    0xa2, 0x81, 0x5f, 0xfc, 0x40,

    /* U+006A "j" */
    0x5, 0x0, 0xa0, 0xf5, 0x1, 0x40, 0x50, 0x14,
    0x5, 0x1, 0x40, 0x50, 0x14, 0x5, 0x1, 0xab,
    0x80,

    /* U+006B "k" */
    0xa0, 0x75, 0x3, 0xa8, 0x1d, 0x40, 0x59, 0x41,
    0xc1, 0x43, 0x41, 0x4f, 0x5, 0x76, 0x82, 0xc1,
    0x82, 0x80, 0xa1, 0x40, 0xb4,

    /* U+006C "l" */
    0xa1, 0x42, 0x85, 0xa, 0x14, 0x28, 0x50, 0xa1,
    0x41, 0xd0,

    /* U+006D "m" */
    0x95, 0xe4, 0xb8, 0xb8, 0xbc, 0x9d, 0x41, 0x61,
    0x56, 0xb, 0xa, 0xe8, 0x16, 0x13, 0xd0, 0x2c,
    0x27, 0xa0, 0x58, 0x4f, 0x40, 0xb0, 0x9c,

    /* U+006E "n" */
    0x95, 0xe4, 0xb8, 0xb2, 0x81, 0x6d, 0x2, 0xda,
    0x5, 0xb4, 0xb, 0x68, 0x16, 0xd0, 0x2d,

    /* U+006F "o" */
    0x3, 0xe8, 0x27, 0x4b, 0x6, 0x85, 0xa6, 0x1a,
    0x86, 0x1a, 0x86, 0x85, 0xa3, 0xa5, 0x84, 0xfa,
    0x0,

    /* U+0070 "p" */
    0x9b, 0xc9, 0x68, 0xed, 0x2, 0xac, 0x13, 0xd0,
    0x27, 0xa0, 0x55, 0x69, 0x65, 0x5e, 0x4a, 0x7,
    0x50, 0x3a, 0x81, 0xc0,

    /* U+0071 "q" */
    0x3, 0xeb, 0x4b, 0x3, 0xa6, 0x85, 0xa6, 0x1b,
    0x4c, 0x36, 0x9a, 0x16, 0x96, 0x96, 0x82, 0xf3,
    0xa1, 0xed, 0xf, 0x68, 0x7b, 0x40,

    /* U+0072 "r" */
    0x95, 0xb7, 0x2, 0xc2, 0xa0, 0x54, 0xa, 0x81,
    0x50, 0x2a, 0x4,

    /* U+0073 "s" */
    0x1f, 0x90, 0x68, 0xa0, 0x68, 0x73, 0xc1, 0xeb,
    0x83, 0x9c, 0x10, 0x2c, 0x17, 0xc0,

    /* U+0074 "t" */
    0x1c, 0x33, 0x85, 0x7e, 0x5, 0x86, 0x70, 0xce,
    0x19, 0xc3, 0x38, 0x67, 0x43, 0x5e, 0x0,

    /* U+0075 "u" */
    0xd0, 0xb3, 0x42, 0xcd, 0xb, 0x34, 0x2c, 0xd0,
    0xb3, 0x82, 0xcb, 0x1f, 0x2, 0xe3, 0x0,

    /* U+0076 "v" */
    0xa0, 0x4e, 0x38, 0x54, 0x6, 0x83, 0x41, 0x41,
    0xc2, 0x72, 0x81, 0xb3, 0x43, 0x53, 0xf, 0x70,
    0x40,

    /* U+0077 "w" */
    0x70, 0xb4, 0xc, 0x60, 0x78, 0x12, 0x69, 0x38,
    0x30, 0x50, 0xcc, 0x18, 0x1c, 0xc9, 0x50, 0x5b,
    0xd, 0x10, 0xbc, 0x83, 0xc1, 0xac, 0x2f, 0x0,

    /* U+0078 "x" */
    0x70, 0xb4, 0xa1, 0x40, 0xb7, 0xc, 0xf0, 0x6b,
    0x82, 0x73, 0xb, 0x4b, 0x1c, 0x2d,

    /* U+0079 "y" */
    0xa0, 0x4e, 0xc, 0x2a, 0x3, 0x41, 0x84, 0xe3,
    0x86, 0xca, 0x6, 0x9c, 0x3d, 0xe0, 0xf7, 0x7,
    0xb0, 0xf5, 0x3, 0x3c, 0x1c,

    /* U+007A "z" */
    0x3f, 0x83, 0xb8, 0x33, 0x87, 0x68, 0x6a, 0x6,
    0x70, 0xed, 0xc, 0xff, 0x0,

    /* U+007B "{" */
    0x5, 0x85, 0x86, 0xc3, 0x61, 0xb0, 0x9c, 0xe,
    0x19, 0x83, 0x61, 0xb0, 0xd8, 0x4e, 0x1b, 0xd,
    0x60,

    /* U+007C "|" */
    0x99, 0x99, 0x99, 0x99, 0x99, 0x99, 0x99, 0x99,

    /* U+007D "}" */
    0x74, 0x36, 0x1b, 0xd, 0x86, 0xc3, 0x61, 0x9c,
    0x2c, 0x36, 0x1b, 0xd, 0x86, 0xc2, 0x70, 0x3a,
    0x0,

    /* U+007E "~" */
    0x2e, 0x44, 0x8, 0xdc, 0x0,

    /* U+3001 "、" */
    0xf, 0x68, 0x4e, 0x84, 0xe8, 0x48,

    /* U+3002 "。" */
    0x19, 0x18, 0x98, 0x29, 0x43, 0x17, 0x0,

    /* U+4E00 "一" */
    0xf, 0xfe, 0x1f, 0xff, 0xf0, 0x20, 0xff, 0xe1,
    0x0,

    /* U+4E09 "三" */
    0xf, 0xfe, 0x27, 0xff, 0x90, 0xff, 0xf0, 0xbf,
    0xf8, 0x3f, 0xfe, 0x1f, 0xff, 0xc0, 0xf, 0xfe,
    0x18,

    /* U+4E0A "上" */
    0xf, 0x61, 0xff, 0xc1, 0xc3, 0xff, 0x83, 0x87,
    0xff, 0x7, 0xf, 0xfe, 0xe, 0x1f, 0xfc, 0x1f,
    0xf2, 0x1f, 0x61, 0xff, 0xc1, 0xc3, 0xff, 0x83,
    0x87, 0xff, 0x7, 0xf, 0xfe, 0xe, 0x1f, 0xbf,
    0xff, 0x80, 0x87, 0xff, 0x8,

    /* U+4E0B "下" */
    0x3f, 0xff, 0x80, 0x1f, 0x68, 0x7f, 0xf0, 0x34,
    0x3f, 0xf8, 0x1c, 0x1f, 0xfc, 0xf, 0x90, 0xff,
    0x69, 0xe4, 0x3f, 0x68, 0x1c, 0x3f, 0x68, 0x7f,
    0xf0, 0x34, 0x3f, 0xf8, 0x1a, 0x1f, 0xfc, 0xd,
    0xf, 0xfe, 0x6, 0x87, 0x80,

    /* U+4E0D "不" */
    0x3f, 0xff, 0x80, 0x1f, 0xb4, 0x3f, 0xea, 0x7,
    0xfd, 0x72, 0x1f, 0xcf, 0x56, 0x1f, 0x59, 0x41,
    0xd0, 0xde, 0x5, 0x2, 0xe0, 0x68, 0x54, 0xd,
    0x87, 0xd4, 0xf, 0xfe, 0x5, 0x3, 0xff, 0x81,
    0x40, 0xff, 0xe0, 0x50, 0x3c,

    /* U+4E0E "与" */
    0xc, 0x87, 0xfc, 0xc1, 0xff, 0x5f, 0xf9, 0xb,
    0x43, 0xfe, 0xc3, 0xff, 0x81, 0x87, 0xfc, 0xff,
    0xf4, 0x1f, 0xf4, 0x87, 0xfd, 0xa7, 0xfe, 0x8c,
    0x3f, 0xf8, 0x18, 0x7f, 0xd4, 0xf, 0xdf, 0x83,
    0xff, 0x86,

    /* U+4E13 "专" */
    0xf, 0x41, 0xff, 0x30, 0x7e, 0xff, 0xf0, 0x7b,
    0xf, 0xd5, 0x7a, 0xbe, 0x16, 0xe5, 0xf8, 0x36,
    0x1f, 0xf3, 0xff, 0x41, 0xfe, 0xb0, 0xff, 0x58,
    0x7d, 0xea, 0x61, 0xfe, 0xbc, 0x87, 0xfc, 0xe8,
    0x7f, 0xf0, 0xc0,

    /* U+4E24 "两" */
    0x3f, 0xff, 0x80, 0x1c, 0xc0, 0xd0, 0xfc, 0xc0,
    0x90, 0xeb, 0xff, 0xd0, 0x24, 0x60, 0x60, 0x60,
    0x49, 0x40, 0x60, 0x60, 0x49, 0xe4, 0xf0, 0xc0,
    0x93, 0x3a, 0x33, 0x2, 0x64, 0x70, 0x54, 0xa,
    0x80, 0xa0, 0x98, 0x12, 0x1f, 0xa8, 0x9, 0xf,
    0x7c, 0x80,

    /* U+4E2A "个" */
    0xf, 0x28, 0x3f, 0xf8, 0x1c, 0x1f, 0xf6, 0xd0,
    0x3f, 0x3a, 0xb, 0xf, 0x5a, 0x40, 0xb4, 0xf,
    0x5, 0xa0, 0x7c, 0x4, 0x36, 0x86, 0x43, 0xed,
    0xf, 0xfe, 0x6, 0x87, 0xff, 0x3, 0x43, 0xff,
    0x81, 0xa1, 0xff, 0xc0, 0xd0, 0xff, 0xe0, 0x68,
    0x78,

    /* U+4E2D "中" */
    0xe, 0xc3, 0xfe, 0xc3, 0xfe, 0xc3, 0xdf, 0xff,
    0x18, 0x6c, 0x36, 0x61, 0xb0, 0xd9, 0x86, 0xc3,
    0x66, 0xbb, 0x5d, 0x9e, 0xab, 0xd5, 0x64, 0x1b,
    0xc, 0x87, 0xb0, 0xff, 0xb0, 0xff, 0xb0, 0xf0,

    /* U+4E3E "举" */
    0xf, 0x41, 0x21, 0xce, 0xd, 0x6, 0x1e, 0x91,
    0x44, 0x86, 0xff, 0xfe, 0x0, 0x67, 0xd, 0x21,
    0xec, 0x14, 0x6, 0x84, 0xe8, 0x28, 0x7, 0x86,
    0x2f, 0xf4, 0x48, 0x7a, 0x81, 0xf5, 0xff, 0xe8,
    0x3e, 0xa0, 0x7f, 0xf0, 0x28, 0x1f, 0xfc, 0xa,
    0x7, 0x80,

    /* U+4E48 "么" */
    0xf, 0x21, 0xff, 0xc0, 0xa0, 0x7f, 0xce, 0x1f,
    0xfc, 0xc, 0x34, 0x1f, 0x68, 0x54, 0xe, 0x74,
    0x2b, 0xf, 0x41, 0x9c, 0x3f, 0xe7, 0x2, 0x1f,
    0xda, 0xa, 0x7, 0x9d, 0xd, 0xa1, 0x9d, 0x9,
    0x56, 0x13, 0xfe, 0xae, 0x9, 0xf, 0xe8,

    /* U+4E5F "也" */
    0xf, 0xb0, 0xfe, 0x82, 0xc3, 0xfb, 0xb, 0x9,
    0xe, 0xc2, 0xdb, 0xc1, 0xdb, 0x7a, 0x4c, 0x26,
    0xf2, 0x61, 0x60, 0x67, 0xb, 0xb, 0xe, 0xc2,
    0xc2, 0xc3, 0xb0, 0xb3, 0xc8, 0x76, 0x16, 0x19,
    0xd, 0x87, 0xec, 0x36, 0x1f, 0xb0, 0xcf, 0xfe,
    0x40,

    /* U+4E60 "习" */
    0x7f, 0xfc, 0x87, 0xfa, 0x40, 0xa0, 0xf4, 0x85,
    0xc1, 0xd2, 0x1a, 0xc3, 0x48, 0x74, 0x85, 0x21,
    0xf3, 0x1a, 0x19, 0xbc, 0x9a, 0x37, 0xa0, 0xd8,
    0xf0, 0x7d, 0x87, 0xf9, 0xc3, 0xf7, 0xc8, 0x7f,
    0xf0, 0x40,

    /* U+4E86 "了" */
    0x7f, 0xfc, 0x87, 0xf7, 0x7, 0xf7, 0x7, 0xeb,
    0x43, 0xf3, 0x87, 0xf9, 0xc3, 0xfc, 0xe1, 0xfe,
    0x70, 0xff, 0x38, 0x7f, 0x9c, 0x3f, 0xce, 0x1f,
    0xbe, 0x43, 0x80,

    /* U+4E8B "事" */
    0xf, 0x30, 0x7d, 0x7f, 0xfc, 0x1f, 0x50, 0x3f,
    0x5d, 0x3d, 0x4f, 0x6, 0x90, 0x30, 0x58, 0x66,
    0xaf, 0x56, 0xc, 0xba, 0x8b, 0x83, 0x2e, 0xa2,
    0xd8, 0x5f, 0xff, 0xc0, 0x43, 0xcc, 0x16, 0x1b,
    0xff, 0xc1, 0xfa, 0x81, 0x41, 0xeb, 0xc8, 0x78,

    /* U+4E92 "互" */
    0x2f, 0xff, 0x83, 0xa4, 0x3f, 0xf8, 0x18, 0x7f,
    0xf0, 0x7f, 0xe0, 0xf3, 0x86, 0x70, 0xf3, 0x6,
    0x60, 0xf4, 0x86, 0x60, 0xf7, 0xfc, 0x87, 0xff,
    0x3, 0x43, 0xff, 0x81, 0x87, 0xff, 0x7, 0x43,
    0x7f, 0xff, 0x1,

    /* U+4E94 "五" */
    0xf, 0xfe, 0x1b, 0xff, 0xe0, 0xf9, 0x83, 0xff,
    0x81, 0x40, 0xff, 0xe0, 0x48, 0x7f, 0x5f, 0xf8,
    0x3f, 0x61, 0x38, 0x7e, 0xc2, 0x60, 0xf9, 0x82,
    0xa0, 0x7d, 0x21, 0x48, 0x6f, 0xff, 0xe0, 0x7,
    0xff, 0xc,

    /* U+4EBA "人" */
    0xf, 0x68, 0x7f, 0xf0, 0x34, 0x3f, 0xf8, 0x1a,
    0x1f, 0xfc, 0xe, 0xf, 0xf9, 0xf0, 0x7f, 0xcd,
    0x87, 0xfd, 0xb2, 0x1f, 0xec, 0x18, 0x7f, 0x70,
    0x28, 0x1f, 0x58, 0x6d, 0xe, 0x70, 0xe7, 0x42,
    0xb0, 0xf9, 0xe0, 0x41, 0xfe, 0x80,

    /* U+4EC0 "什" */
    0xf, 0xfe, 0x36, 0x1b, 0xf, 0x98, 0x36, 0x1f,
    0x68, 0x6c, 0x3c, 0xe1, 0xd8, 0x7b, 0xc1, 0xd8,
    0x77, 0x67, 0xfe, 0x88, 0xc3, 0xb0, 0xfb, 0xe,
    0xc3, 0xec, 0x3b, 0xf, 0xb0, 0xec, 0x3e, 0xc3,
    0xb0, 0xfb, 0xe, 0xc3, 0xec, 0x3b, 0xf, 0xfe,
    0x30,

    /* U+4ECB "介" */
    0xf, 0x30, 0x7f, 0xf0, 0x3c, 0x1f, 0xf6, 0x38,
    0x7e, 0x70, 0xda, 0x19, 0xf0, 0x7b, 0xc8, 0xe8,
    0x86, 0x47, 0x43, 0x61, 0xb0, 0xfd, 0x86, 0xc3,
    0xf6, 0x1b, 0xf, 0x98, 0x36, 0x1f, 0x68, 0x6c,
    0x3d, 0xc1, 0xd8, 0x74, 0x87, 0xb0, 0xc0,

    /* U+4ED4 "仔" */
    0xa, 0xf, 0xfe, 0xe, 0x7f, 0xd0, 0x54, 0xf,
    0x50, 0x36, 0x1e, 0xe0, 0xde, 0xe, 0xd0, 0xd7,
    0x83, 0xb0, 0xfb, 0x3f, 0xf8, 0x2c, 0x3b, 0x43,
    0xd8, 0x76, 0x1f, 0x61, 0xd8, 0x7d, 0x87, 0x61,
    0xf6, 0x1d, 0x87, 0xd8, 0x5e, 0x83, 0x80,

    /* U+4ED8 "付" */
    0xf, 0xfe, 0x36, 0x1e, 0xc3, 0x9c, 0x3d, 0x87,
    0x68, 0x7b, 0xc, 0xe7, 0xfe, 0x87, 0xc1, 0xe7,
    0xb, 0xb0, 0xfb, 0xa, 0x30, 0x68, 0x58, 0x76,
    0x16, 0x16, 0x1d, 0x85, 0x40, 0x61, 0xd8, 0x64,
    0x18, 0x76, 0x1f, 0x61, 0xd8, 0x7d, 0x87, 0x61,
    0xbe, 0x80,

    /* U+4EE4 "令" */
    0xf, 0x90, 0xff, 0xe0, 0x78, 0x3f, 0xee, 0x70,
    0xfc, 0xe8, 0x1d, 0xe, 0xb4, 0xc2, 0xf2, 0xe,
    0x9, 0xc2, 0x74, 0x3e, 0x43, 0xf5, 0xff, 0xa0,
    0xff, 0xac, 0x3f, 0x20, 0xb0, 0xfe, 0xe9, 0x87,
    0xfd, 0x68, 0x7f, 0xf0, 0x1d, 0xf, 0xfe, 0x30,

    /* U+4EE5 "以" */
    0xf, 0xfe, 0x12, 0x1f, 0x48, 0x58, 0x24, 0x2d,
    0xb, 0xb, 0xb, 0x42, 0xc2, 0x70, 0x61, 0xb0,
    0xc8, 0x30, 0xd8, 0x79, 0x83, 0x61, 0xe9, 0xd,
    0x84, 0x83, 0xe, 0xdb, 0x4b, 0x82, 0x7c, 0x81,
    0xce, 0x2, 0x82, 0xb0, 0xb4, 0x3b, 0x83, 0x38,
    0x7f, 0xf0, 0x80,

    /* U+4EF6 "件" */
    0xf, 0xfe, 0x2e, 0x85, 0x87, 0xec, 0x63, 0xf,
    0xa8, 0x49, 0x87, 0xd8, 0x3f, 0xe4, 0x1e, 0x1c,
    0x1a, 0x1a, 0xf1, 0x20, 0xc3, 0x93, 0xe, 0xc3,
    0xec, 0xff, 0xe0, 0xb0, 0xed, 0xf, 0x61, 0xd8,
    0x7d, 0x87, 0x61, 0xf6, 0x1d, 0x87, 0xd8, 0x76,
    0x1c,

    /* U+4EFF "仿" */
    0x9, 0xc, 0x87, 0xec, 0x36, 0x1f, 0x50, 0x34,
    0x87, 0xb3, 0xff, 0x81, 0x61, 0x30, 0x79, 0xf0,
    0x54, 0xf, 0x2b, 0xa, 0xfe, 0xd, 0x85, 0xa1,
    0x61, 0xb0, 0xb0, 0xd8, 0x6c, 0xe, 0x1b, 0xd,
    0x82, 0x42, 0x70, 0xd9, 0x61, 0xa8, 0x1b, 0x30,
    0xbe, 0xf, 0xfe, 0x28,

    /* U+4F17 "众" */
    0xf, 0x30, 0x7f, 0xf0, 0x3c, 0x1f, 0xf7, 0x30,
    0x7f, 0x70, 0x1c, 0x3d, 0x70, 0x67, 0x82, 0xe6,
    0xd, 0x16, 0x19, 0x83, 0x61, 0xf5, 0x2, 0x70,
    0xfb, 0xd0, 0x2c, 0x3e, 0xca, 0x1b, 0x7, 0x48,
    0x2a, 0x34, 0x27, 0x9, 0xc2, 0xd0, 0x61, 0xb0,
    0xe8, 0x3f, 0xf8, 0x60,

    /* U+4F38 "伸" */
    0xb, 0xd, 0x87, 0x9c, 0x36, 0x1e, 0xdb, 0xff,
    0xe, 0x68, 0x34, 0x19, 0xe3, 0xb, 0xb, 0xd6,
    0x7f, 0xf2, 0x66, 0x16, 0x16, 0xc, 0xc2, 0xc2,
    0xc1, 0x9f, 0xfc, 0xc, 0x82, 0xc2, 0x81, 0x87,
    0x61, 0xec, 0x3b, 0xf, 0x61, 0xd8, 0x60,

    /* U+4F4F "住" */
    0xd, 0x5, 0x7, 0xe7, 0xa, 0x81, 0xf6, 0x86,
    0x83, 0xce, 0x7f, 0xe4, 0x1e, 0xc, 0xc1, 0xdf,
    0x6, 0x60, 0xe9, 0xc3, 0x30, 0x79, 0xcb, 0xfe,
    0x9, 0xc3, 0x30, 0x79, 0xc3, 0x30, 0x79, 0xc3,
    0x30, 0x79, 0xc3, 0x38, 0x79, 0xdf, 0xfd, 0x0,

    /* U+4F5C "作" */
    0xc, 0x87, 0xff, 0x1, 0xc1, 0x87, 0xf6, 0x8e,
    0x1f, 0x9c, 0x1f, 0xf2, 0xf, 0xe, 0x61, 0xef,
    0x8c, 0x1a, 0x1d, 0xb8, 0x83, 0xf8, 0x27, 0xd,
    0x87, 0xce, 0x1b, 0xf, 0x9c, 0x37, 0xf2, 0x7,
    0xd, 0x87, 0xce, 0x1b, 0xf, 0x9c, 0x36, 0x1c,

    /* U+4F60 "你" */
    0x9, 0x4, 0x1f, 0xec, 0x18, 0x7f, 0x50, 0x60,
    0xfe, 0xc1, 0xff, 0x81, 0xe1, 0xc1, 0x85, 0x97,
    0x8d, 0x6, 0x6, 0x13, 0xa, 0x31, 0x41, 0xb0,
    0x31, 0x8e, 0x1b, 0x4, 0x98, 0x34, 0x2c, 0x70,
    0x60, 0xa0, 0x59, 0x20, 0xc2, 0xc2, 0xc3, 0xb0,
    0xfb, 0x9, 0xf0, 0x7f, 0xf1, 0xc0,

    /* U+4F73 "佳" */
    0xa, 0x42, 0xc3, 0xf6, 0x1b, 0xf, 0xa8, 0x7f,
    0xc8, 0x58, 0x76, 0x1e, 0xb0, 0xec, 0x39, 0xf1,
    0x7f, 0xe1, 0x58, 0x7f, 0xf0, 0x70, 0xec, 0x3e,
    0xc1, 0xff, 0x41, 0x61, 0xd8, 0x7d, 0x87, 0x61,
    0xf6, 0x1d, 0xa1, 0xec, 0xff, 0xe0,

    /* U+4F8B "例" */
    0xa, 0xf, 0xd8, 0x29, 0xfc, 0x16, 0xc, 0xc,
    0x6, 0x31, 0xc1, 0xa0, 0x63, 0x3c, 0xf, 0xa6,
    0x37, 0xc3, 0xc, 0xc6, 0xc, 0xd2, 0x54, 0x60,
    0xdd, 0x31, 0x8c, 0x18, 0x1f, 0xc, 0x60, 0xc2,
    0x91, 0x46, 0xc, 0xe, 0x1d, 0x83, 0x6, 0x87,
    0x60, 0xc9, 0xd, 0xe8, 0x3f, 0xf8, 0x20,

    /* U+4FDD "保" */
    0x9, 0xf, 0xfe, 0xe, 0x7f, 0xc8, 0x4c, 0x61,
    0xd2, 0x16, 0x98, 0x74, 0x83, 0xc0, 0xff, 0x92,
    0x98, 0x76, 0x86, 0x4c, 0x3b, 0xf, 0xb3, 0xff,
    0x82, 0xc3, 0x7c, 0x87, 0x61, 0x53, 0x70, 0xec,
    0x14, 0x31, 0xc3, 0x6f, 0x3, 0x3, 0x85, 0x87,
    0x61, 0xc0,

    /* U+5019 "候" */
    0x9, 0xf, 0xfe, 0xe, 0xb, 0xf8, 0x34, 0x87,
    0xd8, 0x6c, 0xda, 0xde, 0x81, 0x66, 0xd, 0xe,
    0x7c, 0x63, 0xaf, 0x1, 0xcc, 0xe7, 0x58, 0x2c,
    0xd8, 0x18, 0x7b, 0x36, 0xae, 0xa0, 0xb3, 0x9,
    0xd0, 0xec, 0x3b, 0xb0, 0xec, 0x27, 0x47, 0x42,
    0xc1, 0x40, 0xcc, 0x0,

    /* U+503E "倾" */
    0xa, 0xf, 0xfe, 0x4, 0xa0, 0x7f, 0x90, 0x66,
    0x19, 0x83, 0x39, 0x81, 0xbd, 0x40, 0x78, 0xf4,
    0xc0, 0x62, 0x99, 0x81, 0x98, 0x84, 0xcc, 0xc,
    0xc4, 0x16, 0x60, 0x66, 0x20, 0xb3, 0x15, 0x28,
    0x82, 0xcf, 0x2a, 0x89, 0x5, 0x90, 0x6d, 0xe,
    0xc3, 0xb4, 0xd0, 0xb0, 0x9d, 0xa, 0xf, 0xfe,
    0x18,

    /* U+505A "做" */
    0xf, 0xfe, 0x2e, 0x30, 0x24, 0x39, 0x86, 0x6,
    0x87, 0x68, 0xc0, 0xc3, 0xdb, 0xfa, 0xfc, 0x96,
    0x6, 0x28, 0x30, 0xf8, 0xc, 0x78, 0x51, 0x38,
    0x19, 0xb2, 0x42, 0xcf, 0x59, 0x38, 0x6c, 0xc1,
    0x8f, 0x6, 0xcc, 0x18, 0x34, 0x36, 0x60, 0xc7,
    0x83, 0x67, 0xe7, 0x34, 0x2c, 0x80, 0xc1, 0x48,
    0x7f, 0xf0, 0x80,

    /* U+505C "停" */
    0x9, 0xd, 0x7, 0xed, 0x6b, 0x96, 0x9, 0x97,
    0xf8, 0x2c, 0x17, 0x5b, 0xa, 0xc1, 0x21, 0xb0,
    0x3e, 0x5, 0xfe, 0x2, 0xb0, 0xff, 0xe0, 0xe7,
    0xff, 0x5, 0x98, 0x7d, 0x5, 0x81, 0xa7, 0xa8,
    0x1b, 0xe, 0xc3, 0xec, 0x3b, 0xf, 0xb0, 0xbe,
    0xf, 0xfe, 0x38,

    /* U+50CF "像" */
    0x9, 0x42, 0x83, 0xfb, 0x7, 0xe0, 0xf5, 0xd,
    0x6, 0x1e, 0xdf, 0xfc, 0x17, 0x87, 0x6, 0x8,
    0x17, 0x81, 0xff, 0x6, 0xc2, 0xb0, 0xfd, 0x96,
    0xac, 0xb0, 0xd8, 0x4d, 0x3c, 0x1d, 0x96, 0x9c,
    0xc1, 0xb0, 0x9d, 0x8d, 0xb, 0x2e, 0x18, 0x18,
    0x58, 0x83, 0xc1, 0xc0,

    /* U+5148 "先" */
    0x9, 0x5, 0x3, 0xfb, 0x5, 0x3, 0xf3, 0xff,
    0xc1, 0xb8, 0x14, 0xf, 0x9c, 0x2a, 0x7, 0xff,
    0x2, 0x81, 0xf7, 0xff, 0xf0, 0x3, 0xa8, 0x9,
    0xf, 0xd2, 0x9, 0xf, 0xd8, 0x52, 0x1f, 0x50,
    0x29, 0x4, 0x82, 0xc3, 0x48, 0x30, 0x70, 0x73,
    0xf8, 0x3f, 0xf8, 0x60,

    /* U+5149 "光" */
    0xf, 0x30, 0x7e, 0x90, 0x30, 0x58, 0x76, 0x6,
    0x3, 0x7, 0x68, 0xc0, 0xc3, 0xca, 0x18, 0x10,
    0x7f, 0x50, 0x3e, 0xff, 0xfe, 0x2, 0x19, 0x81,
    0x21, 0xfa, 0x80, 0x90, 0xfd, 0x85, 0x21, 0xf5,
    0x85, 0x20, 0x61, 0xb0, 0xd2, 0x9, 0x34, 0x39,
    0xfc, 0x1f, 0xfc, 0x30,

    /* U+514B "克" */
    0xf, 0x48, 0x7f, 0xf0, 0x28, 0x1f, 0x7f, 0xff,
    0x0, 0x3e, 0x90, 0xfc, 0xff, 0xe8, 0x33, 0x7,
    0xa8, 0x19, 0x83, 0xd4, 0xc, 0xff, 0xe8, 0x3c,
    0xe0, 0xc3, 0xfa, 0x80, 0xc3, 0xfb, 0xb, 0xa,
    0x40, 0xe8, 0x58, 0x52, 0x70, 0x75, 0xf8, 0x3f,
    0xf8, 0x60,

    /* U+5154 "兔" */
    0xd, 0xa1, 0xff, 0x3f, 0xc1, 0xfb, 0x9, 0xc3,
    0xed, 0xb, 0xf, 0xbf, 0xfe, 0x9, 0xc2, 0x90,
    0xb0, 0xd8, 0x58, 0x6c, 0x37, 0xff, 0x83, 0xea,
    0x6a, 0xf, 0xec, 0xcb, 0xf, 0xb4, 0xc1, 0x44,
    0x27, 0x41, 0x86, 0xc1, 0xc1, 0xaf, 0xd0, 0x7f,
    0xf0, 0xc0,

    /* U+5165 "入" */
    0xf, 0xfe, 0x35, 0x87, 0xff, 0x7, 0xc1, 0xff,
    0xc1, 0xd0, 0xff, 0xe0, 0x78, 0x3f, 0xf8, 0x1d,
    0x3, 0xfc, 0xc6, 0x1f, 0xed, 0x28, 0x1f, 0xac,
    0x2d, 0xf, 0x38, 0x67, 0xf, 0x68, 0x75, 0x84,
    0xf0, 0x7d, 0xe0, 0x68, 0x7f, 0x41, 0xff, 0xc3,

    /* U+5171 "共" */
    0xd, 0x86, 0xd0, 0xfb, 0xd, 0xa1, 0xf6, 0x1b,
    0x43, 0x5f, 0xff, 0x7, 0x68, 0x5a, 0x1f, 0x61,
    0xb4, 0x3e, 0xc3, 0x68, 0x7d, 0xa1, 0x68, 0x6f,
    0xff, 0xe0, 0x21, 0xff, 0xc6, 0xd0, 0xb8, 0x39,
    0xd0, 0xeb, 0xa, 0xd0, 0xfa, 0xc3, 0xff, 0x86,

    /* U+5185 "内" */
    0xe, 0x90, 0xff, 0x48, 0x7f, 0xb4, 0x3b, 0xff,
    0xe3, 0xd, 0x86, 0xcc, 0x36, 0x1b, 0x30, 0x9f,
    0x5, 0x98, 0x58, 0xe0, 0xcc, 0x1a, 0x7, 0x33,
    0x74, 0x33, 0x66, 0x1f, 0xd9, 0x87, 0xf6, 0x61,
    0xf7, 0xc0,

    /* U+518D "再" */
    0x2f, 0xff, 0x83, 0xe6, 0xf, 0xcf, 0xff, 0x6,
    0xa0, 0x1c, 0x2c, 0x34, 0x81, 0x82, 0xc3, 0x5f,
    0xfc, 0x1a, 0x40, 0xc1, 0x61, 0xa4, 0xc, 0x16,
    0x17, 0xff, 0xf0, 0x20, 0x48, 0x7d, 0x86, 0x90,
    0xfb, 0xd, 0x21, 0x9f, 0x40,

    /* U+5199 "写" */
    0xff, 0xfe, 0x8, 0x20, 0xfb, 0x81, 0x87, 0xd0,
    0x1f, 0xf8, 0x33, 0x7, 0xfa, 0x81, 0xfe, 0xaf,
    0xb8, 0x3f, 0xd2, 0x5f, 0xf1, 0xa1, 0xfe, 0xc3,
    0xfc, 0xe1, 0xf3, 0xf2, 0x1f, 0xfc, 0x20,

    /* U+51C6 "准" */
    0xf, 0x21, 0xfa, 0xd, 0x83, 0xe, 0xa0, 0x28,
    0x9, 0xe, 0xc1, 0xff, 0x82, 0x4f, 0x5, 0x87,
    0xd7, 0x90, 0x68, 0x7a, 0x3a, 0xba, 0x83, 0x26,
    0x16, 0x1e, 0x93, 0xfe, 0x82, 0xc1, 0x85, 0x87,
    0x50, 0x18, 0x58, 0x76, 0x17, 0xfe, 0x43, 0xb0,
    0xfc,

    /* U+51E0 "几" */
    0xd, 0xfe, 0xf, 0xd8, 0x6c, 0x3f, 0x61, 0xb0,
    0xfd, 0x86, 0xc3, 0xf6, 0x1b, 0xf, 0x9c, 0x36,
    0x1f, 0x30, 0x6c, 0x3e, 0xa0, 0x6c, 0x3e, 0xd0,
    0xd8, 0x48, 0x1c, 0x3b, 0x3, 0x3, 0x43, 0xb4,
    0x63, 0x43, 0xd7, 0xc1, 0xff, 0xc3,

    /* U+51FA "出" */
    0xf, 0x61, 0xe5, 0x5, 0x85, 0x2, 0x42, 0xc2,
    0xc1, 0x21, 0x61, 0x60, 0x90, 0xb0, 0xb0, 0x5f,
    0xfc, 0x1e, 0x70, 0xe6, 0xd, 0x84, 0xce, 0x1b,
    0x9, 0x9c, 0x36, 0x13, 0x38, 0x6c, 0x26, 0x7f,
    0xfd, 0x7, 0xf9, 0x80,

    /* U+51FB "击" */
    0xf, 0x30, 0x7f, 0xf0, 0x18, 0x3f, 0x7f, 0xf8,
    0x3f, 0x50, 0x3f, 0xf8, 0xc, 0x1f, 0xfc, 0xa,
    0x7, 0xdf, 0xff, 0xc0, 0x9, 0x9, 0x82, 0x43,
    0x61, 0x30, 0x58, 0x6c, 0x26, 0xb, 0xd, 0x84,
    0xc1, 0x61, 0xbf, 0xfc, 0x1f, 0xfc, 0x1c, 0x0,

    /* U+521A "刚" */
    0xf, 0xfb, 0xff, 0x6, 0xf0, 0x76, 0x40, 0xf2,
    0x89, 0xc8, 0x1e, 0x33, 0x32, 0x7, 0x8a, 0x8c,
    0x81, 0xe0, 0x69, 0x90, 0x3c, 0xd, 0x32, 0x7,
    0x86, 0xcc, 0x81, 0xe3, 0x27, 0x20, 0x7a, 0x81,
    0x61, 0xbc, 0x86, 0xc3, 0x78, 0x2b, 0xc3, 0xe8,
    0x3f, 0xf8, 0x0,

    /* U+522B "别" */
    0xf, 0xfe, 0x6, 0x7f, 0x83, 0xb3, 0xd, 0x83,
    0x6, 0x61, 0xb0, 0x60, 0xce, 0x55, 0x83, 0x6,
    0x2a, 0x58, 0x18, 0x30, 0xb0, 0xec, 0x1b, 0xfe,
    0x6, 0xc, 0x2c, 0x18, 0x30, 0x60, 0xa0, 0x30,
    0x40, 0xc1, 0x81, 0xc3, 0xb2, 0x80, 0xa0, 0x67,
    0x60, 0x78, 0x27, 0xc8, 0x7f, 0xf0, 0x40,

    /* U+5230 "到" */
    0xf, 0xfe, 0x6, 0x7f, 0xc4, 0xc, 0x2c, 0x3b,
    0x6, 0x9, 0x6, 0xc, 0x18, 0xed, 0x38, 0xc1,
    0x8c, 0xb1, 0x98, 0x30, 0xd8, 0x6c, 0x18, 0xb7,
    0x28, 0xc1, 0x8b, 0x72, 0x8c, 0x18, 0x6c, 0x36,
    0xc, 0x36, 0xa8, 0x36, 0x53, 0xd4, 0x43, 0x64,
    0x87, 0xde, 0x83, 0xff, 0x82,

    /* U+524D "前" */
    0xf, 0xfe, 0x2c, 0x87, 0x61, 0xf6, 0x1a, 0x81,
    0xbf, 0xff, 0x80, 0x87, 0xff, 0x35, 0x41, 0x75,
    0x63, 0x14, 0xb, 0xb, 0x18, 0xa0, 0x5f, 0xc3,
    0x14, 0xb, 0xb, 0x18, 0xa0, 0x5d, 0x58, 0xc5,
    0x2, 0xc0, 0xe2, 0x8a, 0x5, 0x85, 0x86, 0xa0,
    0x59, 0x70, 0x1f, 0x21, 0xff, 0xc3,

    /* U+529B "力" */
    0xe, 0xc3, 0xfe, 0xc3, 0xfe, 0xc3, 0xd7, 0xff,
    0xc1, 0x9c, 0x33, 0x86, 0x70, 0xec, 0x35, 0x3,
    0x38, 0x6d, 0xc, 0xc1, 0x38, 0x73, 0x5, 0xa1,
    0xd2, 0xe, 0xf, 0x69, 0xe0, 0xfb, 0x28, 0x1d,
    0xf4, 0x1f, 0xfc, 0x10,

    /* U+529F "功" */
    0xf, 0xd2, 0x1c, 0xbc, 0x9, 0xe, 0xa7, 0x40,
    0x48, 0x7d, 0x82, 0xff, 0x6, 0xc3, 0x68, 0x30,
    0xd8, 0x6c, 0x2c, 0x36, 0x1b, 0xb, 0xd, 0x86,
    0xc2, 0xc3, 0x76, 0x30, 0x58, 0x3d, 0x20, 0xd0,
    0xb0, 0x21, 0xa8, 0x13, 0x87, 0xac, 0x35, 0x3,
    0x9c, 0x2f, 0x83, 0xff, 0x88,

    /* U+52A0 "加" */
    0xb, 0xf, 0xfe, 0x6, 0x1f, 0xf3, 0x86, 0xfe,
    0x3f, 0xc6, 0x16, 0x6, 0x6, 0x61, 0x60, 0x60,
    0x66, 0x16, 0x6, 0x6, 0x61, 0x60, 0x90, 0x66,
    0x16, 0x9, 0x1c, 0xc2, 0xc1, 0x81, 0x8c, 0x2c,
    0x60, 0x31, 0x85, 0x9a, 0xa, 0x1f, 0xcc, 0x3e,
    0x6, 0x16, 0x1f, 0xfc, 0x10,

    /* U+52A8 "动" */
    0xf, 0xec, 0x3a, 0xfd, 0x3, 0xf, 0xfe, 0xe,
    0x1f, 0xf3, 0x75, 0x7, 0xea, 0x74, 0xc1, 0xfe,
    0x6, 0xc, 0x26, 0xe, 0xc1, 0x85, 0x82, 0x3,
    0x83, 0xb, 0x4, 0x8c, 0xc, 0xc, 0x34, 0x34,
    0x18, 0x3e, 0x9d, 0xc2, 0xc0, 0x87, 0x68, 0x18,
    0x3e, 0x62, 0xf2, 0x1f, 0xfc, 0x30,

    /* U+52A9 "助" */
    0xf, 0xec, 0x35, 0xf8, 0x2c, 0x34, 0x16, 0x16,
    0x1a, 0xb, 0x69, 0xd1, 0x2f, 0xca, 0xb6, 0xc8,
    0x2c, 0xc, 0xc, 0x82, 0xc1, 0x20, 0xcb, 0xf0,
    0x24, 0x72, 0xb, 0x6, 0x6, 0x20, 0xb5, 0x40,
    0x67, 0xf4, 0xe1, 0x33, 0x21, 0x70, 0x52, 0x1d,
    0x40, 0x7c, 0x1f, 0xfc, 0x20,

    /* U+52B1 "励" */
    0xf, 0xe8, 0x37, 0xfa, 0x20, 0xd8, 0x7d, 0x86,
    0xd7, 0x81, 0xa1, 0x77, 0xaa, 0xfe, 0x32, 0x43,
    0x60, 0xcc, 0xbe, 0x6, 0xc, 0xc9, 0x30, 0x60,
    0x8c, 0xc1, 0x8c, 0x31, 0x98, 0x32, 0x46, 0x33,
    0x6, 0x60, 0x66, 0x88, 0xcc, 0x9, 0x9c, 0xf3,
    0x8f, 0x83, 0xff, 0x84,

    /* U+52C7 "勇" */
    0xf, 0xfe, 0x13, 0xff, 0xc1, 0xea, 0x37, 0x7,
    0x2d, 0x4f, 0x4a, 0xb, 0x5b, 0x5d, 0x5, 0xd5,
    0xea, 0x70, 0x58, 0x50, 0x4c, 0x17, 0x57, 0xa9,
    0xc1, 0x21, 0x61, 0x90, 0x5f, 0xfe, 0xf, 0x68,
    0x6c, 0x33, 0xa1, 0x98, 0x1e, 0x83, 0x5e, 0x43,
    0xff, 0x84,

    /* U+5355 "单" */
    0xf, 0xf2, 0x1f, 0x61, 0xac, 0x3e, 0xa0, 0x5a,
    0x1d, 0xff, 0xe0, 0xda, 0x6, 0xb, 0xd, 0xff,
    0xe0, 0xda, 0x6, 0xb, 0xd, 0xff, 0xe0, 0xfc,
    0xc1, 0xff, 0xc0, 0x60, 0xfb, 0xff, 0xf8, 0x8,
    0x79, 0x83, 0xff, 0x80, 0xc1, 0xe0,

    /* U+5361 "卡" */
    0xf, 0x48, 0x7f, 0xf0, 0x24, 0x3f, 0xf8, 0x17,
    0xf0, 0x7e, 0x90, 0xff, 0xe0, 0x48, 0x7d, 0xff,
    0xfc, 0x4, 0x3d, 0xa1, 0xff, 0xc0, 0x90, 0xff,
    0xe0, 0x53, 0x90, 0xfe, 0x91, 0xf2, 0x1f, 0x48,
    0x48, 0x7e, 0x90, 0xff, 0xe0, 0x48, 0x78,

    /* U+5374 "却" */
    0xd, 0x87, 0xff, 0x3, 0xa, 0xfc, 0x3f, 0xc4,
    0x83, 0x9, 0xc2, 0x90, 0x61, 0xb0, 0xa4, 0x18,
    0x6c, 0x29, 0x6, 0x7f, 0x99, 0x6, 0x16, 0x85,
    0x20, 0xc2, 0xc9, 0x24, 0x18, 0x24, 0x19, 0x20,
    0xc7, 0xa7, 0x99, 0xb8, 0xa2, 0x5, 0x48, 0x7f,
    0xd2, 0x10,

    /* U+538B "压" */
    0x7, 0xff, 0xf0, 0x1, 0x87, 0xff, 0x7, 0xe,
    0xc3, 0xec, 0x3b, 0xf, 0xb0, 0xec, 0x3e, 0xcf,
    0xfe, 0x3, 0x87, 0x61, 0xe6, 0xe, 0xc9, 0x9,
    0x83, 0xb0, 0x68, 0x24, 0x3b, 0xf, 0x62, 0xf6,
    0xb8, 0x19, 0x5f, 0xf0, 0x7f, 0xf0, 0x80,

    /* U+53CA "及" */
    0x2f, 0xfc, 0x1f, 0xb0, 0x98, 0x3f, 0x61, 0x48,
    0x7e, 0xe0, 0x7e, 0x83, 0x3e, 0xe, 0x90, 0xcd,
    0x10, 0xd8, 0x74, 0x98, 0x54, 0xe, 0xc0, 0xe3,
    0x87, 0x50, 0x2b, 0xc1, 0xce, 0x1a, 0xf2, 0x1b,
    0x41, 0x70, 0xfa, 0x2, 0xa, 0x7, 0x30,

    /* U+53CB "友" */
    0xc, 0xe1, 0xff, 0xc0, 0x60, 0xff, 0xe0, 0x50,
    0x3f, 0xbf, 0xff, 0x80, 0x1d, 0x21, 0xff, 0xc0,
    0xff, 0x90, 0xf7, 0x82, 0x70, 0xf4, 0xe1, 0x30,
    0x7b, 0x1c, 0x18, 0x7a, 0x80, 0x7c, 0x87, 0x38,
    0x4f, 0x90, 0xec, 0xf, 0x81, 0x72, 0x19, 0x90,
    0xeb, 0x0,

    /* U+53CC "双" */
    0x3f, 0x9f, 0xe8, 0x3d, 0x92, 0x6, 0xf, 0x63,
    0x2, 0x41, 0x41, 0xc6, 0x6, 0x1b, 0x68, 0xc,
    0x18, 0x67, 0xc1, 0x4d, 0x3, 0xac, 0x26, 0xc3,
    0xde, 0x42, 0xe0, 0xe7, 0x70, 0x3e, 0xe, 0xd2,
    0x56, 0xf0, 0x5c, 0x15, 0xa0, 0xe0, 0x41, 0xa0,
    0xe8,

    /* U+53D1 "发" */
    0xf, 0xfe, 0x2a, 0x9, 0x2, 0x1e, 0xc1, 0xa0,
    0xd0, 0xd2, 0xc, 0x34, 0x1b, 0xff, 0xe0, 0x90,
    0x70, 0x7f, 0xf0, 0x34, 0x3f, 0xe7, 0xfd, 0x7,
    0xbc, 0x85, 0x87, 0xac, 0xc1, 0x40, 0xeb, 0x3,
    0xd8, 0x75, 0x86, 0xf2, 0x19, 0x82, 0x79, 0xf2,
    0x1c, 0xf0, 0x66, 0xc3, 0xff, 0x86,

    /* U+53D7 "受" */
    0xf, 0x2a, 0x9e, 0xa, 0xfa, 0xe5, 0x7, 0x98,
    0x1a, 0xa, 0x7, 0x60, 0x60, 0x61, 0xbf, 0xff,
    0x80, 0xc, 0x3f, 0xd8, 0x30, 0xff, 0x61, 0x3f,
    0xf8, 0x3c, 0xe1, 0xb4, 0x3e, 0xa0, 0x28, 0x1f,
    0xcf, 0xa0, 0xfc, 0xdd, 0x39, 0xd, 0xe9, 0xd,
    0x7c, 0x1f, 0xfc, 0x30,

    /* U+53E3 "口" */
    0xf, 0xfe, 0xf, 0xff, 0x81, 0x87, 0xec, 0x18,
    0x7e, 0xc1, 0x87, 0xec, 0x18, 0x7e, 0xc1, 0x87,
    0xec, 0x18, 0x7e, 0xc1, 0x87, 0xec, 0x1a, 0xfe,
    0xc1, 0xff, 0xe0, 0x61, 0xfb, 0x0,

    /* U+53E5 "句" */
    0x9, 0xc3, 0xfe, 0xa0, 0x7f, 0xdf, 0xfe, 0x5,
    0x3, 0xe7, 0x1c, 0x3f, 0x39, 0xbf, 0xd0, 0x1c,
    0x4c, 0x27, 0x3, 0x5, 0x86, 0xc0, 0xc1, 0x61,
    0xb0, 0x30, 0x5f, 0xe0, 0x50, 0x2d, 0xf, 0x48,
    0x7f, 0xd8, 0x7f, 0x7d, 0x7, 0xff, 0x8,

    /* U+53EA "只" */
    0x7, 0xff, 0x83, 0x61, 0xf3, 0x86, 0xc3, 0xf6,
    0x1b, 0xf, 0xd8, 0x6c, 0x3f, 0x61, 0xb4, 0x3c,
    0xe1, 0xbf, 0xfc, 0x1f, 0xfc, 0x89, 0x3, 0x7,
    0xd6, 0x1a, 0xc3, 0xac, 0x3c, 0xe1, 0x70, 0x7e,
    0x70, 0xff, 0xe1, 0x80,

    /* U+53EB "叫" */
    0xf, 0xf6, 0x5, 0x83, 0xd9, 0xd3, 0x8c, 0x2c,
    0xc2, 0x8c, 0x2c, 0xc2, 0x8c, 0x2c, 0xc2, 0x8c,
    0x2c, 0xc2, 0x8c, 0x2c, 0xc2, 0x8c, 0x2c, 0xd1,
    0x8c, 0xe, 0x7e, 0x9f, 0xac, 0xc3, 0x90, 0xb0,
    0xff, 0xb0, 0xff, 0xb0,

    /* U+53EE "叮" */
    0xac, 0xff, 0xd6, 0xac, 0x33, 0x85, 0x83, 0xe,
    0xc2, 0xc1, 0x87, 0x61, 0x60, 0xc3, 0xb0, 0xb0,
    0x61, 0xd8, 0x58, 0x30, 0xec, 0x2c, 0x18, 0x76,
    0x17, 0xe0, 0xec, 0x28, 0x3f, 0x61, 0xff, 0x38,
    0x7f, 0x7d, 0x4,

    /* U+53EF "可" */
    0x3f, 0xff, 0x80, 0x87, 0xfa, 0x81, 0xff, 0xc0,
    0xa0, 0x6b, 0xf8, 0x14, 0xd, 0xa1, 0x60, 0xa0,
    0x6c, 0x36, 0xa, 0x6, 0xc3, 0x60, 0xa0, 0x6d,
    0x3, 0x82, 0x81, 0xbf, 0xc0, 0xa0, 0x64, 0x3e,
    0xa0, 0x7f, 0xf0, 0x28, 0x1f, 0xcf, 0xc1, 0x0,

    /* U+53F3 "右" */
    0xf, 0x21, 0xff, 0xc0, 0xa0, 0x7f, 0xf0, 0x34,
    0x3f, 0x7f, 0xff, 0x0, 0x3a, 0x81, 0xff, 0xc0,
    0xc3, 0xff, 0x81, 0x61, 0xff, 0x3f, 0xfc, 0x15,
    0xb8, 0x7b, 0x3, 0x83, 0xf, 0x61, 0xec, 0x3d,
    0x87, 0xbf, 0xf0, 0x7b, 0xf, 0x60,

    /* U+5408 "合" */
    0xf, 0x90, 0xff, 0xe0, 0x58, 0x7f, 0xd5, 0x61,
    0xfd, 0xc0, 0xb4, 0x39, 0xe0, 0xcf, 0x5, 0xd3,
    0xfc, 0xd8, 0x7f, 0xf1, 0xab, 0xf0, 0x7b, 0xf,
    0x68, 0x76, 0x1e, 0xd0, 0xec, 0x3d, 0xa1, 0xdf,
    0xf9, 0xe, 0xc3, 0xda, 0x0,

    /* U+540C "同" */
    0xff, 0xfe, 0x8, 0x7f, 0xbc, 0x5f, 0xe0, 0x78,
    0x3f, 0xde, 0xf, 0xf7, 0x81, 0xfc, 0x83, 0xc0,
    0xc2, 0x90, 0x78, 0x18, 0x52, 0xf, 0x3, 0xf9,
    0x7, 0x81, 0x87, 0xde, 0x2, 0x1e, 0x7c, 0x1f,
    0x5e, 0x40,

    /* U+540D "名" */
    0xf, 0x21, 0xff, 0x70, 0x7f, 0xbf, 0xf0, 0x4e,
    0x87, 0x61, 0x31, 0x20, 0x74, 0x3e, 0xe9, 0x87,
    0xf5, 0xa1, 0xf3, 0x7f, 0xe0, 0x74, 0xc3, 0xd8,
    0x76, 0x1e, 0xc3, 0xb0, 0xf6, 0x1d, 0xff, 0x83,
    0xb0, 0xf6, 0x0,

    /* U+540E "后" */
    0xf, 0xca, 0xa0, 0x6b, 0xfa, 0x88, 0x76, 0x87,
    0xff, 0x3, 0xf, 0xfe, 0xf, 0xff, 0xc8, 0x30,
    0xff, 0xe0, 0xe1, 0xff, 0xc1, 0xcf, 0xfc, 0x1b,
    0x30, 0xf6, 0x13, 0x18, 0x7b, 0xa, 0x4c, 0x3d,
    0x85, 0x83, 0xff, 0x5, 0x3, 0x43, 0xb0, 0x0,

    /* U+5411 "向" */
    0xe, 0x43, 0xfc, 0xe1, 0xfe, 0xe0, 0xf7, 0xff,
    0xce, 0x1f, 0xdb, 0x87, 0xf6, 0xe0, 0xea, 0xe3,
    0x70, 0x61, 0xa3, 0x70, 0x61, 0xa3, 0x70, 0x7f,
    0x46, 0xe0, 0xc3, 0xdb, 0x81, 0xf, 0x6e, 0x1f,
    0x7c, 0x0,

    /* U+5417 "吗" */
    0xf, 0xfe, 0x37, 0xf8, 0x1f, 0x83, 0xd8, 0x30,
    0x63, 0x5, 0x83, 0x6, 0x28, 0x2c, 0x18, 0x32,
    0x40, 0xc0, 0xc1, 0x97, 0xf8, 0xc1, 0x87, 0xd9,
    0xd3, 0xf, 0xb3, 0x5d, 0xfc, 0x66, 0x1f, 0xec,
    0x3f, 0xea, 0x7, 0xf5, 0xe0, 0xff, 0xe1, 0x80,

    /* U+5427 "吧" */
    0xe, 0xff, 0x8f, 0xc6, 0xc, 0x19, 0x83, 0x30,
    0x60, 0xcc, 0x19, 0x83, 0x6, 0x60, 0xcc, 0x18,
    0x33, 0x6, 0x6a, 0xd5, 0x98, 0x33, 0x5e, 0xcf,
    0xc6, 0x1c, 0x98, 0x6c, 0x3e, 0xc3, 0x61, 0xd2,
    0x1d, 0xa1, 0xa4, 0x39, 0xff, 0x0,

    /* U+542C "听" */
    0xf, 0xf2, 0x1f, 0xcd, 0xe4, 0xfc, 0xe, 0x43,
    0x60, 0xc1, 0x87, 0xb0, 0x60, 0xc3, 0xd8, 0x30,
    0x7f, 0x9c, 0x18, 0x30, 0x68, 0x30, 0x63, 0x83,
    0x41, 0x83, 0x18, 0x1a, 0xf, 0xc5, 0x1, 0xa0,
    0xc3, 0x61, 0x68, 0x79, 0xc2, 0xd0, 0xf4, 0x85,
    0xa0,

    /* U+5438 "吸" */
    0xd, 0x7f, 0x40, 0xfc, 0xc, 0x12, 0xc, 0x18,
    0xc0, 0xc2, 0xc1, 0x8c, 0xc, 0x2c, 0x18, 0xe3,
    0xf1, 0x83, 0x2d, 0x3, 0x18, 0x33, 0xa0, 0x34,
    0xfc, 0x66, 0xac, 0x18, 0x4c, 0x3e, 0x41, 0x85,
    0x20, 0xf0, 0x79, 0xc1, 0x76, 0x1d, 0x83, 0x81,
    0x68, 0x7f, 0xf0, 0x40,

    /* U+544A "告" */
    0xa, 0x41, 0x87, 0xf6, 0x16, 0x1f, 0xaf, 0xfe,
    0x9, 0xc2, 0x70, 0xfa, 0x43, 0x61, 0xf7, 0xff,
    0xf0, 0x3, 0xff, 0xa6, 0xff, 0xe8, 0x33, 0x7,
    0xa8, 0x19, 0x83, 0xd4, 0xc, 0xf5, 0xee, 0xc,
    0xc1, 0xea, 0x0,

    /* U+5468 "周" */
    0x7, 0xff, 0x82, 0xc2, 0x50, 0x58, 0x59, 0xfe,
    0x30, 0xb0, 0x98, 0x2c, 0x2c, 0x2a, 0x5, 0x85,
    0x95, 0xe7, 0xb, 0xf, 0xd8, 0x59, 0x74, 0xf1,
    0x81, 0x89, 0xb, 0x30, 0x49, 0x74, 0xf1, 0x83,
    0x4, 0x87, 0x63, 0x7, 0xdf, 0x7, 0xff, 0x8,

    /* U+547C "呼" */
    0xf, 0xfe, 0x2a, 0xd4, 0xf4, 0x7c, 0x51, 0x58,
    0x6c, 0x81, 0x3, 0x6, 0x64, 0xc, 0x19, 0x43,
    0x20, 0x49, 0x98, 0x32, 0x9, 0x31, 0x6, 0x4f,
    0xfe, 0xbe, 0xe, 0xc3, 0x61, 0xf6, 0x1a, 0xf,
    0xb0, 0xff, 0xe0, 0x61, 0xfc, 0xfa, 0xf, 0xfe,
    0x28,

    /* U+548C "和" */
    0xf, 0xfe, 0x13, 0x4f, 0x21, 0xf4, 0xc8, 0x2f,
    0xe0, 0xa4, 0x14, 0xb, 0x3f, 0xd4, 0xb, 0xb,
    0x81, 0x40, 0xb0, 0x3e, 0x4a, 0x5, 0x83, 0xa6,
    0xd0, 0x2c, 0xa9, 0x2a, 0xb, 0x72, 0x41, 0x40,
    0xb4, 0x12, 0xb, 0xf8, 0x29, 0x5, 0x0, 0xe1,
    0x48, 0x14, 0x14,

    /* U+549A "咚" */
    0xf, 0x90, 0xff, 0xa8, 0x1d, 0xde, 0x1f, 0xe4,
    0xc1, 0xbe, 0x3, 0x83, 0x7, 0x81, 0xb8, 0x58,
    0x30, 0xad, 0xb, 0x6, 0xe, 0x78, 0x18, 0x3e,
    0x42, 0xb7, 0x6, 0x15, 0xa1, 0x7e, 0xe, 0x82,
    0xc3, 0x50, 0x3d, 0x7, 0x3e, 0x43, 0xfe, 0x6c,
    0x3f, 0xf8, 0x60,

    /* U+54C1 "品" */
    0x7, 0xfe, 0xd, 0x87, 0xb0, 0xd8, 0x7b, 0xd,
    0xaf, 0xb0, 0xd5, 0xf8, 0x3f, 0xf8, 0x5f, 0xc0,
    0xff, 0x5, 0x83, 0xb, 0xc1, 0x60, 0xc2, 0xf0,
    0x58, 0x30, 0xbf, 0xc0, 0xff, 0x5, 0x83, 0xb,

    /* U+54EA "哪" */
    0xf, 0xfe, 0x23, 0xf9, 0xf8, 0xf8, 0x11, 0xb1,
    0x99, 0x82, 0x36, 0x23, 0x37, 0xf3, 0x44, 0xcc,
    0x63, 0x68, 0xc, 0xc6, 0x36, 0x63, 0x31, 0x8d,
    0x8c, 0xdc, 0xf5, 0xb1, 0x9a, 0x88, 0x1b, 0x19,
    0x85, 0x83, 0x6e, 0xd, 0x23, 0x30, 0x7a, 0x3c,
    0xa8, 0x3f, 0xf8, 0x80,

    /* U+5634 "嘴" */
    0xf, 0x60, 0xc2, 0xa8, 0xcf, 0x3d, 0xd, 0xcc,
    0xc1, 0x85, 0x99, 0xde, 0x7a, 0x39, 0x8a, 0xc3,
    0xd9, 0x83, 0xab, 0x41, 0x9b, 0xea, 0x7a, 0x86,
    0x65, 0x1, 0x83, 0x37, 0x1f, 0xf8, 0xe8, 0x48,
    0x30, 0x64, 0x15, 0xff, 0x7, 0x61, 0x60, 0xc3,
    0x48, 0x59, 0x61, 0xff, 0xc2,

    /* U+56DE "回" */
    0xff, 0xfe, 0x8, 0x7f, 0xbc, 0x1f, 0xef, 0x3,
    0xfc, 0xf, 0x3, 0xd, 0x83, 0xc0, 0xc3, 0x60,
    0xf0, 0x30, 0xd8, 0x3c, 0xf, 0xf0, 0x3c, 0x1f,
    0xef, 0x7, 0xfb, 0xff, 0xf8, 0x48, 0x7e, 0x70,

    /* U+56F0 "困" */
    0xff, 0xfe, 0x8, 0x64, 0x3b, 0xc1, 0xb0, 0xef,
    0x15, 0x75, 0x8f, 0x5, 0x79, 0xb, 0xc0, 0x6e,
    0x81, 0x78, 0x19, 0x8e, 0xf, 0x38, 0x30, 0x39,
    0xe0, 0xd8, 0x77, 0x83, 0x41, 0xde, 0xaf, 0xf7,
    0x97, 0xfd, 0x80,

    /* U+56F4 "围" */
    0xff, 0xfe, 0x8, 0x65, 0x6, 0xf1, 0xff, 0x47,
    0x83, 0x48, 0x6f, 0xf, 0xf8, 0x1e, 0xd, 0x21,
    0xbc, 0x7f, 0xe3, 0xc1, 0xa4, 0x19, 0xe0, 0xd2,
    0xb8, 0xf0, 0x69, 0xd, 0xea, 0xfe, 0xf9, 0xf,
    0xce,

    /* U+56FE "图" */
    0xff, 0xfe, 0x8, 0x4a, 0xe, 0xf0, 0x1f, 0xe0,
    0x78, 0xb8, 0x14, 0x7, 0x84, 0x7d, 0x5, 0xe0,
    0x3e, 0xb8, 0x1e, 0x79, 0xa, 0xdf, 0x6, 0xb8,
    0x2f, 0x2, 0x50, 0x77, 0x82, 0x6f, 0x40, 0xf2,
    0x1e, 0x47, 0xea, 0xfd, 0xe0,

    /* U+5706 "圆" */
    0xff, 0xfe, 0x8, 0xd7, 0x81, 0xe1, 0x41, 0xb0,
    0x78, 0x7a, 0xd8, 0x3c, 0x1f, 0xef, 0x1f, 0xf2,
    0x78, 0xc0, 0x82, 0x4f, 0x18, 0x30, 0x49, 0xe2,
    0x1e, 0x58, 0xf2, 0xb8, 0x16, 0x9e, 0x50, 0x79,
    0x3f, 0xff, 0x82,

    /* U+5708 "圈" */
    0xff, 0xfe, 0x1, 0x81, 0x14, 0x20, 0xcc, 0x11,
    0xc, 0xc, 0xc6, 0xf5, 0x63, 0x31, 0x54, 0x5c,
    0x66, 0x34, 0x55, 0xa6, 0x65, 0xea, 0xe3, 0x35,
    0x10, 0x21, 0x59, 0x85, 0x12, 0x81, 0x98, 0x5a,
    0xd8, 0x33, 0x9, 0x70, 0x59, 0xea, 0xfe, 0xc0,

    /* U+5728 "在" */
    0xe, 0x90, 0xff, 0xe0, 0x61, 0xfd, 0xff, 0xfc,
    0x0, 0xed, 0xf, 0xfa, 0xc2, 0x50, 0x7d, 0x86,
    0x90, 0xf7, 0x83, 0x48, 0x77, 0xa2, 0xff, 0x40,
    0x98, 0x34, 0x87, 0x98, 0x34, 0x87, 0x98, 0x34,
    0x87, 0x98, 0x34, 0x87, 0x99, 0xff, 0xc0,

    /* U+5730 "地" */
    0x4, 0x87, 0x61, 0xe9, 0xe, 0xc3, 0xd2, 0xc,
    0x18, 0x7a, 0x41, 0x83, 0x6c, 0x7f, 0x18, 0xf9,
    0xc2, 0x91, 0xf5, 0x83, 0xa, 0x55, 0x83, 0x6,
    0x14, 0x83, 0x6, 0xc, 0x2b, 0xc6, 0xd, 0xe0,
    0x5c, 0xc, 0x10, 0x74, 0x1b, 0xe, 0x90, 0xf6,
    0x1d, 0x21, 0xeb, 0xfa, 0x0,

    /* U+573A "场" */
    0x4, 0x87, 0xff, 0x2, 0x4b, 0xfa, 0xd, 0x21,
    0xdc, 0x1d, 0x40, 0xdc, 0x19, 0xfc, 0x3a, 0x1f,
    0x48, 0xff, 0xc1, 0x48, 0x4c, 0x66, 0x14, 0x85,
    0x8c, 0x61, 0x48, 0x34, 0xc1, 0x85, 0x7a, 0x4a,
    0xe, 0x3c, 0x19, 0xc0, 0xc1, 0xf3, 0x85, 0x21,
    0xe7, 0x5, 0xe0, 0xff, 0xe2, 0x0,

    /* U+5757 "块" */
    0x4, 0x86, 0xc3, 0xe9, 0xd, 0x87, 0xd2, 0x5,
    0x6b, 0x6, 0xa0, 0xff, 0x82, 0xfc, 0x16, 0xc,
    0x34, 0x86, 0xc1, 0x86, 0x90, 0xd8, 0x30, 0xd2,
    0x7f, 0xe0, 0xaa, 0x3, 0xe0, 0xe7, 0xc8, 0x26,
    0x42, 0x64, 0x27, 0x6, 0x1f, 0x9c, 0x2b, 0xf,
    0x58, 0x75, 0x87, 0xff, 0xc,

    /* U+57FA "基" */
    0x9, 0x83, 0xb0, 0xf3, 0x86, 0x70, 0xcd, 0xea,
    0xde, 0xa0, 0x67, 0x5d, 0x61, 0xe7, 0x5e, 0xc3,
    0xcf, 0xfc, 0x1e, 0x60, 0xec, 0x37, 0xff, 0xf0,
    0x20, 0xa8, 0x4, 0x1a, 0x13, 0xd5, 0xea, 0xbc,
    0x9a, 0x13, 0x86, 0x50, 0x79, 0x83, 0xf7, 0xff,
    0xa0,

    /* U+5802 "堂" */
    0x2, 0x81, 0x20, 0x50, 0x76, 0x9, 0x6, 0x1a,
    0x9e, 0xbd, 0x7a, 0x80, 0xc3, 0xfd, 0x83, 0x2b,
    0xf1, 0x81, 0x34, 0x33, 0x88, 0x6c, 0x3d, 0x87,
    0xaf, 0xf8, 0x3f, 0xa4, 0x3f, 0x7f, 0xf8, 0x3f,
    0x48, 0x7f, 0xf0, 0x24, 0x3e, 0xff, 0xfe, 0x0,

    /* U+58F0 "声" */
    0xf, 0x48, 0x7d, 0xff, 0xfc, 0x0, 0xfa, 0x81,
    0xff, 0xc0, 0xa0, 0x7e, 0xff, 0xf2, 0x1f, 0xfc,
    0x5f, 0xff, 0x6, 0xc2, 0x90, 0xb0, 0xd8, 0x54,
    0xb, 0xd, 0xff, 0xe0, 0x9c, 0x3f, 0x41, 0x48,
    0x7f, 0xce, 0x1f, 0xfc, 0xe0,

    /* U+5907 "备" */
    0xf, 0xfe, 0x35, 0x3, 0xfe, 0x7f, 0xd0, 0x75,
    0xc1, 0x38, 0x77, 0x8a, 0xe, 0x87, 0xf7, 0xc1,
    0xf9, 0xb9, 0xbd, 0x20, 0xb9, 0xe, 0x6f, 0x5,
    0xff, 0xc1, 0xd8, 0x58, 0x58, 0x77, 0xff, 0x7,
    0x61, 0x61, 0x61, 0xda, 0xc, 0x2c, 0x3b, 0xff,
    0x82,

    /* U+590D "复" */
    0xf, 0xfe, 0x2e, 0x87, 0xfd, 0x75, 0xfc, 0xe,
    0x5f, 0xe0, 0x93, 0x43, 0x9c, 0x3b, 0xaf, 0x78,
    0x3b, 0x5f, 0xb0, 0xe7, 0x97, 0xc1, 0xd7, 0xfc,
    0x86, 0xed, 0xa, 0x81, 0xc8, 0x2a, 0xd0, 0xf2,
    0xaf, 0x5d, 0x14, 0x3d, 0x10, 0xe6, 0x88,

    /* U+5927 "大" */
    0xf, 0x50, 0x3f, 0xf8, 0x14, 0xf, 0xfe, 0x4,
    0x87, 0xff, 0x2, 0x43, 0xef, 0xff, 0xe0, 0x7,
    0xde, 0xf, 0xf9, 0xe4, 0x3f, 0xd2, 0xb0, 0xfe,
    0x70, 0x70, 0x7e, 0xd0, 0xb4, 0x3d, 0xc1, 0x9d,
    0xa, 0xe0, 0xf3, 0xc0, 0x83, 0xfd, 0x0,

    /* U+5929 "天" */
    0x2f, 0xff, 0x21, 0xf5, 0x3, 0xff, 0x81, 0x21,
    0xff, 0xc0, 0x90, 0xff, 0xe0, 0x50, 0x3e, 0xff,
    0xfe, 0x0, 0x7d, 0xe0, 0xff, 0xab, 0x7, 0xf3,
    0x83, 0x43, 0xe7, 0x40, 0xe8, 0x75, 0xa1, 0x9e,
    0xb, 0x83, 0xf5, 0x87, 0xff, 0xc,

    /* U+592A "太" */
    0xf, 0x50, 0x3f, 0xf8, 0x12, 0x1f, 0xfc, 0x9,
    0xf, 0xfe, 0x4, 0x87, 0xdf, 0xff, 0xc0, 0xf,
    0xbc, 0x1f, 0xf3, 0xd0, 0x3f, 0xd4, 0x30, 0xff,
    0x60, 0xa0, 0x7e, 0xf0, 0x58, 0x7d, 0x74, 0x3,
    0x86, 0x7c, 0xb, 0x3, 0xa0, 0xd0, 0xd0, 0x4e,
    0x87, 0xff, 0x8,

    /* U+5931 "失" */
    0x9, 0x43, 0x7, 0xf6, 0x8c, 0x1f, 0x9c, 0xc,
    0x1f, 0xaf, 0xfe, 0x40, 0xe1, 0x30, 0x7d, 0xa1,
    0x30, 0x7c, 0x86, 0xa0, 0x7d, 0xff, 0xfc, 0x4,
    0x3d, 0xe4, 0x3f, 0xd4, 0x30, 0xfe, 0xb0, 0x38,
    0x79, 0xf0, 0x67, 0x42, 0xf2, 0x1f, 0x79, 0xf,
    0xfe, 0x10,

    /* U+5934 "头" */
    0x9, 0xa, 0x43, 0xf7, 0x92, 0x43, 0xf9, 0xd9,
    0xf, 0x90, 0xd2, 0x1f, 0x5a, 0x9, 0xf, 0xce,
    0xd, 0xf, 0xfe, 0x6, 0x87, 0xbf, 0xff, 0x80,
    0x1f, 0x50, 0x3f, 0xf8, 0x1b, 0x7, 0xfb, 0x47,
    0x83, 0xd6, 0x86, 0xb0, 0xbd, 0x7, 0xce, 0x1f,
    0xfc, 0x30,

    /* U+597D "好" */
    0xf, 0xfe, 0x24, 0x87, 0xff, 0x2, 0x40, 0xff,
    0x41, 0x61, 0xfb, 0x47, 0xf8, 0x35, 0x2, 0x71,
    0x82, 0xa0, 0x66, 0x18, 0x29, 0xd, 0x24, 0xff,
    0xc9, 0xa6, 0x1b, 0x43, 0x3e, 0x83, 0x48, 0x7b,
    0xc1, 0xa4, 0x3a, 0xb0, 0x52, 0x1a, 0xc0, 0x85,
    0xa1, 0x30, 0x75, 0xe0, 0xff, 0xe3, 0x0,

    /* U+5982 "如" */
    0xf, 0xfe, 0x1b, 0x87, 0xfc, 0xc1, 0x2f, 0x81,
    0x21, 0x75, 0xbb, 0xf9, 0xc3, 0x60, 0xc1, 0x38,
    0x6c, 0x18, 0x33, 0xd, 0x8c, 0xc, 0xc3, 0x64,
    0x8c, 0x61, 0xb1, 0xd9, 0x30, 0xd8, 0x5e, 0x6,
    0x1b, 0xb, 0xd1, 0xa1, 0x60, 0xe3, 0x3f, 0xcf,
    0x6, 0xc3, 0x41, 0xff, 0xc1,

    /* U+59CB "始" */
    0x4, 0x1d, 0x7, 0xd8, 0x67, 0xf, 0xb0, 0xda,
    0x41, 0x5f, 0x87, 0x3, 0x4, 0xc6, 0x6b, 0xb4,
    0x10, 0x3b, 0xd5, 0xb0, 0x60, 0xc3, 0xfd, 0x8c,
    0x5f, 0xc1, 0x3e, 0x6, 0x1b, 0xc, 0xe9, 0x86,
    0xc3, 0x76, 0x61, 0xb0, 0xa8, 0x26, 0x85, 0x81,
    0x83, 0x75, 0xb0, 0x0,

    /* U+59D3 "姓" */
    0xf, 0xfe, 0x26, 0x1e, 0xc3, 0xd8, 0x52, 0x61,
    0xec, 0x2c, 0x18, 0x6b, 0xf1, 0xff, 0x1, 0x46,
    0xc3, 0x87, 0x40, 0xf0, 0x58, 0x76, 0x30, 0x6c,
    0x3b, 0x24, 0xbf, 0x90, 0x3e, 0xc, 0xe1, 0xe7,
    0x43, 0x61, 0xee, 0xc3, 0x61, 0xd4, 0xf, 0x61,
    0x9c, 0x2b, 0xfe, 0xf, 0xfe, 0x18,

    /* U+5B50 "子" */
    0xf, 0xfe, 0x25, 0xff, 0xc1, 0xff, 0x3a, 0x1f,
    0xeb, 0xf, 0xfb, 0x43, 0xfe, 0x70, 0xfa, 0xbb,
    0xd5, 0xc8, 0xbe, 0xd7, 0x83, 0xe7, 0xf, 0xfe,
    0x3, 0x87, 0xff, 0x1, 0xc3, 0xff, 0x80, 0xe1,
    0xfe, 0xf9, 0xf, 0xfe, 0x40,

    /* U+5B57 "字" */
    0xf, 0x21, 0xff, 0xc1, 0xa0, 0x7d, 0xff, 0xfc,
    0x0, 0x61, 0xfe, 0xc1, 0x17, 0xfa, 0x20, 0xfe,
    0xb0, 0xff, 0xb8, 0x3f, 0xea, 0x7, 0xdf, 0xff,
    0xc0, 0xf, 0xa8, 0x1f, 0xfc, 0xa, 0x7, 0xff,
    0x2, 0x81, 0xfe, 0xbc, 0x87, 0x80,

    /* U+5B66 "学" */
    0xf, 0x41, 0x90, 0xce, 0xa, 0x2, 0x81, 0xda,
    0x38, 0xe8, 0x5e, 0xaf, 0xde, 0x6, 0x1f, 0xec,
    0x9, 0x7f, 0xa2, 0xf, 0xcf, 0x7, 0xfa, 0x81,
    0xf7, 0xff, 0xf0, 0x3, 0xea, 0x7, 0xff, 0x2,
    0x43, 0xff, 0x81, 0x21, 0xfe, 0xf8, 0x3e,

    /* U+5B83 "它" */
    0xe, 0xc3, 0xfe, 0xa0, 0x77, 0xff, 0xf0, 0x43,
    0xf9, 0xf0, 0x7f, 0xb0, 0x61, 0xff, 0x61, 0x37,
    0x6, 0xdb, 0x90, 0xf7, 0x21, 0xfd, 0x87, 0xfd,
    0x87, 0xd4, 0x6, 0x87, 0xb4, 0xf, 0xfd, 0x0,

    /* U+5B8C "完" */
    0xf, 0x41, 0xff, 0xc1, 0xa0, 0x7d, 0xff, 0xfc,
    0x0, 0x61, 0xfc, 0xe0, 0xcb, 0xfd, 0x38, 0x7f,
    0xf4, 0xbf, 0xff, 0x80, 0x1d, 0x40, 0x61, 0xfd,
    0x20, 0xc3, 0xfb, 0xb, 0x9, 0xd, 0xa1, 0x61,
    0x49, 0xe4, 0x35, 0xf8, 0x3f, 0xf8, 0x60,

    /* U+5B9A "定" */
    0xf, 0x41, 0xff, 0xc1, 0xd0, 0xfb, 0xff, 0xf8,
    0x0, 0xc3, 0xfd, 0x83, 0xf, 0xf6, 0x1b, 0xfe,
    0x83, 0xfb, 0xf, 0xf6, 0xd, 0xf, 0xce, 0xf,
    0xe4, 0x35, 0x83, 0xf, 0xed, 0x8c, 0x3f, 0x50,
    0x7c, 0x87, 0x9c, 0x35, 0xfe, 0x43, 0xff, 0x84,

    /* U+5B9E "实" */
    0xe, 0x83, 0xff, 0x81, 0x40, 0xf5, 0xff, 0xf1,
    0x22, 0x8, 0x27, 0x20, 0x69, 0x86, 0x83, 0xa3,
    0xf, 0xac, 0x2c, 0x3f, 0x28, 0x60, 0xf7, 0xff,
    0xf0, 0x3, 0x9c, 0x43, 0xf3, 0xa5, 0xa1, 0x9f,
    0x21, 0xad, 0x19, 0xf, 0x98,

    /* U+5BB9 "容" */
    0xf, 0x21, 0xff, 0xc1, 0xa0, 0x7d, 0xd7, 0xf7,
    0x81, 0x81, 0x9, 0xb, 0x2, 0x50, 0x37, 0x8,
    0x1e, 0x7, 0x80, 0xe1, 0xf6, 0xad, 0x10, 0xeb,
    0xd, 0xc1, 0xaf, 0xff, 0x40, 0x8c, 0x39, 0xc8,
    0x36, 0x1e, 0xc3, 0xd8, 0x7b, 0xf, 0x7f, 0xe0,
    0x80,

    /* U+5BDF "察" */
    0xf, 0xfe, 0x43, 0x7, 0xdf, 0xff, 0xc0, 0x6,
    0x8, 0x10, 0x6c, 0x11, 0xea, 0xba, 0xc1, 0x68,
    0xe6, 0x38, 0x5a, 0xbc, 0x95, 0x21, 0xa7, 0x82,
    0xf0, 0x73, 0xdf, 0xa9, 0xa0, 0xf2, 0x1f, 0x30,
    0x57, 0xfe, 0x83, 0x98, 0x19, 0x40, 0xeb, 0xb,
    0x3, 0xa0, 0x90, 0x7a, 0xc, 0x80,

    /* U+5BF9 "对" */
    0xf, 0xfb, 0xf, 0xfe, 0xe, 0x17, 0xf2, 0x1b,
    0xf, 0xb4, 0x27, 0xf, 0xb7, 0xfd, 0xa, 0x6,
    0x1d, 0x86, 0xe6, 0x10, 0xb0, 0xef, 0x23, 0x83,
    0xe, 0x78, 0x1a, 0x61, 0xdd, 0xa2, 0xc, 0x35,
    0x8e, 0x1b, 0xa, 0xc3, 0xf6, 0x16, 0x1f, 0x7a,
    0xf, 0xfe, 0x20,

    /* U+5C0F "小" */
    0xf, 0x38, 0x7f, 0xf0, 0x1c, 0x3f, 0xf8, 0xe,
    0x1f, 0xd0, 0x1c, 0x8, 0x73, 0x81, 0xc0, 0xc1,
    0xa8, 0x7, 0xb, 0xd, 0xa0, 0x70, 0xac, 0xe,
    0x13, 0x86, 0xc1, 0xc1, 0x38, 0x6a, 0x10, 0x67,
    0xc, 0xc1, 0xe7, 0xf, 0xfe, 0x3, 0x87, 0xfb,
    0xe4, 0x3f, 0xf9, 0x0,

    /* U+5C1D "尝" */
    0x9, 0x5, 0x0, 0xa0, 0xec, 0x14, 0x6, 0x87,
    0x49, 0x42, 0x81, 0xbf, 0xff, 0x80, 0xd, 0xf,
    0xce, 0xa, 0x7f, 0xe6, 0xf, 0xfe, 0x97, 0xff,
    0xf0, 0x3, 0xb8, 0x28, 0x3e, 0xa0, 0x6a, 0x7,
    0x5a, 0xea, 0x70, 0x6f, 0xaa, 0x5b, 0x43, 0xff,
    0x86,

    /* U+5C31 "就" */
    0xf, 0xfe, 0x2c, 0x86, 0xc3, 0xe6, 0xd, 0x98,
    0x5f, 0xe0, 0x63, 0x7, 0xfb, 0x2, 0x7, 0xf5,
    0x3f, 0x91, 0x40, 0x60, 0x61, 0xcf, 0x4e, 0x7,
    0x83, 0xd4, 0x9, 0xb0, 0xe9, 0xa0, 0x27, 0xc,
    0xb4, 0xc6, 0x61, 0xb1, 0x89, 0x8c, 0x9, 0xc,
    0xc, 0x18, 0xc0, 0x74, 0x90, 0x5e, 0x43, 0xff,
    0x84,

    /* U+5C4F "屏" */
    0x7, 0xff, 0xa0, 0xb0, 0xfc, 0xc1, 0x7f, 0xfa,
    0xb, 0x4, 0x1a, 0x43, 0x60, 0x60, 0xb0, 0xed,
    0xff, 0xe0, 0xb0, 0xb0, 0xb0, 0xcc, 0x16, 0x16,
    0x19, 0xbf, 0xfc, 0x9, 0x5, 0x2, 0xc3, 0x60,
    0xb0, 0xd8, 0x4c, 0x50, 0x3b, 0x8,

    /* U+5C55 "展" */
    0x7, 0xff, 0x83, 0x61, 0xfb, 0xd, 0xff, 0xe0,
    0xd8, 0x50, 0x20, 0xf6, 0x7, 0x6, 0x87, 0x6d,
    0xea, 0x7a, 0x42, 0xc2, 0xc1, 0x87, 0xbf, 0xfe,
    0x3, 0x3, 0x6, 0x38, 0x52, 0xc, 0xf, 0x6,
    0xc0, 0xed, 0x1d, 0x3, 0x2, 0xe4, 0x2b, 0xf,
    0xfe, 0x18,

    /* U+5C81 "岁" */
    0xe, 0x70, 0xf6, 0x13, 0x85, 0x83, 0x9, 0xc2,
    0xc1, 0xff, 0xe0, 0xee, 0xf, 0xeb, 0xf, 0xeb,
    0xfe, 0x81, 0xe0, 0xf6, 0x14, 0x30, 0x54, 0xf,
    0x59, 0x40, 0xfd, 0x70, 0x7c, 0xf9, 0xe, 0x7d,
    0x21, 0xff, 0xc7,

    /* U+5DF1 "己" */
    0x3f, 0xfc, 0x1f, 0xf3, 0x87, 0xfc, 0xe1, 0xff,
    0x38, 0x7f, 0xce, 0x17, 0xff, 0x82, 0xc3, 0xf2,
    0x16, 0x1f, 0xfc, 0xc, 0x3f, 0x90, 0x61, 0xfd,
    0x26, 0x87, 0xec, 0xf, 0xff, 0x20,

    /* U+5DF4 "巴" */
    0x3f, 0xfa, 0x6, 0x16, 0x81, 0x81, 0x85, 0x84,
    0xc0, 0xc2, 0xc2, 0x60, 0x61, 0x68, 0x18, 0x1f,
    0xfd, 0x3, 0xf, 0x94, 0xc, 0x3f, 0xec, 0x3f,
    0xec, 0x3f, 0x39, 0xa1, 0xf5, 0x7, 0xff, 0x40,

    /* U+5E08 "师" */
    0x6, 0x1f, 0xfc, 0xc, 0xff, 0xc6, 0x61, 0x98,
    0x36, 0x60, 0x55, 0x14, 0xc, 0xc7, 0xbd, 0x71,
    0x98, 0xc3, 0xc, 0x66, 0x30, 0xc3, 0x19, 0x8c,
    0x30, 0xc4, 0x63, 0xc, 0x30, 0x1c, 0x61, 0x86,
    0x4, 0x8c, 0x34, 0xd0, 0x61, 0xcc, 0x19, 0x41,
    0xcc, 0x1f, 0xfc, 0x50,

    /* U+5E0C "希" */
    0xf, 0xf2, 0x1c, 0xdc, 0x8f, 0x7, 0xeb, 0xe4,
    0x3d, 0x7d, 0xf, 0x90, 0xc8, 0x34, 0x32, 0x17,
    0xff, 0xf0, 0x3, 0xb0, 0x61, 0xfd, 0xea, 0x75,
    0x82, 0xbc, 0x83, 0x41, 0x85, 0x18, 0x58, 0x58,
    0x76, 0x16, 0x16, 0x1d, 0x85, 0x97, 0x83, 0xfb,
    0xf, 0x0,

    /* U+5E2E "帮" */
    0xd, 0x87, 0xf9, 0x6e, 0x55, 0xf8, 0xb, 0x6a,
    0x24, 0xc2, 0x7f, 0x99, 0x50, 0x7b, 0xa, 0x4a,
    0x3, 0xfd, 0x44, 0x18, 0x6d, 0xa, 0x7d, 0x1,
    0x90, 0x34, 0x43, 0xd7, 0xff, 0x6, 0x90, 0x30,
    0x58, 0x69, 0x3, 0x5, 0x86, 0x90, 0x31, 0x78,
    0x3f, 0x30, 0x78,

    /* U+5E38 "常" */
    0x24, 0xc, 0x5, 0x1, 0xc0, 0xc0, 0xc1, 0x7f,
    0xfa, 0xd0, 0xfc, 0xf8, 0xbf, 0xd1, 0xa6, 0x1e,
    0xc4, 0x1d, 0x7b, 0xf, 0x9c, 0x3d, 0xff, 0xe0,
    0x61, 0x38, 0x58, 0x30, 0x9c, 0x2c, 0x18, 0x4e,
    0x16, 0x8, 0x27, 0x2a, 0x0,

    /* U+5E55 "幕" */
    0xd, 0x21, 0x61, 0xdf, 0xff, 0xc0, 0xe, 0x43,
    0x21, 0xe7, 0xaf, 0xb0, 0xce, 0xbf, 0x61, 0x98,
    0x3c, 0xe1, 0x9e, 0xf5, 0x6c, 0x25, 0xad, 0x7e,
    0x2, 0xbc, 0xda, 0xb5, 0x1, 0xff, 0xf4, 0xc,
    0xc0, 0xc0, 0x96, 0xb, 0x3, 0x2, 0x43, 0xa0,
    0x31, 0x40, 0x80,

    /* U+5E72 "干" */
    0x1f, 0xff, 0x83, 0xea, 0x7, 0xff, 0x1, 0x83,
    0xff, 0x80, 0xc1, 0xff, 0xc0, 0x60, 0xfb, 0xff,
    0xf8, 0x8, 0x79, 0x83, 0xff, 0x80, 0xc1, 0xff,
    0xc0, 0x60, 0xff, 0xe0, 0x30, 0x7f, 0xf0, 0x18,
    0x3f, 0xf8, 0xc, 0x1e,

    /* U+5E74 "年" */
    0xd, 0x7, 0xff, 0x2, 0x81, 0xff, 0xc0, 0xff,
    0xe8, 0x2e, 0xa, 0x43, 0xd6, 0x1a, 0x43, 0xc9,
    0xff, 0xc8, 0x6c, 0x29, 0xf, 0xd8, 0x52, 0x1f,
    0xb0, 0xb4, 0x3d, 0xff, 0xfc, 0x8, 0x3e, 0x90,
    0xff, 0xe0, 0x48, 0x7f, 0xf0, 0x24, 0x38,

    /* U+5E76 "并" */
    0x9, 0x41, 0xd0, 0x7d, 0x86, 0xa0, 0x7d, 0x21,
    0x61, 0xd7, 0xff, 0xc1, 0xda, 0x16, 0x87, 0xda,
    0x16, 0x87, 0xda, 0x16, 0x86, 0xff, 0xfe, 0x2,
    0x1b, 0xd, 0xa1, 0xe7, 0xd, 0xa1, 0xed, 0xd,
    0xa1, 0xdc, 0x1d, 0xa1, 0xa8, 0x1e, 0xd0, 0xff,
    0xe2, 0x80,

    /* U+5E86 "庆" */
    0xf, 0xa0, 0xff, 0xe0, 0xe8, 0x7d, 0xff, 0xf4,
    0xc, 0x39, 0xf, 0xb0, 0xec, 0x3e, 0xc3, 0x38,
    0x7d, 0xbf, 0xfc, 0x83, 0xd, 0x61, 0xe6, 0xd,
    0xd0, 0x39, 0x82, 0xa1, 0xa1, 0xa4, 0xe, 0x16,
    0x1b, 0x3, 0xa1, 0x3a, 0xc, 0xb4, 0x39, 0xd0,
    0xff, 0xe1, 0x0,

    /* U+5E94 "应" */
    0xf, 0xa0, 0xff, 0xe0, 0xc8, 0x7d, 0xff, 0xf2,
    0xc, 0x3f, 0xf8, 0x38, 0x6c, 0x26, 0xb, 0x30,
    0x48, 0x34, 0x2c, 0x91, 0x81, 0x86, 0xc1, 0x83,
    0x18, 0x36, 0xc, 0x19, 0x86, 0x60, 0x21, 0x30,
    0x6a, 0x7, 0xb0, 0xec, 0xbf, 0xf9, 0x20, 0xff,
    0xe0, 0x0,

    /* U+5EA6 "度" */
    0xf, 0x90, 0xff, 0xe0, 0xd0, 0x3e, 0xff, 0xf9,
    0x6, 0x16, 0x16, 0x1d, 0xdf, 0xfc, 0x83, 0xb,
    0xb, 0xe, 0xc2, 0xea, 0xc3, 0xb0, 0x97, 0x83,
    0xb7, 0xff, 0x4, 0xc0, 0xa0, 0x54, 0xa, 0x81,
    0x5b, 0xa1, 0xb0, 0x2a, 0xfa, 0x42, 0x8a, 0x90,
    0x9b, 0x40,

    /* U+5F00 "开" */
    0x2f, 0xff, 0x83, 0xa4, 0x29, 0xf, 0xa4, 0x29,
    0xf, 0xa4, 0x29, 0xf, 0xa4, 0x29, 0xd, 0xff,
    0xfc, 0x4, 0x36, 0x85, 0xa1, 0xf6, 0x1a, 0x43,
    0xcc, 0x1a, 0x43, 0xda, 0x1a, 0x43, 0xb8, 0x3a,
    0x43, 0x48, 0x7a, 0x43, 0xff, 0x8a,

    /* U+5F15 "引" */
    0xf, 0xf6, 0x3f, 0xe0, 0xb0, 0xfb, 0xb, 0xf,
    0xb0, 0xb0, 0x7f, 0x82, 0xc1, 0x87, 0xec, 0x18,
    0x7e, 0xc7, 0xfc, 0x16, 0x1e, 0x70, 0xb0, 0xf3,
    0x5, 0x87, 0xa8, 0x16, 0x1e, 0xd0, 0xb0, 0xaf,
    0x83, 0x61, 0xff, 0xc1,

    /* U+5F20 "张" */
    0xf, 0x61, 0xeb, 0xe0, 0x61, 0x30, 0x6c, 0x18,
    0x58, 0x76, 0xc, 0x74, 0xf, 0xc0, 0xdc, 0x32,
    0x80, 0xad, 0x78, 0x90, 0x37, 0x75, 0x17, 0xc0,
    0xc6, 0xf, 0x60, 0xc1, 0x87, 0xb0, 0x60, 0x90,
    0xec, 0x18, 0x58, 0x66, 0x7, 0xc3, 0x8f, 0x92,
    0x88, 0x52, 0x1f, 0xfc, 0x10,

    /* U+5F69 "彩" */
    0xe, 0x58, 0x25, 0x2, 0xfa, 0x88, 0x1c, 0x3c,
    0x81, 0x2c, 0x34, 0x99, 0x46, 0xf, 0x64, 0xe1,
    0xd0, 0x76, 0x1e, 0xd0, 0xec, 0x3b, 0x82, 0xff,
    0x9d, 0xf, 0x7c, 0x1e, 0x42, 0xa6, 0xe1, 0x9c,
    0x16, 0x60, 0x40, 0xe0, 0x60, 0x61, 0x3e, 0xf,
    0xb0, 0xb4, 0x3f, 0xf8, 0xc0,

    /* U+5F85 "待" */
    0xa, 0x42, 0x60, 0xf3, 0x86, 0x60, 0xe7, 0x3,
    0xff, 0x3, 0x2, 0x13, 0x7, 0xdc, 0x13, 0x7,
    0xac, 0xff, 0xd1, 0x78, 0x3c, 0xc1, 0x46, 0x7f,
    0xe8, 0x2c, 0x8, 0x4c, 0x1d, 0x82, 0x80, 0x60,
    0xec, 0x2d, 0x18, 0x3b, 0xf, 0x30, 0x76, 0x19,
    0xf2, 0x1f, 0xfc, 0x40,

    /* U+5F88 "很" */
    0x9, 0x41, 0xff, 0x38, 0x3f, 0xc1, 0x38, 0x58,
    0x6c, 0x28, 0x11, 0xd6, 0xc3, 0xb4, 0xc3, 0x61,
    0xac, 0x18, 0x6c, 0x2b, 0xc0, 0xff, 0x5, 0xb8,
    0x32, 0x40, 0x86, 0xc1, 0x83, 0x34, 0x36, 0xc,
    0x16, 0x1e, 0xc1, 0x85, 0x87, 0xb0, 0x76, 0xae,
    0xd, 0x8c, 0x86, 0x83, 0xff, 0x86,

    /* U+5F97 "得" */
    0xf, 0xfe, 0x2e, 0x9f, 0xe8, 0xe, 0x83, 0x5d,
    0x40, 0x40, 0x4d, 0x75, 0x3, 0x69, 0xd6, 0xe0,
    0xbc, 0x1f, 0xf7, 0xa3, 0xff, 0x24, 0xc1, 0xe9,
    0xc, 0xc7, 0xfe, 0x40, 0xc0, 0x82, 0x90, 0xcc,
    0x7, 0x4, 0x86, 0x60, 0xa0, 0x48, 0x66, 0xc,
    0xf8, 0x20,

    /* U+5FC3 "心" */
    0xf, 0xfe, 0x3e, 0x87, 0xff, 0x7, 0x83, 0xff,
    0x83, 0xc1, 0xfd, 0x4, 0x87, 0xc9, 0x87, 0xb0,
    0x98, 0xc3, 0xd8, 0x54, 0x30, 0xf5, 0x1, 0xa6,
    0x1f, 0x60, 0xc1, 0x87, 0x46, 0xa8, 0x18, 0x76,
    0x21, 0xda, 0x13, 0x7, 0xcf, 0xf0, 0x60,

    /* U+5FD9 "忙" */
    0x6, 0x1d, 0x7, 0xd8, 0x73, 0x87, 0xb4, 0x39,
    0xe, 0xba, 0x7f, 0xe1, 0xb3, 0x24, 0x3d, 0x38,
    0x52, 0x1e, 0x4c, 0x29, 0xf, 0xd8, 0x52, 0x1f,
    0xb0, 0xa4, 0x3f, 0x61, 0x48, 0x7e, 0xc2, 0x90,
    0xfd, 0x85, 0x7f, 0x82, 0xc3, 0xfe,

    /* U+5FEB "快" */
    0x6, 0x1d, 0x87, 0xd8, 0x76, 0x1f, 0x70, 0xde,
    0xa8, 0x2b, 0xd0, 0x1c, 0x70, 0x36, 0xe1, 0x60,
    0xc1, 0x38, 0x85, 0x83, 0x4, 0x61, 0xd8, 0x30,
    0xd9, 0x7f, 0xe0, 0xb0, 0xcf, 0x7, 0xb0, 0xd9,
    0xa1, 0xd8, 0x54, 0x1c, 0x3b, 0x5, 0x2, 0xb0,
    0xd9, 0xc1, 0xce, 0x1f, 0xfc, 0x30,

    /* U+6001 "态" */
    0xf, 0x50, 0x3f, 0xf8, 0x12, 0x1f, 0x7f, 0xff,
    0x0, 0x3c, 0xf2, 0x1f, 0xed, 0x30, 0xfe, 0xb0,
    0x58, 0x7d, 0xce, 0x96, 0x85, 0xe4, 0x2c, 0xf,
    0x83, 0xec, 0x3f, 0xb3, 0x1c, 0x2c, 0x26, 0x30,
    0x28, 0x64, 0x1a, 0x61, 0xdb, 0x82, 0x7, 0xf9,
    0x20,

    /* U+600E "怎" */
    0xc, 0x87, 0xff, 0x2, 0x81, 0xff, 0xc0, 0xff,
    0xf0, 0x54, 0x6, 0x1f, 0xac, 0x2f, 0xf0, 0x50,
    0x6c, 0x3f, 0xf8, 0x3f, 0xe8, 0x3e, 0xc3, 0xff,
    0x83, 0x87, 0xf6, 0x63, 0xa0, 0xc2, 0x63, 0x9,
    0x19, 0x6, 0x98, 0x76, 0x60, 0x41, 0x7f, 0x22,
    0x0,

    /* U+601D "思" */
    0x7, 0xff, 0x83, 0x61, 0x61, 0xb0, 0xd8, 0x5a,
    0x7, 0xd, 0xd5, 0xea, 0xb0, 0xd8, 0x58, 0x6c,
    0x37, 0xff, 0x83, 0xe5, 0x7, 0xff, 0x1, 0xe0,
    0xfd, 0x98, 0x38, 0x18, 0x4c, 0x61, 0x95, 0x40,
    0x60, 0xc3, 0x49, 0x81, 0x5, 0xfc, 0x18,

    /* U+60C5 "情" */
    0x6, 0x1d, 0x87, 0xd8, 0xff, 0xd0, 0x5c, 0x1b,
    0xf, 0x7a, 0x7f, 0xe4, 0x16, 0xa0, 0xb0, 0xe5,
    0x65, 0xff, 0x85, 0x60, 0x5f, 0x83, 0x60, 0xd7,
    0xb0, 0xd8, 0x3f, 0xe0, 0xd8, 0x30, 0xec, 0x36,
    0xf, 0xf8, 0x36, 0xc, 0x3b, 0xd, 0x83, 0x9,
    0xf0, 0x0,

    /* U+60D1 "惑" */
    0xf, 0xb2, 0x81, 0xfe, 0xc1, 0x40, 0xbf, 0xff,
    0x80, 0x1f, 0xa8, 0x1f, 0x74, 0xd3, 0x28, 0x1a,
    0x4, 0x9b, 0x87, 0x56, 0x3, 0xa1, 0xe5, 0xa3,
    0xd1, 0x3, 0xa2, 0xd2, 0x5e, 0x9, 0xb, 0x82,
    0x42, 0x73, 0x4, 0x83, 0xb, 0x4c, 0x34, 0xac,
    0x10, 0x3f, 0xc0, 0x80,

    /* U+60F3 "想" */
    0xa, 0x43, 0xff, 0x81, 0x20, 0xbf, 0x81, 0x4f,
    0x4c, 0x85, 0x84, 0xf0, 0x2f, 0xe0, 0x9f, 0x24,
    0x85, 0x85, 0xd7, 0x7f, 0x3, 0x24, 0x12, 0x16,
    0x1a, 0x41, 0x7f, 0x7, 0xd0, 0x7f, 0x44, 0x38,
    0x52, 0x6, 0x30, 0x28, 0x4c, 0x1a, 0x61, 0x98,
    0x91, 0x5, 0xfc, 0x84,

    /* U+610F "意" */
    0xf, 0xfe, 0x44, 0x87, 0xcf, 0xff, 0x90, 0xec,
    0x36, 0x1d, 0x57, 0x5b, 0xa8, 0xb, 0xff, 0xc0,
    0x9, 0xeb, 0xda, 0x19, 0xd7, 0xd2, 0x19, 0xd7,
    0xd2, 0x19, 0xeb, 0xda, 0x1f, 0xb4, 0x3f, 0x66,
    0xd, 0x6, 0x15, 0xc, 0x36, 0x30, 0x20, 0x3f,
    0xa0, 0x20,

    /* U+611F "感" */
    0xf, 0xfe, 0x54, 0xc8, 0x7f, 0xa4, 0xc3, 0x75,
    0xde, 0xa9, 0x6, 0x2f, 0x42, 0x82, 0xc5, 0xc6,
    0x61, 0xb7, 0xf1, 0xd0, 0x26, 0x60, 0x65, 0x86,
    0x95, 0xd3, 0x7c, 0xb1, 0x87, 0xa0, 0x78, 0x3a,
    0x18, 0x24, 0x36, 0x60, 0xa0, 0xc8, 0x34, 0xc3,
    0xb3, 0x2, 0xf, 0xf4, 0x10,

    /* U+6162 "慢" */
    0x6, 0x1f, 0xfc, 0x1c, 0xf, 0x5b, 0xd, 0xa3,
    0xd6, 0xc2, 0xb6, 0x65, 0xd8, 0x15, 0x98, 0xbe,
    0x4, 0x60, 0xee, 0xef, 0x9, 0x83, 0x33, 0x6,
    0x16, 0xa, 0xf9, 0xb, 0x1f, 0xf8, 0x36, 0x16,
    0x82, 0x81, 0xb0, 0xdd, 0xc1, 0xd8, 0x1b, 0xe9,
    0xd, 0x9e, 0x82, 0x6c, 0x3f, 0xf8, 0x60,

    /* U+6210 "成" */
    0xf, 0xd9, 0x7, 0xfd, 0x96, 0x1f, 0xce, 0x9,
    0xb, 0xff, 0xe4, 0x18, 0x76, 0x1f, 0x6b, 0x3,
    0x4, 0x85, 0xd3, 0x49, 0x30, 0xd8, 0x24, 0xac,
    0x13, 0x83, 0x3, 0xe0, 0xcc, 0xc, 0x2d, 0xd,
    0x57, 0x81, 0xe8, 0x93, 0xc, 0xe9, 0xb0, 0xe1,
    0x38, 0x4f, 0x83, 0xff, 0x86,

    /* U+6211 "我" */
    0xc, 0xd0, 0xc8, 0x35, 0xf2, 0xc, 0x70, 0xf6,
    0x16, 0xa, 0x7, 0x61, 0x61, 0xef, 0xff, 0xe0,
    0x6, 0x70, 0xb4, 0x3f, 0x61, 0x49, 0xa1, 0x9e,
    0xd5, 0x4c, 0x2f, 0xc8, 0x1f, 0x7, 0xd8, 0x4e,
    0x87, 0xd8, 0x2f, 0x42, 0x82, 0x73, 0x81, 0xb2,
    0x3e, 0x43, 0x9f, 0x7, 0xff, 0xc,

    /* U+6216 "或" */
    0xf, 0xd9, 0x87, 0xfd, 0x8e, 0x81, 0x7e, 0xd5,
    0x40, 0x57, 0xbd, 0x58, 0x3f, 0xb0, 0xfb, 0xf4,
    0x60, 0xd0, 0xa0, 0x31, 0xab, 0xd, 0x1, 0x8a,
    0x68, 0x6f, 0xd0, 0xf8, 0x3f, 0xe7, 0xf, 0x34,
    0xf3, 0xe4, 0x93, 0xa2, 0x38, 0xee, 0x1f, 0x41,
    0x3c, 0x0,

    /* U+6218 "战" */
    0x6, 0x1d, 0x87, 0xb0, 0xec, 0xc3, 0x61, 0xd8,
    0xc1, 0x7e, 0x6, 0x1e, 0xc3, 0x3d, 0xe4, 0x18,
    0x54, 0xd0, 0xed, 0xd, 0x26, 0x7a, 0x9e, 0x4,
    0xc9, 0x86, 0xc0, 0xd8, 0x30, 0xd8, 0x5a, 0xc,
    0x36, 0xf, 0xa, 0xff, 0x3c, 0xd1, 0xc3, 0x72,
    0xb, 0xf, 0xfe, 0x10,

    /* U+624B "手" */
    0xf, 0xca, 0xa0, 0x6f, 0xf5, 0x10, 0xfe, 0x70,
    0xff, 0xe0, 0x38, 0x7e, 0xff, 0xf4, 0x1f, 0x38,
    0x7f, 0xf0, 0x1c, 0x3e, 0x5e, 0xb5, 0xe0, 0x57,
    0x7a, 0xb9, 0xf, 0x38, 0x7f, 0xf0, 0x1c, 0x3f,
    0xf8, 0xe, 0x1f, 0xef, 0x90, 0xf0,

    /* U+624D "才" */
    0xf, 0xda, 0x1f, 0xfc, 0xd, 0xf, 0xfe, 0x6,
    0x87, 0x7f, 0xff, 0x0, 0x3e, 0x7c, 0x87, 0xfb,
    0xb4, 0x3f, 0xac, 0xd0, 0xfd, 0x60, 0xd0, 0xfa,
    0xc2, 0xd0, 0xf5, 0x86, 0xd0, 0xee, 0xe, 0xd0,
    0xe4, 0x3d, 0xa1, 0xfe, 0xf8, 0x3f, 0xf8, 0xe0,

    /* U+6253 "打" */
    0xb, 0xf, 0xfe, 0xe, 0xa, 0xf9, 0xb, 0x2,
    0xed, 0x40, 0xfe, 0xd, 0x87, 0xb0, 0xf6, 0x1e,
    0xc3, 0xd8, 0x7b, 0x60, 0xd8, 0x6b, 0xd2, 0x1b,
    0xd, 0x38, 0x7b, 0xf, 0x61, 0xec, 0x3d, 0x87,
    0xb0, 0xf6, 0x1e, 0xc3, 0x5c, 0x15, 0xf0, 0x7f,
    0xf1, 0x40,

    /* U+626C "扬" */
    0x4, 0x87, 0xff, 0x2, 0x4f, 0xf4, 0x1a, 0x43,
    0xb8, 0x27, 0xf0, 0x5c, 0x1e, 0xa0, 0x1d, 0xf,
    0xa4, 0xbf, 0xe0, 0xa5, 0x2, 0x4c, 0xc0, 0xfa,
    0x18, 0x93, 0x1b, 0x47, 0x6, 0xc, 0x29, 0x30,
    0x48, 0xc1, 0x48, 0x54, 0x3, 0x5, 0x20, 0xa0,
    0x5a, 0xf, 0x2, 0x80, 0xb8, 0x3f, 0xf8, 0x80,

    /* U+6280 "技" */
    0x5, 0x3, 0xb0, 0xf5, 0x3, 0xb0, 0xf5, 0x6,
    0xae, 0xa1, 0xfc, 0xb5, 0xac, 0x15, 0x3, 0xb0,
    0xf5, 0x3, 0x38, 0x7a, 0x83, 0xea, 0xb8, 0xf,
    0xa2, 0x81, 0x61, 0x54, 0x16, 0xa, 0x6, 0xa0,
    0x4f, 0x61, 0xd4, 0xd, 0xe4, 0x3a, 0x83, 0x73,
    0xc8, 0x3c, 0xad, 0xc, 0xe8, 0x7f, 0xf0, 0x80,

    /* U+628A "把" */
    0x6, 0x1f, 0xfc, 0x1c, 0x1f, 0xf8, 0x2c, 0x1a,
    0x48, 0xe3, 0xf5, 0xa4, 0x8e, 0x16, 0x9a, 0x48,
    0xe1, 0x60, 0xd2, 0x47, 0xb, 0xa7, 0xfe, 0x1f,
    0x4e, 0x86, 0x71, 0x58, 0x34, 0x39, 0xb, 0x6,
    0x87, 0xf6, 0xd, 0xe, 0x90, 0x60, 0x90, 0xed,
    0x3c, 0x7, 0xfd, 0x0,

    /* U+62C7 "拇" */
    0x4, 0x87, 0xff, 0x2, 0x41, 0xff, 0x5, 0x20,
    0xc4, 0x2c, 0x7f, 0x18, 0xe0, 0xc2, 0x90, 0x60,
    0x5b, 0xa, 0x4f, 0xfc, 0x82, 0xa7, 0xc, 0xc0,
    0xbc, 0xa8, 0xd1, 0x86, 0x88, 0xc0, 0xc6, 0xa,
    0x46, 0xc, 0xc1, 0x48, 0xff, 0xc1, 0x48, 0x7d,
    0xa0, 0xf0, 0x7b, 0xe0, 0xff, 0xe2, 0x0,

    /* U+62DB "招" */
    0x4, 0x87, 0xff, 0x2, 0x47, 0xfe, 0xa, 0x43,
    0x61, 0x63, 0xf8, 0xc, 0x16, 0x14, 0x85, 0xa1,
    0x61, 0x48, 0xf0, 0x2e, 0xa, 0xa5, 0x4, 0xa0,
    0x3e, 0x81, 0xff, 0x5, 0x20, 0xc3, 0xb0, 0xa4,
    0x18, 0x76, 0x14, 0x83, 0xe, 0xc2, 0x90, 0x7a,
    0xaf, 0x3, 0xc1, 0x68, 0x4e, 0x0,

    /* U+62DC "拜" */
    0xc, 0xa0, 0xfe, 0xbe, 0x6f, 0xf0, 0x13, 0xe,
    0xc3, 0xec, 0x3b, 0x43, 0x2b, 0x51, 0xfd, 0x1,
    0x5a, 0x82, 0xc3, 0xec, 0xf, 0xf4, 0x5, 0x6a,
    0xb, 0x42, 0x7f, 0x82, 0xc3, 0xcc, 0xf, 0xf8,
    0x2d, 0xe, 0xd0, 0xd6, 0x1e, 0xc3, 0xb0, 0xfb,
    0xf, 0xfe, 0x30,

    /* U+62E2 "拢" */
    0x4, 0x85, 0x81, 0xe, 0x90, 0xb0, 0x68, 0x69,
    0xb, 0xa, 0x3, 0x7a, 0x6, 0x1f, 0x3c, 0xd3,
    0xba, 0x82, 0x90, 0xb3, 0xf, 0x48, 0x18, 0xca,
    0x1, 0xf8, 0x63, 0x70, 0x36, 0x82, 0x4f, 0x21,
    0xa4, 0x18, 0x38, 0x3a, 0x49, 0x2c, 0x3d, 0x36,
    0x53, 0x4, 0xf, 0x30, 0x12, 0xf8, 0x3f, 0xf8,
    0x60,

    /* U+62F3 "拳" */
    0xf, 0x90, 0xfe, 0xd2, 0x80, 0xc3, 0xcc, 0x69,
    0xa1, 0xd5, 0x7a, 0xb8, 0x3e, 0xd0, 0xfd, 0x4f,
    0xa9, 0xf5, 0x3, 0x50, 0xd, 0x41, 0x9d, 0xa7,
    0x25, 0xa0, 0x8a, 0xbd, 0x51, 0x21, 0xea, 0x7,
    0xcf, 0xff, 0x90, 0xfa, 0x81, 0xfe, 0x7c, 0x87,
    0x80,

    /* U+62FC "拼" */
    0x3, 0x1, 0x41, 0x41, 0x98, 0x2c, 0x2c, 0x33,
    0x5, 0x24, 0x85, 0xf9, 0xff, 0x82, 0xa0, 0x5a,
    0x68, 0x66, 0xb, 0x6, 0x1c, 0xc8, 0x30, 0x61,
    0xaf, 0x3f, 0xf9, 0x1a, 0x5, 0x83, 0x43, 0x30,
    0x58, 0x30, 0xe6, 0x3, 0x3, 0xe, 0xa0, 0x30,
    0xb0, 0xde, 0x4d, 0xb, 0xf, 0xfe, 0x28,

    /* U+6301 "持" */
    0xf, 0xfe, 0x24, 0x87, 0x61, 0xe9, 0xe, 0xc3,
    0xd2, 0xf, 0xf8, 0x7f, 0x6, 0xc3, 0xd4, 0xe,
    0xc3, 0xd2, 0x7f, 0xe8, 0x14, 0x43, 0xd8, 0x1f,
    0x4d, 0xff, 0x23, 0x21, 0x20, 0x70, 0xd2, 0x16,
    0x16, 0x1a, 0x42, 0xa0, 0x30, 0xd2, 0x1e, 0x70,
    0xbc, 0x1e, 0xf2, 0x0,

    /* U+6307 "指" */
    0xf, 0xfe, 0x24, 0x83, 0xf, 0xe9, 0x6, 0x6,
    0xc3, 0x48, 0x3e, 0x90, 0xaf, 0xc6, 0x1c, 0x85,
    0x20, 0xc3, 0xb4, 0x12, 0xb, 0xfa, 0xa, 0x88,
    0x7f, 0x37, 0xa3, 0xfe, 0x15, 0x20, 0xc3, 0xb0,
    0xa4, 0x1f, 0xf0, 0x52, 0xc, 0x3b, 0xa, 0x41,
    0x86, 0x70, 0x78, 0x2e, 0xbc, 0x1f, 0xfc, 0x30,

    /* U+6309 "按" */
    0xf, 0xfe, 0x24, 0x86, 0x90, 0xf4, 0x86, 0x60,
    0xf4, 0x97, 0xfc, 0x3f, 0xa4, 0x42, 0xc2, 0xa0,
    0xa3, 0xa, 0xa, 0x42, 0x60, 0xfa, 0x4f, 0xfc,
    0x82, 0xf0, 0xe0, 0x60, 0x3e, 0x81, 0xa0, 0xd0,
    0xd2, 0xb, 0x9c, 0x3a, 0x43, 0x7a, 0xe, 0x90,
    0x36, 0xd8, 0x5e, 0x4a, 0x21, 0x38, 0x7f, 0xf0,
    0xc0,

    /* U+6311 "挑" */
    0x3, 0x5, 0x83, 0xe, 0x60, 0xb0, 0x61, 0xcc,
    0x66, 0xc, 0xc1, 0xf9, 0xb0, 0x66, 0x13, 0x3,
    0xc0, 0xe0, 0xcc, 0x16, 0xc, 0x39, 0xe0, 0x60,
    0xd0, 0xaf, 0x25, 0x83, 0xc8, 0x1a, 0x3b, 0x83,
    0x34, 0xc, 0x6, 0x6, 0x1c, 0xc0, 0xd0, 0x60,
    0x80, 0xc5, 0x2, 0xc6, 0x3c, 0xa8, 0x35, 0xe0,

    /* U+6325 "挥" */
    0x6, 0x1f, 0xfc, 0x1c, 0x7f, 0xe8, 0x2c, 0x61,
    0x9, 0x87, 0xe9, 0x30, 0xc8, 0x58, 0x2f, 0xf0,
    0x6c, 0x29, 0x10, 0xf6, 0x83, 0x18, 0x33, 0x71,
    0x7f, 0x80, 0xac, 0x39, 0x83, 0xd8, 0x73, 0x7,
    0xb2, 0xff, 0xc1, 0x61, 0xcc, 0x1d, 0xe0, 0xe6,
    0xc,

    /* U+6362 "换" */
    0xf, 0xfe, 0x26, 0x1b, 0xf, 0xd8, 0x4f, 0x4d,
    0xd, 0x85, 0x85, 0x85, 0x7c, 0xe8, 0x28, 0x19,
    0xd5, 0xff, 0x6, 0xc1, 0x24, 0x98, 0x6d, 0x24,
    0x93, 0x3, 0x79, 0x93, 0x6, 0x5, 0x65, 0xff,
    0x82, 0xc3, 0x5e, 0xf, 0x61, 0x38, 0xc1, 0xd8,
    0x2c, 0x2b, 0x41, 0xe3, 0x43, 0x9c, 0x3f, 0xf8,
    0x60,

    /* U+636E "据" */
    0x4, 0x87, 0xff, 0x2, 0x47, 0xfe, 0xa, 0x46,
    0xe, 0xc6, 0xf4, 0xe1, 0x9c, 0xd, 0x7, 0xa7,
    0x50, 0x52, 0x30, 0x30, 0xf5, 0x15, 0xff, 0x25,
    0xea, 0x81, 0x86, 0x6d, 0x24, 0x18, 0x7a, 0x4d,
    0xff, 0x5, 0x26, 0x61, 0xb0, 0xa5, 0x46, 0x1b,
    0x7, 0x88, 0x1f, 0xe0,

    /* U+638C "掌" */
    0xa, 0x4, 0x82, 0x43, 0xb4, 0x91, 0xc3, 0x7f,
    0xff, 0x0, 0x18, 0x7f, 0xb0, 0x67, 0xab, 0xb3,
    0xd, 0xaf, 0xb0, 0xf2, 0xfa, 0x81, 0xd4, 0xfd,
    0x50, 0x72, 0xea, 0x2e, 0xc, 0xba, 0x8b, 0x82,
    0xae, 0xf5, 0x70, 0x7d, 0x21, 0xfe, 0xbc, 0x87,
    0x80,

    /* U+63A5 "接" */
    0x4, 0x86, 0x90, 0xf4, 0x86, 0x60, 0xf4, 0x8f,
    0xfc, 0xb, 0xd0, 0x20, 0x30, 0x6a, 0x5, 0x3,
    0xe, 0x93, 0xff, 0x20, 0xa2, 0x16, 0x1e, 0xf9,
    0xff, 0xd0, 0xc8, 0x1c, 0xe, 0x1a, 0x41, 0xc0,
    0x90, 0xd2, 0x15, 0xf0, 0x74, 0x85, 0x77, 0x82,
    0xf0, 0x39, 0x9, 0xc3, 0xff, 0x86,

    /* U+63D0 "提" */
    0x4, 0x87, 0xff, 0x2, 0x41, 0xfe, 0xd, 0x20,
    0xd7, 0x60, 0x7f, 0x1a, 0xec, 0x34, 0x83, 0xad,
    0x86, 0x90, 0xff, 0xe0, 0x56, 0xff, 0x81, 0x79,
    0xd, 0x86, 0x68, 0x83, 0x6, 0x1e, 0x90, 0x60,
    0xf9, 0xa, 0x4b, 0x4c, 0x3d, 0x26, 0x76, 0x1d,
    0xe3, 0x41, 0x7e, 0x43, 0xff, 0x84,

    /* U+63E1 "握" */
    0x4, 0x87, 0xff, 0x2, 0x4b, 0xfe, 0xa, 0x49,
    0xe, 0xc1, 0x7a, 0x9f, 0xf0, 0x54, 0x24, 0x3f,
    0xa4, 0xbf, 0xe0, 0xa8, 0xe9, 0x82, 0xa, 0xf3,
    0xbe, 0xbd, 0x1, 0x93, 0x13, 0x43, 0xa4, 0xda,
    0x7a, 0x81, 0x4a, 0x82, 0xd0, 0xe9, 0x90, 0xa4,
    0x37, 0x8d, 0xff, 0xa0, 0xff, 0xe1, 0x0,

    /* U+642D "搭" */
    0x6, 0x14, 0x83, 0xe, 0xc5, 0x72, 0xb9, 0xb,
    0x1b, 0xab, 0xa0, 0xfc, 0x8a, 0x88, 0x3b, 0xd,
    0x70, 0x7b, 0xb, 0x87, 0x43, 0x7e, 0xae, 0xe1,
    0xf2, 0x12, 0xe1, 0xb, 0x3, 0x5e, 0xd, 0x81,
    0x82, 0x70, 0xd8, 0x18, 0x36, 0x1b, 0x3, 0x6,
    0xc0, 0xf8, 0xf, 0xf8, 0x3f, 0xf8, 0x80,

    /* U+6444 "摄" */
    0x6, 0x1f, 0xfc, 0x1c, 0xbf, 0xe8, 0x2c, 0x14,
    0x5a, 0x80, 0x7e, 0x65, 0xe8, 0x36, 0xa, 0xf8,
    0x36, 0x9, 0x9, 0xd0, 0xba, 0x7e, 0xbd, 0xf,
    0x9a, 0xf7, 0x90, 0xb1, 0x19, 0x89, 0xb, 0x2a,
    0x4c, 0xc3, 0x60, 0xb0, 0x3a, 0x1b, 0x1d, 0x8e,
    0xc2, 0xf3, 0x1, 0xc0, 0xe1, 0xff, 0xc3,

    /* U+6447 "摇" */
    0x3, 0x7, 0x2a, 0x81, 0x31, 0x7d, 0x44, 0x33,
    0x1, 0x14, 0x8, 0x1f, 0x8c, 0x19, 0x21, 0x30,
    0x14, 0x14, 0x19, 0x81, 0xff, 0x4, 0xcd, 0x1,
    0x87, 0x3e, 0x83, 0x61, 0xd5, 0x1f, 0xf9, 0x3,
    0xa, 0x6, 0xc, 0x26, 0x18, 0x18, 0x30, 0x98,
    0x7a, 0x74, 0xc1, 0xe4, 0x3e, 0x70,

    /* U+644A "摊" */
    0xf, 0xfe, 0x26, 0x1e, 0xd0, 0xec, 0x3d, 0x98,
    0x6c, 0xbc, 0x49, 0x1, 0xf9, 0x27, 0xf8, 0x2c,
    0x2f, 0x81, 0x86, 0xc9, 0xdc, 0x18, 0x6e, 0x7c,
    0x7f, 0xf, 0x92, 0x86, 0xc, 0x27, 0x5, 0x98,
    0x30, 0xd8, 0x39, 0xfd, 0x5, 0x94, 0x6, 0xc,
    0x36, 0x41, 0x74, 0xe1, 0xe0, 0xec, 0x3f, 0xf8,
    0xe0,

    /* U+64AD "播" */
    0x4, 0x87, 0x35, 0x5, 0x25, 0xd3, 0x50, 0x69,
    0x4, 0x99, 0x23, 0xf8, 0x63, 0x30, 0xd2, 0x7f,
    0xe8, 0x12, 0x15, 0x3c, 0x86, 0xa2, 0x50, 0xce,
    0x5, 0xeb, 0x81, 0x2, 0x8d, 0x11, 0xef, 0x5e,
    0xa, 0x41, 0x83, 0x6, 0x14, 0x83, 0xa7, 0x4c,
    0x29, 0x6, 0x38, 0x30, 0x78, 0x2e, 0xbb, 0xf,
    0xfe, 0x18,

    /* U+64CD "操" */
    0x6, 0x1f, 0xfc, 0x1c, 0x2f, 0xe4, 0x36, 0x16,
    0x14, 0x81, 0xf9, 0x2b, 0x90, 0xd8, 0x2a, 0x2b,
    0x5, 0x82, 0x27, 0x6, 0x16, 0xa8, 0x9c, 0x18,
    0xdc, 0xfd, 0x7d, 0xa, 0xc3, 0xb4, 0x3d, 0x8f,
    0xfe, 0xb, 0x9, 0xf5, 0x3, 0xb1, 0xe2, 0x1d,
    0x7, 0x89, 0x4, 0x12, 0x1f, 0xfc, 0x30,

    /* U+6536 "收" */
    0xf, 0xfe, 0x36, 0xa, 0x7, 0x90, 0x60, 0xd0,
    0xf6, 0xc, 0x18, 0x7d, 0x83, 0x1f, 0xf0, 0x30,
    0x65, 0x81, 0xc2, 0xc1, 0xbe, 0x5, 0x2, 0xc1,
    0xd1, 0x46, 0x85, 0x83, 0xb, 0x30, 0xdb, 0x61,
    0x5a, 0x1b, 0xce, 0x13, 0x87, 0xec, 0x2e, 0xc3,
    0xec, 0x74, 0xb4, 0x3b, 0x70, 0xcc, 0x0,

    /* U+653E "放" */
    0xa, 0xc, 0xa0, 0xfa, 0x42, 0x90, 0xe5, 0x51,
    0x46, 0x87, 0x5d, 0x63, 0xf9, 0x4, 0x85, 0x60,
    0x90, 0xaf, 0x9f, 0x3, 0xd, 0x27, 0x32, 0x61,
    0xa4, 0xc2, 0xe4, 0x36, 0xc, 0x2f, 0x7, 0x60,
    0xc2, 0xb0, 0xcc, 0xc, 0x17, 0xa0, 0xb4, 0x19,
    0x60, 0xe1, 0x8b, 0xa8, 0x36, 0x87, 0xff, 0x8,

    /* U+6562 "敢" */
    0xf, 0xe8, 0x39, 0xfc, 0x83, 0xf, 0xec, 0xc,
    0x1d, 0xfe, 0xa7, 0xe8, 0x18, 0x18, 0xc1, 0x21,
    0x60, 0xa3, 0xa6, 0x1b, 0xa7, 0x74, 0x30, 0xd8,
    0x18, 0x19, 0x86, 0xfd, 0x3, 0xc8, 0x6c, 0xc,
    0x7, 0xc, 0xf7, 0xc9, 0xe8, 0x29, 0x3, 0x14,
    0x38, 0x3c, 0xd1, 0xa, 0x43, 0xff, 0x84,

    /* U+6570 "数" */
    0xd, 0x88, 0x20, 0xf6, 0x66, 0x38, 0x7a, 0x75,
    0xc, 0x1d, 0x4f, 0xa6, 0xfc, 0x81, 0xf9, 0x34,
    0x90, 0x50, 0xca, 0x78, 0xc2, 0x45, 0x2, 0x33,
    0xa, 0x9e, 0xa0, 0x2a, 0xd, 0x41, 0x82, 0xc3,
    0xb8, 0xc2, 0x74, 0x3a, 0xe0, 0x3b, 0x86, 0xb6,
    0x6c, 0xe, 0x92, 0x1a, 0xc, 0xa0,

    /* U+6574 "整" */
    0x9, 0x83, 0x41, 0xdf, 0xe2, 0x81, 0xf3, 0x5,
    0xfc, 0x95, 0x6f, 0x69, 0x85, 0x7d, 0x60, 0xe8,
    0x19, 0xf4, 0x15, 0xa1, 0x51, 0x85, 0x69, 0xe4,
    0x43, 0x90, 0xc8, 0x5f, 0xfe, 0x83, 0xe6, 0xf,
    0xec, 0xf, 0xe4, 0x3b, 0x3, 0x7, 0xdf, 0xff,
    0xc0, 0x80,

    /* U+6587 "文" */
    0xf, 0x21, 0xff, 0xc1, 0x70, 0xff, 0xe0, 0xe1,
    0xf7, 0xff, 0xf0, 0x20, 0xa4, 0x3b, 0xf, 0xb0,
    0xd4, 0xf, 0xa8, 0x16, 0x1f, 0xda, 0x70, 0x7f,
    0xba, 0x7, 0xfd, 0xe4, 0x3f, 0x9e, 0x78, 0x3c,
    0xda, 0x15, 0xc1, 0x79, 0xf, 0xad, 0xf, 0xfe,
    0x10,

    /* U+65AD "断" */
    0xf, 0xfe, 0x26, 0x1e, 0xb3, 0x4c, 0x46, 0xf4,
    0x6a, 0xcc, 0xd0, 0xd9, 0x72, 0x61, 0xdb, 0x74,
    0x70, 0xed, 0x5c, 0x9f, 0xce, 0x3e, 0x6, 0xc,
    0x19, 0xe7, 0x30, 0x60, 0xe3, 0xb, 0x6, 0xc,
    0x18, 0x18, 0x18, 0x30, 0xe6, 0x6, 0xf, 0xf8,
    0x2c, 0x3f, 0x61, 0x61, 0xff, 0xc3,

    /* U+65B0 "新" */
    0x9, 0xf, 0xfe, 0xd, 0x2, 0x6f, 0x20, 0xff,
    0x3a, 0x1e, 0xc1, 0x82, 0xf, 0xb1, 0x86, 0xe,
    0x7f, 0xcf, 0xf2, 0x12, 0x80, 0xc0, 0xc0, 0xff,
    0x98, 0x18, 0x72, 0xc3, 0x3, 0x9, 0x74, 0xb0,
    0x30, 0xb1, 0x47, 0x20, 0xc2, 0x45, 0x3, 0xb,
    0xd, 0x68, 0xa0, 0xb0, 0x0,

    /* U+65B9 "方" */
    0xf, 0x21, 0xff, 0xc1, 0xa0, 0x7f, 0xf0, 0x70,
    0xfb, 0xff, 0xf8, 0x1, 0xce, 0x1f, 0xfc, 0x7,
    0xf, 0xfe, 0x3, 0xfe, 0x83, 0xd2, 0x19, 0x83,
    0xd8, 0x75, 0x3, 0xac, 0x3a, 0x43, 0xb4, 0x3b,
    0x43, 0x68, 0x7b, 0xd, 0xa1, 0xbe, 0x43, 0xff,
    0x8a,

    /* U+65C1 "旁" */
    0xf, 0xfe, 0x43, 0x7, 0xcd, 0x6f, 0x57, 0x6,
    0x74, 0x2a, 0x7, 0xd4, 0xb, 0xe, 0xbf, 0xfe,
    0x4, 0x84, 0xa0, 0xd8, 0x10, 0xce, 0x19, 0x7,
    0xff, 0xf0, 0x10, 0xce, 0x1f, 0xfc, 0xb, 0xfd,
    0x7, 0x38, 0x75, 0x3, 0x5a, 0x1d, 0xa1, 0x70,
    0x67, 0xe0, 0xff, 0xe2, 0x80,

    /* U+65E5 "日" */
    0x7f, 0xf9, 0xc3, 0xce, 0xe1, 0xf6, 0xe1, 0xf6,
    0xe1, 0xf6, 0xff, 0xf3, 0x87, 0x9d, 0xc3, 0xed,
    0xc3, 0xed, 0xc3, 0xed, 0xff, 0xe7, 0xf, 0xb0,

    /* U+65F6 "时" */
    0xf, 0xf6, 0xb, 0xe0, 0xf6, 0xd, 0x58, 0x7b,
    0x6, 0x9, 0xff, 0xac, 0x10, 0x7b, 0x7, 0xe0,
    0x41, 0x60, 0xc1, 0x83, 0x41, 0x83, 0x4, 0x16,
    0xc, 0x18, 0x20, 0xa8, 0x60, 0xd3, 0xf, 0x60,
    0xf5, 0x3, 0xd8, 0x20, 0xfc, 0xe1, 0xfd, 0xf4,
    0x0,

    /* U+660E "明" */
    0xfe, 0x3f, 0xe0, 0xb3, 0xd, 0xe0, 0xb3, 0xd,
    0xe0, 0xb3, 0xad, 0xfe, 0x35, 0xde, 0xb, 0x30,
    0xde, 0xb, 0x35, 0xdf, 0x5e, 0x75, 0xde, 0x42,
    0x90, 0xdc, 0x1b, 0xe, 0xc3, 0x50, 0x3b, 0xd,
    0x84, 0xfa, 0xf, 0xfe, 0x0,

    /* U+661F "星" */
    0x5, 0xff, 0xa0, 0xd2, 0x1e, 0x60, 0xd7, 0xfe,
    0x83, 0x48, 0x79, 0x83, 0x5f, 0xfa, 0xe, 0xc0,
    0xa0, 0xfd, 0xff, 0xe0, 0xb8, 0x2a, 0x7, 0xca,
    0xff, 0xd0, 0x7e, 0xa0, 0x7f, 0xf0, 0x28, 0x1f,
    0x7f, 0xff, 0x0,

    /* U+662F "是" */
    0x5, 0xff, 0xa0, 0xd2, 0x1e, 0x60, 0xd7, 0x5e,
    0xe0, 0xd4, 0x5f, 0x50, 0x32, 0xff, 0x82, 0xff,
    0xfe, 0x0, 0x64, 0xc, 0x1f, 0xd8, 0x18, 0x3f,
    0x38, 0x1f, 0xe4, 0x2b, 0x86, 0xf, 0xac, 0xba,
    0x7, 0x9c, 0x26, 0xff, 0x21, 0xff, 0xc2,

    /* U+666F "景" */
    0x5, 0xd7, 0xb8, 0x35, 0x17, 0xd4, 0xd, 0x21,
    0xea, 0x6, 0x6a, 0xf5, 0x48, 0x4b, 0xdc, 0xbc,
    0x5, 0xff, 0xe0, 0x4, 0xff, 0xe4, 0x33, 0x7,
    0xa4, 0x33, 0xff, 0x90, 0xe5, 0x14, 0x10, 0xe7,
    0x81, 0x41, 0xe0, 0xa0, 0xbc, 0x84, 0xc0,

    /* U+66F4 "更" */
    0x3f, 0xff, 0x80, 0x1f, 0x30, 0x7e, 0xbf, 0xf8,
    0x36, 0x13, 0x5, 0x86, 0xff, 0xf0, 0x6c, 0x26,
    0xb, 0xd, 0xa0, 0xa0, 0x58, 0x6b, 0xff, 0x83,
    0xb0, 0x61, 0xff, 0x7a, 0xf, 0xf5, 0xdc, 0x87,
    0xbc, 0x84, 0xdf, 0x90, 0xff, 0xe1, 0x0,

    /* U+6700 "最" */
    0x5, 0xd7, 0xb4, 0x35, 0xd7, 0xb4, 0x34, 0x87,
    0xa4, 0x35, 0xd7, 0xb4, 0x3f, 0xf8, 0x8f, 0xa9,
    0xea, 0xf0, 0x5a, 0xa8, 0xbe, 0xb, 0x55, 0x1d,
    0x5a, 0x17, 0xe8, 0x95, 0x86, 0xc1, 0x40, 0x78,
    0x27, 0xfc, 0xde, 0x83, 0xe6, 0x88, 0x1c,

    /* U+6708 "月" */
    0xb, 0xff, 0x21, 0x61, 0xed, 0xb, 0xf, 0x68,
    0x5f, 0xf9, 0xb, 0xf, 0x68, 0x58, 0x7b, 0x40,
    0xe1, 0xed, 0x3, 0xff, 0x90, 0x68, 0x7b, 0x41,
    0x87, 0xda, 0x70, 0x7d, 0xaa, 0xe, 0xbd, 0x7,
    0xff, 0x4,

    /* U+6709 "有" */
    0xe, 0x50, 0x7f, 0xf0, 0x30, 0xfe, 0xff, 0xfe,
    0x0, 0x76, 0x87, 0xfd, 0x61, 0xff, 0xc0, 0xff,
    0xc8, 0x6f, 0x41, 0xd2, 0x16, 0xaf, 0xf9, 0xe,
    0x60, 0xe9, 0xe, 0x7f, 0xe4, 0x39, 0x83, 0xa4,
    0x39, 0x83, 0xa4, 0x39, 0x82, 0xbc, 0x10,

    /* U+670B "朋" */
    0x7, 0xe0, 0x7f, 0x3, 0x4, 0xc, 0x2c, 0x18,
    0x20, 0x61, 0x60, 0xfc, 0xf, 0xe0, 0x60, 0x81,
    0x85, 0x83, 0x4, 0xc, 0x2c, 0x1f, 0x81, 0xfc,
    0xc, 0x18, 0x30, 0xb1, 0x81, 0xc, 0x16, 0x48,
    0x22, 0x42, 0xcc, 0x2d, 0xc3, 0x64, 0xe, 0xa0,
    0x7a, 0xf, 0xfe, 0x8,

    /* U+6717 "朗" */
    0x9, 0xf, 0xfe, 0x5, 0x2, 0xfe, 0x3f, 0xc6,
    0x16, 0x61, 0x39, 0x85, 0x9f, 0xe3, 0xf8, 0xc2,
    0x73, 0xb, 0x34, 0xe, 0x61, 0x67, 0xf4, 0x60,
    0x73, 0x4, 0x17, 0xf1, 0x82, 0x83, 0x5, 0x98,
    0xd9, 0x40, 0xb3, 0xe5, 0x58, 0x4e, 0x41, 0x98,
    0x1e, 0x83, 0xff, 0x82,

    /* U+671B "望" */
    0x9, 0xf, 0xfe, 0xc, 0x81, 0xfe, 0x1f, 0xf3,
    0x81, 0xc2, 0xc3, 0x3a, 0xd8, 0x58, 0x11, 0xfe,
    0xb, 0xe8, 0xd0, 0xb0, 0xa0, 0xac, 0x14, 0xc3,
    0xe4, 0x25, 0x6, 0xff, 0xf2, 0x1f, 0x50, 0x3f,
    0x5f, 0xfc, 0x1f, 0xa8, 0x1f, 0x7f, 0xff, 0x1,

    /* U+671D "朝" */
    0xa, 0x43, 0xfe, 0x90, 0xbf, 0x9f, 0xf1, 0x85,
    0x85, 0x21, 0x61, 0x67, 0xf4, 0x75, 0x66, 0x13,
    0x1a, 0xd9, 0xfd, 0x18, 0x59, 0x84, 0xce, 0x7,
    0x2f, 0xd3, 0xd3, 0xc1, 0x48, 0x24, 0x2d, 0xff,
    0x83, 0x61, 0x48, 0xe1, 0xb0, 0xa4, 0xc2, 0xf4,
    0x1f, 0xfc, 0x10,

    /* U+6728 "木" */
    0xf, 0x50, 0x3f, 0xf8, 0x14, 0xf, 0xfe, 0x5,
    0x3, 0xff, 0x81, 0x40, 0xfb, 0xff, 0xf8, 0x1,
    0xe7, 0xc8, 0x7f, 0xba, 0x61, 0xfd, 0xb4, 0x70,
    0xfa, 0x85, 0xa, 0x7, 0x70, 0x28, 0xb, 0x3,
    0xc1, 0x50, 0x2b, 0x44, 0x35, 0x3, 0x21, 0xf5,
    0x3, 0xc0,

    /* U+672C "本" */
    0xf, 0x50, 0x3f, 0xf8, 0x14, 0xf, 0xfe, 0x5,
    0x3, 0xef, 0xff, 0xe0, 0x7, 0x3d, 0x30, 0xfe,
    0x9a, 0x30, 0x7c, 0xe5, 0xd, 0xf, 0x69, 0x41,
    0xc3, 0xb8, 0x14, 0x5, 0x85, 0xd3, 0xfd, 0x4c,
    0x8, 0x15, 0x45, 0x1, 0xf, 0xa8, 0x1f, 0xfc,
    0xa, 0x7, 0x80,

    /* U+672F "术" */
    0xf, 0x50, 0x43, 0xfd, 0x43, 0x83, 0xfa, 0x80,
    0xe0, 0xfd, 0x40, 0xfb, 0xff, 0xf8, 0x1, 0xf7,
    0x90, 0xff, 0x7a, 0xc3, 0xfa, 0xb1, 0x87, 0xd4,
    0x28, 0x38, 0x75, 0x82, 0x80, 0x74, 0x1c, 0x15,
    0x2, 0x70, 0xfa, 0x81, 0xff, 0xc0, 0xa0, 0x78,

    /* U+6735 "朵" */
    0xd, 0xfe, 0xf, 0xd8, 0x6c, 0x3e, 0x70, 0xd8,
    0x7d, 0xa1, 0xb0, 0xeb, 0x40, 0xa2, 0xf8, 0x3e,
    0xa0, 0x7d, 0xff, 0xfc, 0x0, 0xf7, 0xe0, 0xfe,
    0xda, 0x38, 0x7a, 0xd2, 0x83, 0xc1, 0x70, 0x54,
    0xa, 0xc3, 0xea, 0x7, 0x80,

    /* U+675F "束" */
    0xf, 0x50, 0x3f, 0xf8, 0x14, 0xf, 0xbf, 0xff,
    0x80, 0x1f, 0x50, 0x3f, 0x7f, 0xf8, 0x36, 0x15,
    0x2, 0xc3, 0x61, 0x50, 0x2c, 0x37, 0xff, 0x83,
    0xeb, 0xd0, 0x7f, 0x57, 0x83, 0xcf, 0x14, 0x2d,
    0xb, 0xc8, 0x28, 0x7, 0xc0, 0x43, 0x50, 0x32,
    0x0,

    /* U+6761 "条" */
    0xe, 0xc3, 0xff, 0x81, 0xea, 0xe0, 0xf7, 0x90,
    0x3a, 0x19, 0xd5, 0xa6, 0x87, 0x21, 0x3e, 0x43,
    0xf3, 0x74, 0xe4, 0x27, 0xd2, 0x28, 0x6f, 0x7,
    0xd4, 0xf, 0xdf, 0xfe, 0xf, 0x25, 0x4, 0x3e,
    0xd2, 0x85, 0x3, 0x3a, 0xa, 0x2, 0xc3, 0xef,
    0x21, 0x20,

    /* U+6765 "来" */
    0xf, 0x50, 0x3f, 0xf8, 0x14, 0xf, 0xaf, 0xff,
    0x41, 0xa0, 0x50, 0x12, 0x1d, 0xa5, 0x1, 0x87,
    0x98, 0xa1, 0x21, 0xbf, 0xff, 0x80, 0x1c, 0xde,
    0x90, 0xfd, 0x74, 0xd0, 0xf9, 0xca, 0x1a, 0x1d,
    0x60, 0xa0, 0x38, 0x2e, 0xa, 0x81, 0x58, 0x7d,
    0x40, 0xf0,

    /* U+6781 "极" */
    0xa, 0xf, 0xfe, 0xc, 0x5f, 0xc8, 0x66, 0xb,
    0x6, 0x1b, 0xf0, 0x30, 0x61, 0xd6, 0x16, 0x30,
    0x77, 0x91, 0xcb, 0xe0, 0xbb, 0x1d, 0x3, 0x2,
    0xa0, 0x53, 0x6, 0x83, 0x60, 0x64, 0xac, 0xa,
    0x20, 0x60, 0xf2, 0x1d, 0x14, 0x7, 0x83, 0xd3,
    0x83, 0x9d, 0xd, 0x44, 0xd0, 0xb0, 0xff, 0xe1,
    0x80,

    /* U+679C "果" */
    0x7, 0xff, 0x83, 0x68, 0x28, 0x7, 0xd, 0xff,
    0xe0, 0xda, 0xa, 0x1, 0xc3, 0x68, 0x28, 0x7,
    0xd, 0x5b, 0xd5, 0x83, 0xf5, 0x3, 0xef, 0xff,
    0xe0, 0x7, 0x3d, 0x34, 0x3e, 0xb2, 0x85, 0x3,
    0x5a, 0xa, 0x1, 0xe0, 0x21, 0xa8, 0x19, 0x0,

    /* U+67D4 "柔" */
    0xf, 0xfe, 0x25, 0xff, 0x83, 0xe5, 0xd, 0x3,
    0xfa, 0xf8, 0x3d, 0x5b, 0xea, 0xb8, 0x33, 0xa6,
    0x7, 0x9, 0xe1, 0xb0, 0x21, 0x90, 0x9a, 0x7,
    0xdf, 0xff, 0xc0, 0xe, 0x7f, 0x21, 0xf5, 0x94,
    0x38, 0x35, 0xc0, 0xa0, 0x2e, 0x4, 0x1a, 0x81,
    0xa0,

    /* U+67E5 "查" */
    0xf, 0x48, 0x7f, 0xf0, 0x24, 0x3e, 0xff, 0xfe,
    0x0, 0x73, 0xd3, 0x43, 0xeb, 0x24, 0xe0, 0xd7,
    0x1, 0x40, 0xb8, 0x11, 0x7f, 0xa2, 0xd, 0x87,
    0xb0, 0xf7, 0xab, 0x78, 0x3d, 0x87, 0xb0, 0xf7,
    0xab, 0x78, 0x3f, 0xf8, 0xdf, 0xff, 0xc0, 0x0,

    /* U+6807 "标" */
    0xb, 0xf, 0xfe, 0xe, 0x7, 0xfa, 0xd, 0x87,
    0xfd, 0xfc, 0x1f, 0xcd, 0xa8, 0x3f, 0xd7, 0x1f,
    0xf2, 0xf, 0x48, 0x58, 0x73, 0x64, 0x46, 0x21,
    0x66, 0x6, 0x32, 0x40, 0x98, 0x24, 0xc1, 0x86,
    0xc7, 0x6, 0xd, 0xb, 0x10, 0xb0, 0x28, 0x2c,
    0x2b, 0xc1, 0xff, 0xc6,

    /* U+6837 "样" */
    0x3, 0x1, 0x41, 0x48, 0x4c, 0x16, 0x16, 0x19,
    0x82, 0x91, 0x82, 0xfc, 0xff, 0xc1, 0x50, 0x3b,
    0xf, 0x78, 0x3b, 0xf, 0x76, 0x7f, 0xa0, 0x56,
    0xd, 0x87, 0x6c, 0x1d, 0x86, 0x5a, 0x3f, 0xf2,
    0x6, 0xe, 0xc3, 0xcc, 0x1d, 0x87, 0x98, 0x3b,
    0xc,

    /* U+6839 "根" */
    0xb, 0xf, 0xfe, 0xe, 0xf, 0xf2, 0x1b, 0x6,
    0x1a, 0x41, 0x4e, 0x7d, 0x56, 0x84, 0xe0, 0xd0,
    0xb4, 0x2b, 0x8c, 0x34, 0x85, 0xe9, 0xff, 0x20,
    0x6c, 0x71, 0x80, 0x83, 0x30, 0x60, 0xce, 0x4,
    0x60, 0xc1, 0x68, 0x76, 0xc, 0x2d, 0xe, 0xc1,
    0xd4, 0x70, 0x6c, 0x1c, 0x1a, 0xf, 0xfe, 0x18,

    /* U+6846 "框" */
    0x3, 0x7, 0xff, 0x1, 0x8b, 0xfe, 0x9, 0x89,
    0xf, 0x9f, 0xd3, 0xfd, 0x5, 0x42, 0x41, 0x21,
    0xde, 0x64, 0x12, 0x19, 0xee, 0x6f, 0xc8, 0x3a,
    0x12, 0x9, 0x9, 0x98, 0x90, 0x48, 0x48, 0xc5,
    0x3f, 0xc1, 0x31, 0x21, 0xfc, 0xc5, 0xd7, 0x90,
    0x30, 0x7f, 0x80,

    /* U+6848 "案" */
    0xf, 0xfe, 0x44, 0x87, 0xd7, 0xff, 0xc0, 0x90,
    0xa0, 0xec, 0x3d, 0x40, 0xfd, 0x57, 0xaa, 0xf5,
    0x10, 0xac, 0x27, 0xf, 0xcf, 0xe9, 0xd, 0x7a,
    0x8a, 0x1b, 0x83, 0xe6, 0xf, 0xbf, 0xff, 0x80,
    0x86, 0x7b, 0xa0, 0x79, 0xe1, 0x87, 0x90, 0x48,
    0x4c, 0x13, 0x20,

    /* U+68C0 "检" */
    0xf, 0xfe, 0x22, 0x83, 0x61, 0xf2, 0x82, 0x78,
    0x3d, 0x40, 0xb2, 0x81, 0x3f, 0x8d, 0x7, 0x6,
    0xa1, 0xc1, 0x3c, 0x17, 0x99, 0xac, 0x40, 0x7a,
    0x7, 0xfa, 0x8b, 0x8c, 0x18, 0x52, 0x81, 0x12,
    0x60, 0x45, 0x3, 0x15, 0x21, 0x94, 0x1e, 0x83,
    0x94, 0x56, 0xf5, 0x2, 0x50, 0x7f, 0x80,

    /* U+68D2 "棒" */
    0xf, 0xfe, 0x22, 0x83, 0xb0, 0xf2, 0x87, 0xfd,
    0x4, 0xa0, 0xd2, 0x1d, 0xf8, 0xff, 0x21, 0x70,
    0x4e, 0x1f, 0x78, 0xff, 0xc1, 0x76, 0x3a, 0xd0,
    0x54, 0x5b, 0x18, 0xd0, 0x6a, 0x37, 0xf1, 0xaa,
    0x50, 0x66, 0xf, 0x28, 0x7f, 0xc8, 0x4a, 0xc,
    0xc1, 0xe5, 0x6, 0x60, 0xc0,

    /* U+695A "楚" */
    0xa, 0x43, 0x61, 0xd4, 0xf4, 0xd3, 0xd4, 0x9,
    0xf2, 0xb, 0xc8, 0x6e, 0x98, 0xfa, 0xc2, 0xc9,
    0x1c, 0xc1, 0x86, 0x50, 0x64, 0x3b, 0xff, 0xf8,
    0x1, 0x90, 0x48, 0x54, 0xd, 0x82, 0x42, 0x83,
    0xb0, 0x5f, 0x90, 0xd7, 0x12, 0x1f, 0x39, 0xf2,
    0x1f, 0x61, 0x3f, 0xf2, 0x1f, 0xfc, 0x20,

    /* U+6A21 "模" */
    0x4, 0x85, 0x83, 0xe, 0x92, 0x9e, 0xbd, 0x5,
    0x40, 0xb4, 0xd0, 0x3f, 0x86, 0x8d, 0x3, 0x50,
    0x65, 0xda, 0x17, 0x87, 0xfc, 0x81, 0xe8, 0xc1,
    0xa4, 0x14, 0x67, 0xfc, 0x83, 0x90, 0xd2, 0x19,
    0x52, 0x7f, 0xe0, 0xa4, 0x2a, 0x90, 0xe9, 0x5,
    0x83, 0x83, 0x4a, 0xd0, 0xce, 0x1f, 0xfc, 0x30,

    /* U+6A2A "横" */
    0xb, 0xb, 0xb, 0xf, 0x60, 0xba, 0xb9, 0xd,
    0x85, 0xa3, 0x86, 0xbd, 0x26, 0x16, 0x19, 0xb6,
    0xff, 0xc1, 0x58, 0x76, 0x1f, 0x7a, 0x3b, 0xd4,
    0xd0, 0xae, 0x70, 0x60, 0x90, 0x4e, 0x3d, 0x3a,
    0x68, 0x33, 0x6, 0xc, 0x12, 0x1b, 0x5, 0x7c,
    0x1d, 0x81, 0xc2, 0xd0, 0xec, 0xa0, 0x75, 0x3,
    0xff, 0x88,

    /* U+6B21 "次" */
    0xf, 0x21, 0xf9, 0xd, 0xa1, 0xf5, 0x85, 0x87,
    0xf3, 0x97, 0xfc, 0x1e, 0xd1, 0x3, 0x7, 0x38,
    0x30, 0x68, 0x72, 0x16, 0x8, 0x3b, 0x9, 0xd0,
    0xf5, 0x85, 0x70, 0x7b, 0xd, 0xb8, 0x76, 0x85,
    0xc0, 0xc3, 0x41, 0x70, 0x56, 0x1c, 0xf0, 0x75,
    0x87, 0xff, 0xc,

    /* U+6B62 "止" */
    0xf, 0xb0, 0xff, 0xe0, 0xe1, 0xff, 0xc1, 0xc3,
    0xf3, 0x5, 0x87, 0xea, 0x5, 0x87, 0xea, 0x5,
    0xfd, 0x5, 0x40, 0xb0, 0xfd, 0x40, 0xb0, 0xfd,
    0x40, 0xb0, 0xfd, 0x40, 0xb0, 0xfd, 0x40, 0xb0,
    0xf3, 0xff, 0xfc, 0x0, 0xff, 0xe1, 0x80,

    /* U+6B63 "正" */
    0x2f, 0xff, 0x83, 0xf6, 0x1f, 0xfc, 0x1c, 0x3f,
    0x90, 0xb0, 0xfe, 0xc2, 0xc3, 0xfb, 0xb, 0xf9,
    0xd, 0x85, 0x87, 0xf6, 0x16, 0x1f, 0xd8, 0x58,
    0x7f, 0x61, 0x61, 0xf5, 0xea, 0x7a, 0xb9, 0x17,
    0xff, 0x80, 0x0,

    /* U+6BD4 "比" */
    0xf, 0xfe, 0x16, 0x19, 0xc3, 0xd8, 0x67, 0xf,
    0x61, 0x9c, 0x3d, 0x86, 0x70, 0x50, 0x18, 0x67,
    0x2d, 0x7, 0xe5, 0x7c, 0x1b, 0xc, 0xe8, 0x76,
    0x19, 0xc3, 0xd8, 0x67, 0xf, 0x61, 0x9c, 0x2c,
    0x18, 0x67, 0xb, 0x1e, 0xf2, 0xb0, 0xb2, 0xe0,
    0xdf, 0x90, 0xff, 0xe1, 0x0,

    /* U+6C42 "求" */
    0xf, 0x50, 0x83, 0xfd, 0x41, 0xd0, 0xfd, 0x40,
    0x30, 0x5f, 0xff, 0xc0, 0xf, 0xac, 0x24, 0x36,
    0x82, 0xd1, 0xc3, 0xb4, 0xbc, 0xe1, 0xf2, 0x55,
    0x87, 0xe7, 0xd1, 0xa1, 0xcf, 0x14, 0x1d, 0xb,
    0xc8, 0x28, 0x7, 0x80, 0x86, 0x90, 0xd0, 0x77,
    0xc1, 0xf0,

    /* U+6CA1 "没" */
    0xf, 0xfe, 0x1d, 0x85, 0xfc, 0x1c, 0xc0, 0xc2,
    0xc3, 0xfb, 0xb, 0x9, 0x82, 0xd0, 0xba, 0x1,
    0xc9, 0xe, 0x50, 0x73, 0xff, 0x7, 0xd4, 0xa,
    0xc3, 0xb0, 0x61, 0x61, 0xda, 0x7, 0x74, 0x33,
    0x86, 0xbc, 0x1d, 0xa3, 0x73, 0x72, 0x4, 0x1a,
    0x1d, 0x60,

    /* U+6CB9 "油" */
    0x18, 0x3b, 0xf, 0x5a, 0x16, 0x1f, 0x21, 0xb0,
    0xfe, 0xff, 0xc4, 0x16, 0xd, 0x6, 0x3a, 0x60,
    0xc2, 0xc3, 0xb0, 0x61, 0x61, 0xdf, 0xf8, 0x28,
    0xc1, 0xa0, 0xc0, 0xc6, 0xc, 0x2c, 0x18, 0x30,
    0x61, 0x65, 0x1, 0xff, 0x84, 0x2c, 0x3d, 0x80,

    /* U+6CE8 "注" */
    0xf, 0xc8, 0x79, 0xe0, 0xd8, 0x7e, 0x83, 0x28,
    0x3f, 0x3f, 0xf8, 0x8, 0x7b, 0x43, 0xad, 0xd,
    0xa1, 0xff, 0xc0, 0xd0, 0xfe, 0xff, 0x90, 0xd8,
    0x6d, 0xf, 0x30, 0x6d, 0xf, 0x61, 0xda, 0x1d,
    0x40, 0xed, 0xe, 0xc1, 0xff, 0xc8, 0x7f, 0xf0,
    0x80,

    /* U+6D41 "流" */
    0x10, 0xf4, 0x1e, 0x74, 0x36, 0x1f, 0xa9, 0xff,
    0x83, 0xe7, 0x4, 0x1a, 0xd, 0x84, 0xc1, 0x58,
    0xff, 0xd0, 0x48, 0x10, 0xf4, 0x1e, 0x93, 0x24,
    0x3b, 0x24, 0xc9, 0xd, 0x42, 0x4c, 0x90, 0xd8,
    0x30, 0x64, 0xa0, 0x50, 0xa0, 0x32, 0x58, 0xc1,
    0x84, 0x8f, 0x83, 0xff, 0x86,

    /* U+6D6A "浪" */
    0xf, 0xc8, 0x79, 0xc3, 0xb0, 0xf9, 0xcf, 0xf8,
    0x3e, 0xc3, 0xb0, 0xa0, 0xbf, 0xe0, 0xad, 0x30,
    0xec, 0x32, 0xc, 0x3b, 0xf, 0xbf, 0xe0, 0xe8,
    0xc1, 0x22, 0x82, 0xa1, 0x81, 0xec, 0x36, 0xc,
    0x2b, 0xd, 0x40, 0x6d, 0xe, 0xa, 0x3, 0xe4,
    0x2b, 0xf, 0xfe, 0x18,

    /* U+6E05 "清" */
    0x14, 0x1d, 0x87, 0x9e, 0x7f, 0xe8, 0x32, 0x1b,
    0xf, 0xf7, 0xfc, 0x82, 0x2, 0xed, 0x70, 0x1c,
    0x5f, 0xe0, 0xf7, 0xfc, 0x1f, 0x61, 0xd8, 0x67,
    0x3f, 0xe0, 0xd2, 0x61, 0xd8, 0x6c, 0x1f, 0xf0,
    0x54, 0x6, 0x1d, 0x85, 0x5, 0x85, 0x70, 0x0,

    /* U+6E29 "温" */
    0x2, 0x1f, 0xfc, 0x1b, 0x2f, 0xf2, 0x19, 0x52,
    0x1b, 0x43, 0xd7, 0xf9, 0x4, 0x82, 0x43, 0x68,
    0x1e, 0x2f, 0xf2, 0x1f, 0xfc, 0x8f, 0xfa, 0xd,
    0x99, 0x12, 0xa0, 0x9c, 0xc8, 0x5a, 0xb, 0x4c,
    0x85, 0xa0, 0x38, 0x32, 0x16, 0x81, 0x27, 0xff,
    0x41, 0xff, 0xc2,

    /* U+70B9 "点" */
    0xf, 0x61, 0xff, 0xc1, 0xc3, 0xff, 0x83, 0xfe,
    0x83, 0xec, 0x3f, 0xab, 0x7a, 0xa0, 0xed, 0x7e,
    0xc3, 0xb0, 0xfb, 0xe, 0xc3, 0xec, 0x3b, 0xff,
    0x83, 0xff, 0x8f, 0x8c, 0x28, 0xa0, 0x54, 0x1c,
    0x18, 0x38, 0x70, 0xb0, 0x61, 0x61, 0xff, 0xc3,

    /* U+7136 "然" */
    0xf, 0xfe, 0x2c, 0x86, 0xd4, 0x1d, 0xf8, 0x19,
    0xa1, 0x50, 0x18, 0x30, 0x20, 0x76, 0x6f, 0xf0,
    0x30, 0x38, 0x5a, 0x19, 0xa3, 0x1, 0xe0, 0xf5,
    0x85, 0xb8, 0x73, 0x85, 0x41, 0xc2, 0xf0, 0x5e,
    0xa, 0xc3, 0xe4, 0x39, 0xb, 0x4, 0x8, 0x70,
    0xa8, 0xc, 0x18, 0x28, 0xc, 0x28, 0x10, 0x58,

    /* U+718A "熊" */
    0xf, 0xfe, 0x2e, 0x1b, 0xf, 0xa4, 0xd3, 0x7c,
    0x82, 0xe9, 0xe3, 0x43, 0x96, 0x2, 0x61, 0x48,
    0x3f, 0x45, 0xf8, 0x2d, 0x54, 0x30, 0xfb, 0x55,
    0xd, 0xf2, 0x17, 0x4e, 0x34, 0x3d, 0x81, 0x8c,
    0x29, 0x4, 0x5a, 0x5f, 0x41, 0x20, 0x40, 0x81,
    0xd, 0x83, 0x6, 0xa, 0x2, 0x41, 0x82, 0x41,
    0x87, 0xff, 0xc,

    /* U+7231 "爱" */
    0xf, 0xe5, 0x82, 0x7f, 0xd5, 0x21, 0xd0, 0x24,
    0x18, 0x7a, 0x46, 0x24, 0x37, 0xff, 0xf0, 0x1,
    0x85, 0x87, 0xb0, 0xbf, 0xfc, 0x1e, 0x90, 0xff,
    0xe0, 0x7f, 0xc1, 0xea, 0x68, 0x28, 0x1c, 0xe0,
    0xa7, 0x7, 0x58, 0xdd, 0xe9, 0xa, 0x4, 0x86,
    0x68, 0x0,

    /* U+7247 "片" */
    0xf, 0xd8, 0x79, 0xc3, 0x61, 0xe7, 0xd, 0x87,
    0x9c, 0x27, 0xf, 0x3f, 0xfe, 0x3, 0x87, 0xfc,
    0xe1, 0xff, 0x3f, 0xf4, 0x1a, 0x81, 0xcc, 0x1b,
    0x43, 0x98, 0x36, 0x1e, 0x60, 0xb8, 0x3c, 0xc1,
    0x41, 0xf3, 0x7, 0xff, 0xc,

    /* U+7269 "物" */
    0xf, 0xfe, 0x2e, 0x14, 0x87, 0xa3, 0xb, 0xf,
    0xb3, 0x3, 0xaf, 0x3, 0xf3, 0x4e, 0x9e, 0x18,
    0xc7, 0x32, 0x71, 0x46, 0x69, 0x99, 0x86, 0xc4,
    0x93, 0x30, 0x37, 0x93, 0x24, 0xc7, 0x70, 0x69,
    0x83, 0xd, 0x8a, 0x28, 0xc, 0x36, 0x1b, 0x3,
    0x6, 0xc2, 0xd0, 0x48, 0x6c, 0xa, 0x2f, 0x7,
    0xff, 0x10,

    /* U+72B6 "状" */
    0xf, 0xfe, 0x2e, 0x85, 0x88, 0x7b, 0x42, 0xc6,
    0x3, 0x9a, 0x16, 0x9, 0x5, 0x34, 0x2c, 0x3e,
    0xb7, 0xff, 0x6, 0xd0, 0x3a, 0x1f, 0x68, 0x1e,
    0xf, 0x79, 0x3, 0x61, 0xdb, 0xa0, 0xd9, 0x9,
    0x46, 0x8e, 0xc, 0x3d, 0xa6, 0x82, 0x81, 0xdb,
    0xc1, 0xb8, 0x37, 0x40, 0xf6, 0x0,

    /* U+72D0 "狐" */
    0xf, 0xf9, 0x81, 0x43, 0x2f, 0xe4, 0x2f, 0x26,
    0xc, 0xc3, 0x78, 0x18, 0x33, 0xb, 0xb4, 0xc1,
    0x98, 0x49, 0x43, 0x4, 0x41, 0xdc, 0x60, 0x89,
    0xa, 0xe3, 0x18, 0x90, 0x73, 0x18, 0xc3, 0x2,
    0x19, 0x89, 0x8c, 0x33, 0x44, 0xc8, 0xc3, 0x4e,
    0x5f, 0x32, 0x5c, 0xc2, 0x81, 0x28, 0x3f, 0xf8,
    0x40,

    /* U+731C "猜" */
    0x20, 0x41, 0xb0, 0xea, 0xcf, 0xfc, 0x17, 0x83,
    0x38, 0x75, 0xe0, 0x2a, 0xd6, 0x4, 0x4d, 0x6e,
    0xb0, 0x54, 0xf, 0xfe, 0x7, 0x1f, 0xf0, 0x5d,
    0xc, 0x3b, 0x7, 0x31, 0xff, 0x2, 0x18, 0xc3,
    0xb0, 0xcc, 0x7f, 0xc1, 0xa4, 0xc3, 0xb0, 0x7a,
    0x6, 0x15, 0xc1, 0xff, 0xc3,

    /* U+738B "王" */
    0x1f, 0xff, 0x41, 0xf3, 0x7, 0xff, 0x1, 0x83,
    0xff, 0x80, 0xc1, 0xff, 0xc0, 0x60, 0xfd, 0x7f,
    0xf2, 0x1f, 0x30, 0x7f, 0xf0, 0x18, 0x3f, 0xf8,
    0xc, 0x1f, 0xfc, 0x6, 0xf, 0xbf, 0xff, 0x80,
    0x8b, 0xff, 0xc0, 0x0,

    /* U+73B0 "现" */
    0x3f, 0x5f, 0xe4, 0x36, 0xd, 0xb, 0x43, 0x60,
    0xd3, 0x34, 0x36, 0xd, 0x33, 0x41, 0xf9, 0xd3,
    0x34, 0x36, 0xd, 0x33, 0x43, 0x60, 0xd2, 0x34,
    0x36, 0x4, 0xb1, 0xe, 0xd4, 0xe, 0x43, 0x37,
    0x92, 0x8a, 0x24, 0x90, 0x9c, 0x51, 0x7, 0xb8,
    0x2f, 0x83, 0xff, 0x86,

    /* U+7403 "球" */
    0xf, 0xec, 0x80, 0xfe, 0xd, 0x94, 0x3, 0xc8,
    0x6c, 0x8, 0x52, 0x5f, 0xf4, 0x9, 0xe, 0xc0,
    0x83, 0xe8, 0xc1, 0x8e, 0x14, 0x81, 0x8e, 0xc3,
    0x48, 0x6b, 0xc8, 0x69, 0xa, 0xf4, 0x86, 0xa8,
    0xe3, 0x30, 0x3e, 0x9e, 0x6, 0x38, 0x10, 0x90,
    0xb0, 0x30, 0x7d, 0xe8, 0x3f, 0xf8, 0xc0,

    /* U+7406 "理" */
    0x7f, 0x3f, 0xf0, 0x52, 0x30, 0x30, 0x61, 0x48,
    0xe0, 0xc7, 0xa, 0x47, 0xa7, 0x4c, 0x17, 0xa6,
    0x6, 0xc, 0x29, 0x1f, 0xf8, 0x29, 0xe, 0xc3,
    0xd2, 0x1d, 0x87, 0xa8, 0xaf, 0xf8, 0x17, 0xa0,
    0xd8, 0x66, 0x43, 0xd8, 0x7e, 0x7f, 0xf4,

    /* U+7528 "用" */
    0x7, 0xff, 0x82, 0xc2, 0x70, 0xb0, 0xb0, 0xd8,
    0x58, 0x5e, 0xa7, 0xaa, 0xc2, 0xd0, 0x38, 0x58,
    0x58, 0x6c, 0x2c, 0x2c, 0x27, 0xb, 0xb, 0xff,
    0xc1, 0x61, 0xb0, 0xb0, 0x30, 0x6c, 0x2c, 0x1a,
    0x1b, 0xb, 0x18, 0x3b, 0x3e, 0xf, 0xfe, 0x10,

    /* U+7535 "电" */
    0xe, 0xd0, 0xff, 0xb4, 0x3e, 0xff, 0xf0, 0x58,
    0x5a, 0x16, 0x16, 0x16, 0x85, 0x85, 0xff, 0xe0,
    0xb0, 0xb4, 0x2c, 0x2c, 0x2d, 0xb, 0xb, 0xff,
    0xc1, 0x61, 0x68, 0x64, 0x3d, 0xa1, 0xa4, 0x3b,
    0x83, 0x61, 0xe7, 0xfa, 0x0,

    /* U+753B "画" */
    0xff, 0xfe, 0x0, 0x7f, 0xf3, 0x13, 0xfe, 0x3,
    0x98, 0x30, 0x63, 0xe3, 0xfe, 0x1f, 0x18, 0x30,
    0x63, 0xe3, 0x6, 0xc, 0x7c, 0x7f, 0xc3, 0xe0,
    0xfe, 0x7f, 0xff, 0x82, 0x1f, 0xe7,

    /* U+7684 "的" */
    0xf, 0xfe, 0x16, 0x1b, 0xf, 0x61, 0xb0, 0xd7,
    0xa8, 0x5f, 0xad, 0x6, 0x68, 0x1f, 0x5, 0xd0,
    0x37, 0x82, 0xd1, 0xb, 0xfc, 0xc, 0x2b, 0xb,
    0x3, 0x8d, 0x85, 0x85, 0x2a, 0xc2, 0xc3, 0x9b,
    0xb, 0xe, 0x9f, 0xe0, 0xed, 0xc3, 0xcf, 0xc1,
    0xff, 0xc1,

    /* U+76D8 "盘" */
    0xf, 0xfe, 0x45, 0x3, 0xfa, 0xff, 0xa0, 0xec,
    0x10, 0x4c, 0x1d, 0x85, 0x81, 0x82, 0xff, 0xfe,
    0x4, 0x16, 0x8, 0x26, 0xd, 0xc0, 0x70, 0x50,
    0x26, 0xf, 0x51, 0xd, 0x7f, 0xf0, 0x69, 0x20,
    0x60, 0xc3, 0x49, 0x3, 0x6, 0x1a, 0x48, 0x18,
    0x30, 0xbf, 0xff, 0x81, 0x0,

    /* U+76EE "目" */
    0xff, 0xf8, 0x3e, 0x7c, 0x1f, 0x3f, 0xff, 0xc0,
    0x43, 0xcf, 0x83, 0xe7, 0xc1, 0xf3, 0xff, 0xfc,
    0x0, 0xf9, 0xf0, 0x7c, 0xff, 0xff, 0x0, 0x3e,
    0x70,

    /* U+76F4 "直" */
    0xf, 0x30, 0x7d, 0x7f, 0xfc, 0x1f, 0x68, 0x7f,
    0x55, 0xea, 0x90, 0xec, 0x3d, 0x40, 0xee, 0xbd,
    0xc1, 0xd8, 0x7a, 0x81, 0xdd, 0x7b, 0x83, 0xb0,
    0xf3, 0x7, 0x75, 0xee, 0xe, 0xc3, 0xcc, 0x19,
    0xc3, 0xcc, 0x17, 0xff, 0xf0, 0x20,

    /* U+76F8 "相" */
    0xb, 0xf, 0xfe, 0x6, 0x7, 0xfc, 0x16, 0x6,
    0xd, 0x9f, 0xcc, 0x1b, 0x3, 0x81, 0xff, 0x2,
    0xc0, 0xc1, 0xb0, 0x7c, 0x30, 0x6c, 0x6d, 0x98,
    0x36, 0x66, 0x4f, 0xf9, 0x8c, 0xc, 0x1b, 0xb,
    0x3, 0x6, 0xc2, 0xc0, 0xff, 0x82, 0xc0, 0xc1,
    0xb0, 0xff, 0xe0, 0x80,

    /* U+770B "看" */
    0xf, 0xe5, 0x83, 0x7f, 0x54, 0xa0, 0xf9, 0x83,
    0xfb, 0xff, 0xc8, 0x73, 0x87, 0xf5, 0x5e, 0xaf,
    0x83, 0x5a, 0xfc, 0x19, 0xf2, 0xf5, 0x85, 0x77,
    0x5d, 0xe0, 0xa1, 0x83, 0xd8, 0x73, 0xd7, 0x78,
    0x39, 0x83, 0x9c, 0x39, 0xff, 0xc0,

    /* U+771F "真" */
    0xf, 0x28, 0x3e, 0x6b, 0x7a, 0xb2, 0x5, 0xee,
    0x5e, 0xd, 0xd3, 0xd4, 0xc3, 0xd8, 0x7b, 0xf,
    0x75, 0xec, 0x3d, 0xd7, 0xb0, 0xf6, 0x1e, 0xc3,
    0xda, 0xfb, 0xd, 0x4e, 0xbd, 0xe8, 0x3a, 0x40,
    0xc8, 0x73, 0xc1, 0xae, 0xa, 0x81, 0xf9, 0x80,

    /* U+773C "眼" */
    0xfc, 0x7f, 0xa3, 0x6, 0x61, 0x98, 0xc1, 0x9d,
    0x78, 0xfc, 0x6b, 0xa8, 0x60, 0xcc, 0x33, 0x18,
    0x33, 0xfd, 0x1f, 0x8c, 0x60, 0x26, 0xc, 0xc1,
    0x8e, 0x60, 0xcc, 0xf, 0x3, 0xf1, 0x85, 0xa0,
    0xc3, 0x74, 0x4e, 0xf, 0x68, 0x69,

    /* U+7740 "着" */
    0xc, 0x86, 0x43, 0xf6, 0x1b, 0xe, 0x7f, 0xfc,
    0x87, 0x9c, 0x3f, 0xaa, 0xf5, 0x70, 0x4b, 0xb5,
    0xf8, 0xb, 0x6b, 0xf8, 0x35, 0xff, 0x41, 0xaf,
    0x7, 0x38, 0x5c, 0xeb, 0xd6, 0x14, 0xe, 0xbb,
    0xc1, 0xec, 0x39, 0xc3, 0xdf, 0xf4, 0x0,

    /* U+775B "睛" */
    0xf, 0xd8, 0x6f, 0xcf, 0xfa, 0x30, 0x61, 0xb0,
    0xd8, 0x33, 0xfc, 0x9f, 0x82, 0x70, 0xd8, 0x35,
    0xfc, 0x6a, 0xcf, 0xf0, 0x3a, 0x66, 0x1b, 0x6,
    0xc, 0xf5, 0x58, 0x30, 0x66, 0x1b, 0x7, 0xd1,
    0xea, 0xb0, 0x61, 0xb0, 0xd8, 0x7d, 0x85, 0xe0,
    0x0,

    /* U+77E5 "知" */
    0x4, 0x1f, 0xf3, 0x86, 0x6b, 0x25, 0xfa, 0x75,
    0x59, 0x92, 0x6, 0x3, 0xb1, 0x20, 0x60, 0x38,
    0x52, 0x6, 0x3, 0xbf, 0xea, 0x1, 0xc2, 0xd0,
    0x30, 0x1c, 0x2e, 0x3, 0x1, 0xc0, 0xf4, 0x18,
    0xe, 0xd, 0x35, 0x40, 0x72, 0xc2, 0x9f, 0xe7,
    0xe, 0x60, 0xa0, 0xff, 0xe0, 0x80,

    /* U+77ED "短" */
    0x2, 0x1f, 0xfc, 0x6, 0xa, 0xff, 0x25, 0xea,
    0x7, 0xf6, 0x60, 0x7f, 0xc3, 0x18, 0x18, 0x36,
    0x1b, 0x3, 0x6, 0xc7, 0xf9, 0x83, 0x61, 0xb0,
    0x3f, 0xe0, 0x9c, 0x24, 0x24, 0x35, 0x30, 0x48,
    0x30, 0xd9, 0x40, 0x63, 0x85, 0x40, 0x20, 0x89,
    0xa, 0x9, 0xff, 0xa0, 0xff, 0xe1, 0x0,

    /* U+7840 "础" */
    0xf, 0xec, 0x3b, 0xf4, 0x83, 0x4, 0x14, 0x82,
    0x4c, 0x18, 0x58, 0x52, 0x60, 0xc2, 0xc2, 0x93,
    0x6, 0x7, 0xe6, 0xff, 0x3, 0x89, 0xb, 0xc,
    0xf1, 0x38, 0x30, 0x48, 0xc4, 0xe0, 0xc1, 0x20,
    0x89, 0xc1, 0x82, 0x41, 0xdb, 0x83, 0x4, 0x83,
    0xb, 0xfe, 0x40, 0x87, 0xf4, 0x80,

    /* U+786E "确" */
    0xf, 0x94, 0x1e, 0xfd, 0x1f, 0x90, 0xd2, 0x6,
    0x6, 0x86, 0xc2, 0xc0, 0xe1, 0xd8, 0x2f, 0xf8,
    0xf, 0x46, 0x4c, 0x18, 0x3c, 0x45, 0xfe, 0x1e,
    0x22, 0x4c, 0x18, 0x51, 0x14, 0x75, 0x61, 0x44,
    0x74, 0xe9, 0x85, 0xf1, 0x83, 0x6, 0x16, 0x6,
    0x6, 0xc, 0x24, 0x18, 0x53, 0xe0, 0xff, 0xe1,
    0x80,

    /* U+793A "示" */
    0x7, 0xff, 0x83, 0xff, 0xc3, 0xff, 0xfc, 0x0,
    0xfa, 0x81, 0xfd, 0x2, 0x80, 0x83, 0x9c, 0x14,
    0x6, 0x86, 0xd0, 0x50, 0x2c, 0x2e, 0xa, 0x81,
    0x50, 0x10, 0x6a, 0x6, 0x83, 0xbe, 0x43, 0xc0,

    /* U+793C "礼" */
    0xf, 0xfe, 0x23, 0x6, 0xc3, 0xf6, 0x85, 0x87,
    0xe9, 0xb, 0xf, 0x7f, 0x3, 0xf, 0xe9, 0x6,
    0x1f, 0x98, 0x2c, 0x3e, 0x78, 0x2c, 0x3c, 0xfd,
    0x3, 0xe, 0x73, 0x34, 0xc3, 0xf6, 0x1b, 0x9,
    0xd, 0x86, 0xc2, 0xc3, 0x61, 0xb0, 0xb0, 0xd8,
    0x6b, 0xe8,

    /* U+795D "祝" */
    0xf, 0xfe, 0x23, 0x82, 0xbe, 0xd, 0x26, 0xbd,
    0x83, 0xf3, 0x87, 0x61, 0xd9, 0x87, 0x61, 0xb4,
    0xc3, 0x38, 0x56, 0x9f, 0xe8, 0x17, 0xc9, 0x43,
    0xd, 0x99, 0x12, 0x61, 0xec, 0x2c, 0x18, 0x7b,
    0x3, 0x83, 0x2, 0x16, 0xd, 0x6, 0x30, 0x59,
    0xa1, 0x7c, 0x87, 0xff, 0x8,

    /* U+79EF "积" */
    0x9, 0xa0, 0x7e, 0x7e, 0x47, 0xfc, 0x1b, 0x3,
    0x4, 0xe1, 0xb0, 0x30, 0x6c, 0xbf, 0xa8, 0x1b,
    0x9, 0xc0, 0xc1, 0xb0, 0xbe, 0x1f, 0xf0, 0x1b,
    0x60, 0xfe, 0xcc, 0x43, 0xf4, 0x98, 0x52, 0xc,
    0x3b, 0xb, 0xa, 0x81, 0xb0, 0x68, 0x6c, 0x36,
    0x8, 0x3a, 0x0,

    /* U+7A0B "程" */
    0xf, 0xfe, 0x1b, 0x79, 0x5f, 0xe0, 0x2b, 0x3,
    0x6, 0xc3, 0x60, 0x60, 0xd8, 0x3f, 0x9f, 0xf0,
    0x6c, 0x3f, 0xf8, 0x17, 0x8b, 0xfc, 0x83, 0xd4,
    0xb, 0xe, 0x9c, 0x42, 0xc3, 0x39, 0x82, 0xff,
    0x6, 0xc3, 0xb0, 0xfb, 0xe, 0xc3, 0xec, 0x7f,
    0xe8,

    /* U+7A7A "空" */
    0xe, 0x83, 0xfe, 0xd0, 0xef, 0xff, 0xe0, 0x87,
    0xfb, 0xc0, 0xa0, 0x38, 0x18, 0xe8, 0x67, 0x8a,
    0x7, 0xe5, 0xf, 0xfe, 0x83, 0xda, 0x1f, 0xed,
    0xf, 0xf6, 0x87, 0xfb, 0x43, 0xbf, 0xff, 0x80,

    /* U+7A81 "突" */
    0xf, 0x21, 0xff, 0xc1, 0xa0, 0x7d, 0xff, 0xfc,
    0x0, 0x61, 0x20, 0x42, 0xc1, 0xe, 0x13, 0xc2,
    0x17, 0x7, 0xac, 0x32, 0x14, 0xac, 0x39, 0x7b,
    0x9a, 0x28, 0x15, 0xbe, 0xae, 0xf, 0x54, 0x87,
    0xf3, 0x83, 0x43, 0xeb, 0xd, 0xc1, 0xbd, 0x7,
    0xaf, 0x7, 0xff, 0xc,

    /* U+7B14 "笔" */
    0x2, 0x1c, 0x87, 0xda, 0x13, 0x87, 0x9f, 0xa9,
    0xde, 0xa0, 0x30, 0x65, 0x6, 0xc, 0x81, 0x16,
    0xb8, 0x37, 0xf4, 0xa0, 0xff, 0x60, 0x58, 0x26,
    0xfd, 0x52, 0x83, 0xf6, 0x1f, 0x96, 0xa7, 0xfa,
    0x5, 0x16, 0xc3, 0x90, 0xfb, 0xe, 0xc3, 0xeb,
    0xf9, 0x0,

    /* U+7B2C "第" */
    0xf, 0xfe, 0x24, 0x86, 0xc3, 0xef, 0xd3, 0xfc,
    0x9, 0x58, 0x31, 0xc2, 0x60, 0x42, 0x81, 0x6,
    0x7f, 0xfc, 0x1f, 0xb0, 0xd8, 0x6f, 0xff, 0x6,
    0xc2, 0xd0, 0xfd, 0x85, 0xa1, 0xfa, 0xaf, 0xaa,
    0xd0, 0xea, 0x61, 0xb0, 0xce, 0x98, 0x4e, 0x15,
    0x2, 0xc1, 0x44, 0x3f, 0xf8, 0x80,

    /* U+7B49 "等" */
    0xf, 0xfe, 0x23, 0x6, 0xc3, 0xef, 0xe7, 0xf9,
    0x19, 0x81, 0x8c, 0x1b, 0x4, 0x30, 0x30, 0xeb,
    0xff, 0x83, 0xf3, 0x87, 0xff, 0x1, 0xc3, 0xea,
    0xfd, 0xea, 0x21, 0xfd, 0x40, 0xd7, 0xff, 0xc1,
    0x9c, 0x33, 0x7, 0xec, 0x2a, 0x7, 0xfa, 0xf2,
    0x10,

    /* U+7B54 "答" */
    0x9, 0xc, 0x87, 0xdc, 0x1b, 0x43, 0x9f, 0xaa,
    0xfa, 0x80, 0xc1, 0x82, 0x6, 0x19, 0x2, 0x70,
    0x10, 0xfd, 0xd3, 0xf, 0xd6, 0x81, 0xe4, 0x2b,
    0xa7, 0xf3, 0xe4, 0x43, 0xfc, 0x86, 0xff, 0xc1,
    0xec, 0x3d, 0x87, 0xb0, 0xf6, 0x1e, 0xeb, 0xd8,
    0x40,

    /* U+7EA2 "红" */
    0xf, 0xfe, 0x2e, 0x87, 0xfc, 0xe0, 0xbf, 0xc1,
    0x60, 0x42, 0xd0, 0xd4, 0x28, 0x16, 0x86, 0xfc,
    0x1b, 0x43, 0xd8, 0x76, 0x87, 0x68, 0x76, 0x86,
    0xfa, 0x42, 0xd0, 0xff, 0xe0, 0x68, 0x79, 0xa0,
    0x5a, 0x1b, 0xd2, 0xbf, 0xe8, 0x3f, 0xf8, 0x40,

    /* U+7EA6 "约" */
    0x9, 0xc, 0x87, 0xd8, 0x4c, 0x1e, 0xa0, 0x5a,
    0x1e, 0xc3, 0x7f, 0x8d, 0x37, 0x43, 0x6f, 0xd1,
    0x7, 0x60, 0x70, 0xa8, 0x16, 0xc, 0x8, 0x28,
    0xc, 0xfa, 0x42, 0xc6, 0xf, 0xf9, 0x82, 0x54,
    0x1d, 0x47, 0xd2, 0x1e, 0xd0, 0xfc, 0xfa, 0x0,

    /* U+7EB7 "纷" */
    0x9, 0xf, 0x21, 0xec, 0x26, 0x30, 0xe9, 0xa,
    0x46, 0xd, 0x88, 0x30, 0xb0, 0xb4, 0xda, 0x5,
    0x41, 0xfa, 0x70, 0xed, 0x3, 0x82, 0xfe, 0x82,
    0xc3, 0xb0, 0x61, 0x7d, 0x20, 0xc1, 0x84, 0x87,
    0x30, 0x30, 0xe6, 0x4c, 0x2c, 0xf, 0xa4, 0xa0,
    0x1c, 0x3e, 0xa0, 0x3c, 0x87, 0xff, 0x10,

    /* U+7EB8 "纸" */
    0x9, 0xf, 0x90, 0xec, 0xa, 0xbd, 0x21, 0x48,
    0x35, 0x68, 0x76, 0x16, 0x9, 0xd, 0xa6, 0x60,
    0x90, 0x9f, 0x93, 0x4, 0x87, 0x38, 0x3f, 0xe0,
    0xb0, 0xb0, 0x48, 0x6f, 0xa7, 0x3, 0x6, 0x43,
    0x61, 0x61, 0xe6, 0x70, 0xb2, 0x1f, 0x49, 0xdb,
    0x50, 0x79, 0xd0, 0xb8, 0x3f, 0xf8, 0x60,

    /* U+7EBF "线" */
    0xa, 0xd, 0x90, 0x73, 0x86, 0xc1, 0x86, 0x90,
    0xd2, 0x28, 0x2c, 0x9b, 0xea, 0x20, 0xe7, 0x12,
    0x43, 0xbb, 0x42, 0xa3, 0x61, 0x30, 0x2f, 0xa4,
    0x27, 0x50, 0x83, 0x6, 0xf, 0x48, 0x6c, 0xd0,
    0xff, 0x7a, 0xc, 0xda, 0x7, 0x83, 0x72, 0xb,
    0x8d, 0x90, 0xe6, 0x9, 0xf0,

    /* U+7EC3 "练" */
    0x9, 0xd, 0x7, 0xd4, 0x9, 0x83, 0xec, 0x1f,
    0xf8, 0xc, 0x20, 0xc3, 0xed, 0xab, 0xf0, 0x67,
    0xe0, 0x49, 0x87, 0xa4, 0x18, 0x30, 0xe7, 0x3,
    0xfe, 0x81, 0xf4, 0x1b, 0xe, 0x43, 0x69, 0x98,
    0x67, 0x98, 0x18, 0xe0, 0xe0, 0x61, 0x60, 0xd0,
    0xfb, 0xd0, 0x60,

    /* U+7EC6 "细" */
    0x9, 0xf, 0xfe, 0xe, 0xf, 0xf8, 0x2a, 0x3,
    0x6, 0xc, 0x2c, 0xe, 0xc, 0x18, 0x35, 0x6e,
    0xc, 0x18, 0xf7, 0x18, 0x30, 0x61, 0x38, 0x3f,
    0xe0, 0x38, 0x58, 0x30, 0x60, 0xfa, 0x70, 0x60,
    0xc3, 0xec, 0x18, 0x30, 0xe5, 0x60, 0xc1, 0x8f,
    0xd3, 0xff, 0x7, 0xd8, 0x76, 0x0,

    /* U+7ECD "绍" */
    0x9, 0xf, 0xfe, 0x6, 0xf, 0xf8, 0x12, 0x1b,
    0xb, 0x6, 0x28, 0x70, 0xb3, 0x56, 0xd, 0x3,
    0x3d, 0xa7, 0xd, 0xa0, 0x60, 0x21, 0x21, 0x3b,
    0x37, 0xf4, 0x7a, 0x4c, 0x33, 0x87, 0xb0, 0xce,
    0x6, 0xec, 0x33, 0xbc, 0x83, 0xd5, 0x78, 0x3d,
    0xa1, 0x30,

    /* U+7ED3 "结" */
    0xa, 0xe, 0xc3, 0xd4, 0xe, 0xc3, 0xd8, 0x1f,
    0xf8, 0x14, 0x14, 0x16, 0x19, 0xd5, 0x86, 0xc3,
    0x34, 0xd3, 0xfe, 0xa, 0xc3, 0xfe, 0x70, 0xff,
    0x9f, 0xcd, 0xfd, 0x1, 0xd, 0x21, 0x30, 0x72,
    0xa4, 0x26, 0x1b, 0xd3, 0x40, 0xa8, 0x4, 0x35,
    0xd5, 0xc0,

    /* U+7ED9 "给" */
    0x9, 0xc, 0xa0, 0xf5, 0x3, 0x78, 0x3d, 0x86,
    0x7a, 0x6, 0x61, 0x6, 0xd, 0xb, 0x1c, 0xd0,
    0xb4, 0xbe, 0x3b, 0xf5, 0x85, 0x21, 0xff, 0x51,
    0x8f, 0xf0, 0x1e, 0x89, 0x86, 0xc3, 0xf6, 0x1b,
    0xc, 0xd9, 0x86, 0xc1, 0x72, 0xf, 0xf0, 0x7e,
    0xd0, 0x38, 0x0,

    /* U+7EDC "络" */
    0x9, 0xd, 0x7, 0xec, 0x27, 0xf, 0x98, 0x2f,
    0x53, 0xc1, 0x61, 0x79, 0x5, 0x1, 0x43, 0xa1,
    0xb4, 0xb, 0xe8, 0x27, 0xc1, 0xec, 0x2b, 0x6e,
    0xb, 0x55, 0xc1, 0xa8, 0x7d, 0xf, 0xf8, 0x8,
    0x74, 0x1b, 0xc, 0xf1, 0x6, 0xc1, 0xc8, 0x5f,
    0xe0, 0xfd, 0x6, 0xc0,

    /* U+7EE7 "继" */
    0xf, 0xfe, 0x2e, 0x1e, 0xc3, 0x9c, 0x18, 0x58,
    0x85, 0xa0, 0xc8, 0xcc, 0x2c, 0x4c, 0xcd, 0x40,
    0xd3, 0x30, 0xb0, 0x9f, 0x93, 0xbf, 0x90, 0x30,
    0x30, 0x5c, 0x1b, 0x13, 0x1b, 0x90, 0x7d, 0x1b,
    0x99, 0x87, 0xda, 0xc, 0x39, 0xb7, 0xa, 0xd,
    0xc8, 0x3f, 0xe4, 0x3f, 0xf8, 0x40,

    /* U+7EED "续" */
    0xa, 0xc, 0xc1, 0xe6, 0x5, 0x3d, 0x40, 0xd8,
    0x75, 0x3, 0x98, 0x42, 0x60, 0xed, 0x53, 0xff,
    0xd, 0x30, 0xa3, 0x14, 0x14, 0x82, 0x1c, 0x3a,
    0xe8, 0x31, 0x86, 0x79, 0x2a, 0xf5, 0x41, 0xc8,
    0x5c, 0x86, 0x6e, 0x5, 0x9a, 0x6, 0x42, 0xb0,
    0xb4, 0x3d, 0x21, 0xd0,

    /* U+7F13 "缓" */
    0xa, 0xf, 0x32, 0x13, 0x97, 0x59, 0x41, 0x68,
    0x32, 0x49, 0x3, 0x9, 0xb, 0x61, 0x6a, 0xef,
    0xf8, 0x7e, 0x41, 0x87, 0xea, 0x1f, 0xf9, 0x1c,
    0x36, 0x1f, 0x7d, 0x17, 0xf0, 0x48, 0x6f, 0x23,
    0x87, 0x3b, 0x9b, 0x84, 0xf9, 0x34, 0xbc, 0x87,
    0xb6, 0xe1, 0xf2, 0x1f, 0xfc, 0x20,

    /* U+7F24 "缤" */
    0x9, 0xe, 0x43, 0xcc, 0x19, 0xc3, 0xd8, 0x1f,
    0xf8, 0xc, 0x32, 0x12, 0xb0, 0x63, 0x97, 0xaa,
    0x47, 0xe0, 0x30, 0x7e, 0xa0, 0x1f, 0xe8, 0xe,
    0xa1, 0x81, 0x86, 0xf4, 0x8c, 0xc, 0x3f, 0x7f,
    0xe4, 0xf, 0x1, 0x2, 0x13, 0xc1, 0x70, 0x1d,
    0xf, 0x68, 0x76, 0x87, 0xff, 0x8,

    /* U+7F51 "网" */
    0xff, 0xfe, 0x8, 0x7f, 0xbc, 0x14, 0x81, 0x47,
    0x9c, 0xdc, 0x93, 0xc5, 0x31, 0xb0, 0x78, 0x1c,
    0xb, 0x7, 0x81, 0x60, 0xb0, 0x78, 0x1b, 0x1b,
    0x1e, 0x34, 0x68, 0x67, 0xa8, 0x7, 0xd, 0xe0,
    0xfe, 0x7c, 0x1f, 0x3e, 0x40,

    /* U+7FFB "翻" */
    0xc, 0xb0, 0x7d, 0x4f, 0x25, 0xeb, 0xc2, 0xd2,
    0x81, 0x83, 0x4, 0xd8, 0x9a, 0x65, 0x3d, 0x45,
    0x6a, 0xc1, 0x7a, 0x5, 0x96, 0x51, 0x88, 0x18,
    0x33, 0xac, 0x8e, 0x39, 0x2a, 0x66, 0xe9, 0x97,
    0xd4, 0x4d, 0x32, 0x18, 0x81, 0x83, 0x2f, 0xd0,
    0x30, 0x64, 0x1a, 0x38, 0xe0,

    /* U+8001 "老" */
    0xe, 0x70, 0xff, 0xe0, 0x38, 0x6e, 0xb, 0xff,
    0xa0, 0xf9, 0xc1, 0x40, 0xfc, 0xe5, 0x87, 0x7f,
    0xff, 0x1, 0xe, 0x78, 0x3f, 0xde, 0xc, 0x86,
    0x6e, 0xc6, 0xe0, 0xda, 0x3e, 0x90, 0xfe, 0x70,
    0xf4, 0x1c, 0xe1, 0xce, 0x1e, 0xff, 0x90,

    /* U+8005 "者" */
    0xf, 0x61, 0xff, 0xc1, 0xc3, 0x68, 0x5f, 0xfd,
    0x7, 0xec, 0x16, 0x1f, 0x9c, 0xb0, 0xef, 0xff,
    0xe0, 0x21, 0xd6, 0x1f, 0xcd, 0xff, 0x41, 0x73,
    0x87, 0x30, 0x7b, 0xfe, 0x83, 0xd8, 0x73, 0x7,
    0xb0, 0xe6, 0xf, 0x7f, 0xd0, 0x0,

    /* U+8033 "耳" */
    0x3f, 0xff, 0x80, 0x1b, 0x43, 0xb0, 0xf6, 0x1e,
    0xc3, 0xdf, 0xf8, 0x3d, 0x87, 0xb0, 0xf6, 0x1e,
    0xc3, 0xdf, 0xf8, 0x3d, 0x87, 0xb0, 0xf6, 0x1c,
    0xea, 0x5, 0x3f, 0xf5, 0x0, 0xb0, 0x7b, 0xf,
    0xfe, 0xe, 0x10,

    /* U+8038 "耸" */
    0xd, 0x6, 0x83, 0xea, 0x6, 0xc3, 0xee, 0xa,
    0xd0, 0xed, 0x59, 0x67, 0x5, 0x20, 0x54, 0x14,
    0x83, 0xff, 0xf8, 0x1, 0xb0, 0xf6, 0x1e, 0xeb,
    0xd8, 0x7b, 0xf, 0x61, 0xee, 0xbd, 0x87, 0xb0,
    0xe7, 0x50, 0xff, 0xaa, 0xe8, 0x1f, 0xf6, 0x10,

    /* U+804A "聊" */
    0xf, 0xc8, 0x6b, 0xf0, 0xf0, 0x76, 0x33, 0x81,
    0xec, 0xc6, 0x63, 0x63, 0x3e, 0x98, 0xd8, 0xcc,
    0x66, 0x36, 0x33, 0x19, 0x8d, 0x8c, 0xfa, 0x63,
    0x63, 0x31, 0x98, 0xd8, 0xcc, 0x69, 0xe9, 0x8e,
    0xfc, 0x90, 0xd1, 0x9, 0x8a, 0xc, 0x1c, 0xca,
    0x3, 0x7, 0xff, 0xc,

    /* U+80A9 "肩" */
    0xf, 0x21, 0xff, 0xc0, 0xb0, 0xfb, 0xaf, 0xd8,
    0x58, 0x7e, 0xc2, 0xff, 0xf0, 0x58, 0x7f, 0xf0,
    0x33, 0xff, 0x20, 0xcc, 0x3d, 0xa3, 0x9d, 0x7b,
    0x46, 0x30, 0xf6, 0x9a, 0x7f, 0xe5, 0x60, 0xc3,
    0xda, 0x1b, 0xd, 0x78,

    /* U+80F8 "胸" */
    0xf, 0x90, 0xfb, 0xf1, 0x21, 0xf6, 0xc, 0xff,
    0x81, 0x83, 0xa0, 0x76, 0xf, 0xe5, 0x10, 0x30,
    0x60, 0xd5, 0x46, 0x30, 0x60, 0xd4, 0x64, 0x60,
    0xfc, 0xaa, 0x31, 0x83, 0x6, 0xd0, 0xe3, 0x6,
    0xd, 0x82, 0x8c, 0x18, 0x37, 0xf8, 0xc6, 0x6,
    0x1f, 0x62, 0x5c, 0x1a, 0xf2, 0x1f, 0xfc, 0x30,

    /* U+80FD "能" */
    0xf, 0xfe, 0x24, 0x84, 0xc1, 0xf6, 0x48, 0xc0,
    0x82, 0x90, 0x63, 0xda, 0x7, 0xfa, 0x70, 0xff,
    0xe0, 0x38, 0x58, 0x2f, 0xc0, 0xea, 0xc1, 0x85,
    0x81, 0x70, 0x5f, 0xc3, 0x1, 0xb, 0xb, 0x1d,
    0xe0, 0xbf, 0x87, 0x43, 0xb0, 0xb1, 0x82, 0x81,
    0x85, 0x8e, 0x16, 0xc, 0x7c, 0xf, 0xd0,

    /* U+8111 "脑" */
    0xf, 0xc8, 0x7b, 0xf0, 0x54, 0xe, 0xc1, 0xad,
    0x6b, 0x3, 0x6, 0xbd, 0x28, 0x1f, 0x85, 0x3,
    0x20, 0x60, 0xd9, 0x98, 0xc1, 0x83, 0x62, 0xc1,
    0x83, 0xf3, 0xe, 0xc, 0x18, 0x36, 0x37, 0x30,
    0x60, 0xda, 0x24, 0xe3, 0x3, 0x64, 0x36, 0x30,
    0x37, 0xfe, 0x10, 0x70, 0x7d, 0x87, 0xff, 0xc,

    /* U+81EA "自" */
    0xd, 0x21, 0xfb, 0xe, 0xff, 0xf8, 0x3f, 0x78,
    0x3f, 0x7f, 0xff, 0x0, 0x3f, 0x78, 0x3f, 0x7f,
    0xff, 0x0, 0x3f, 0x78, 0x3f, 0x7f, 0xff, 0x0,
    0x3e, 0x70,

    /* U+822C "般" */
    0x9, 0x41, 0xff, 0xc0, 0x90, 0xbf, 0x6, 0xe9,
    0x83, 0x6, 0x1b, 0x48, 0x18, 0x30, 0xda, 0xa3,
    0x41, 0xc8, 0x30, 0x42, 0x1e, 0x7f, 0x8f, 0xf0,
    0x50, 0x21, 0x80, 0xc0, 0x68, 0x40, 0xc1, 0xa0,
    0x51, 0x40, 0x3b, 0x5, 0x20, 0x82, 0xf0, 0x6c,
    0x2c, 0x7d, 0x68, 0xc0, 0xf1, 0xc0, 0x70, 0xff,
    0xe1, 0x80,

    /* U+8272 "色" */
    0xf, 0xfe, 0x2c, 0x87, 0xf9, 0xf5, 0x41, 0xf6,
    0x82, 0x81, 0xce, 0x85, 0x87, 0x3f, 0xfe, 0x45,
    0x61, 0x68, 0x34, 0x2c, 0x2c, 0x29, 0xb, 0x41,
    0xa0, 0xd0, 0xbf, 0xf9, 0xb, 0xf, 0xfe, 0x6,
    0x1f, 0x98, 0x1a, 0x1f, 0x48, 0x1f, 0xfd, 0x0,

    /* U+8282 "节" */
    0xd, 0x86, 0xc3, 0xf6, 0x1b, 0xe, 0xff, 0xfe,
    0x0, 0x76, 0x1b, 0xf, 0xfe, 0x3d, 0xff, 0xe0,
    0xfb, 0xe, 0xc3, 0xec, 0x3b, 0xf, 0xb0, 0xec,
    0x3e, 0xc3, 0xb0, 0xfb, 0x5, 0xe8, 0x3e, 0xc3,
    0xff, 0x83, 0x87, 0xe0,

    /* U+82F1 "英" */
    0xd, 0x86, 0xc3, 0xe7, 0x9, 0xd0, 0xd5, 0x75,
    0xba, 0x83, 0xb1, 0x46, 0x1f, 0xe9, 0xf, 0xdf,
    0xfe, 0xd, 0x85, 0x21, 0x61, 0xb0, 0xa4, 0x2c,
    0x2f, 0xff, 0xe0, 0x7, 0x9f, 0x21, 0xfc, 0xe9,
    0xa1, 0xe7, 0xc8, 0x5e, 0x42, 0xe4, 0x3c, 0xda,
    0x1f, 0xfc, 0x20,

    /* U+82F9 "苹" */
    0xd, 0x86, 0xc3, 0xaf, 0xff, 0x90, 0xda, 0x16,
    0x87, 0xc8, 0x64, 0x3d, 0xff, 0xe8, 0x32, 0x6,
    0x2, 0x83, 0xb4, 0x60, 0x68, 0x73, 0x8c, 0x50,
    0x35, 0x5d, 0xea, 0xe4, 0x3d, 0x61, 0xff, 0xc0,
    0x60, 0xff, 0xe0, 0x30, 0x7f, 0xf0, 0x18, 0x3c,

    /* U+840C "萌" */
    0xd, 0x86, 0xc3, 0xbf, 0xff, 0x80, 0x1d, 0x86,
    0xc3, 0xf2, 0x1a, 0xe, 0xbe, 0x8f, 0xe8, 0x12,
    0xc, 0xc2, 0x60, 0x48, 0xe6, 0xb5, 0x1, 0x7e,
    0x3a, 0xb8, 0x12, 0xc, 0xc2, 0xa0, 0x2f, 0xc7,
    0x57, 0x2, 0x42, 0xa0, 0x4c, 0x1e, 0x70, 0xcc,
    0x1e, 0xc2, 0x7c, 0x87, 0xff, 0xc,

    /* U+8868 "表" */
    0xf, 0x48, 0x7c, 0xd6, 0xf5, 0x64, 0x3e, 0xa0,
    0x7f, 0xf0, 0x28, 0x1f, 0xab, 0x7a, 0xb0, 0x7e,
    0xa0, 0x7d, 0xff, 0xfc, 0x0, 0xe7, 0x34, 0x8,
    0x75, 0x81, 0xc7, 0xb, 0xd4, 0xa, 0xe0, 0xc8,
    0xc1, 0xb8, 0x3c, 0xef, 0x81, 0x68, 0x6f, 0x48,
    0x74, 0x1f, 0xfc, 0x30,

    /* U+8981 "要" */
    0x3f, 0xff, 0x80, 0x1e, 0xc1, 0x87, 0xdf, 0xfe,
    0x82, 0xc1, 0x83, 0x3, 0x5, 0x83, 0x6, 0x8c,
    0x17, 0xff, 0x90, 0xf6, 0x87, 0xef, 0xff, 0xe0,
    0x21, 0xb0, 0xda, 0x1e, 0xf4, 0x9c, 0x1f, 0xd7,
    0xd2, 0x1a, 0xfa, 0x40, 0xdc, 0x1f, 0xfc, 0x30,

    /* U+89C1 "见" */
    0x3, 0xff, 0xc1, 0x9c, 0x3c, 0xe1, 0x9c, 0xa,
    0xb, 0xc, 0xe0, 0xa0, 0x58, 0x67, 0x5, 0x2,
    0xc3, 0x38, 0x24, 0x2c, 0x33, 0x83, 0x42, 0xc3,
    0x38, 0x39, 0x6, 0x1f, 0x34, 0x43, 0xfd, 0x92,
    0x13, 0x5, 0x69, 0x40, 0x98, 0xb8, 0x27, 0xf8,
    0x3f, 0xf8, 0x60,

    /* U+89C2 "观" */
    0x7f, 0x37, 0xf0, 0x7a, 0x60, 0xd8, 0x7b, 0x20,
    0x66, 0x16, 0xc, 0x81, 0x98, 0x54, 0x72, 0x6,
    0x61, 0xbc, 0x90, 0x33, 0xc, 0xe0, 0x86, 0x30,
    0xce, 0x89, 0x6a, 0xd, 0xb8, 0x5c, 0x86, 0xa1,
    0xa5, 0x14, 0x63, 0x86, 0xa0, 0xa3, 0xf, 0x70,
    0x5e, 0x83, 0xff, 0x86,

    /* U+89C9 "觉" */
    0xf, 0xfe, 0x25, 0x1, 0x85, 0xa1, 0xd8, 0x24,
    0xa0, 0x6f, 0xff, 0xe0, 0x3, 0xf, 0xe7, 0x4,
    0xff, 0xe2, 0xd, 0x81, 0xb, 0xf, 0x60, 0xc2,
    0xc3, 0xd8, 0x30, 0xb0, 0xf6, 0xd, 0x46, 0x1f,
    0xb6, 0x43, 0xf3, 0xa4, 0x85, 0x82, 0xe0, 0x9f,
    0xd0, 0x7f, 0xf0, 0xc0,

    /* U+89E3 "解" */
    0x4, 0x1f, 0xfc, 0x1e, 0x80, 0xff, 0x2, 0x86,
    0x13, 0x2, 0x7, 0x4d, 0x6, 0x6, 0x2e, 0xdd,
    0xe3, 0xc8, 0x23, 0x21, 0x42, 0x1a, 0x9d, 0x8c,
    0x61, 0xa7, 0x33, 0xfc, 0xd, 0xcd, 0xc1, 0x86,
    0xee, 0xca, 0x7a, 0x80, 0xcc, 0x82, 0x70, 0xd1,
    0x90, 0x6c, 0x29, 0x1b, 0xd, 0x87, 0xff, 0x14,

    /* U+8BA4 "认" */
    0x2, 0x1e, 0xc3, 0xd6, 0x1d, 0x87, 0xd4, 0xd,
    0x87, 0xff, 0x7, 0xf, 0xfe, 0xe, 0x19, 0xf8,
    0x33, 0x87, 0xd8, 0x67, 0xf, 0xb0, 0xd6, 0x87,
    0xb0, 0xdb, 0x87, 0xb1, 0x1c, 0xd0, 0xee, 0xcd,
    0x1c, 0x33, 0xa5, 0x85, 0xc1, 0x20, 0x70, 0xed,
    0xf, 0xfe, 0x10,

    /* U+8BB0 "记" */
    0x2, 0x1f, 0xfc, 0x1e, 0x1f, 0xf0, 0x76, 0x87,
    0xb0, 0xff, 0xe0, 0xe1, 0x2c, 0x1f, 0x60, 0x7e,
    0xf, 0xb0, 0xec, 0x1f, 0xe0, 0xec, 0x18, 0x64,
    0x3b, 0x6, 0x1f, 0xec, 0x18, 0x72, 0x1b, 0x9c,
    0x3b, 0x9, 0xd3, 0x43, 0x61, 0x28, 0x17, 0xf4,
    0x0,

    /* U+8BB2 "讲" */
    0x2, 0x1b, 0x3, 0x6, 0xe0, 0xb0, 0x30, 0x76,
    0x16, 0x6, 0xf, 0xbf, 0xf2, 0x1f, 0x60, 0xa0,
    0x5f, 0x5, 0x81, 0x83, 0xb0, 0xb0, 0x30, 0x76,
    0x7f, 0xe4, 0x2c, 0xe, 0xa, 0x7, 0x68, 0xc0,
    0x60, 0xcf, 0x89, 0x3, 0x6, 0xb1, 0xc2, 0x60,
    0xc8, 0x24, 0x26, 0xf, 0xfe, 0x20,

    /* U+8BBE "设" */
    0xf, 0xfe, 0x26, 0x85, 0xfc, 0x1d, 0xa0, 0xc2,
    0xc3, 0xfb, 0xb, 0x9, 0x60, 0x68, 0x5c, 0x8d,
    0x92, 0x1c, 0x86, 0xc7, 0xfd, 0x6, 0xc1, 0x21,
    0x50, 0x36, 0x16, 0x16, 0x1d, 0x88, 0xee, 0x87,
    0x79, 0x7, 0xa0, 0xeb, 0x3, 0xcf, 0x90, 0x90,
    0x50, 0x33, 0x40,

    /* U+8BC6 "识" */
    0x2, 0x1f, 0xfc, 0x1e, 0x7, 0xfc, 0x1b, 0x4c,
    0x3b, 0xf, 0xb0, 0xec, 0x15, 0x3, 0xe, 0xc0,
    0xac, 0x18, 0x76, 0x1b, 0x7, 0xfc, 0x1b, 0xf,
    0xfe, 0xe, 0x12, 0x12, 0x1d, 0xa8, 0xc2, 0xc3,
    0xbc, 0x50, 0x27, 0xa, 0xc7, 0xe, 0xc3, 0xca,
    0xe, 0x50,

    /* U+8BC9 "诉" */
    0xf, 0xf9, 0xd, 0x84, 0xab, 0xd0, 0x76, 0x9c,
    0x87, 0xf2, 0x61, 0xff, 0xc1, 0xd0, 0xfb, 0xe0,
    0x7f, 0xc1, 0xb0, 0x61, 0x61, 0xec, 0x19, 0x18,
    0x7b, 0x6, 0x3e, 0xf, 0x63, 0x85, 0xe8, 0x37,
    0xa8, 0x16, 0x21, 0x39, 0x86, 0xc3, 0x90, 0x41,
    0xb0, 0x80,

    /* U+8BCD "词" */
    0xf, 0xfe, 0x26, 0x9f, 0xf8, 0x36, 0x1f, 0xb0,
    0xf3, 0xfc, 0x60, 0x58, 0x3f, 0x60, 0xf8, 0x3f,
    0x61, 0xb0, 0x7e, 0x4c, 0x36, 0xc, 0x12, 0x61,
    0xb0, 0x60, 0x93, 0xd, 0x83, 0xf2, 0x61, 0xbc,
    0xe1, 0xd8, 0x56, 0x87, 0xd8, 0x48, 0x7d, 0xe8,

    /* U+8BD5 "试" */
    0x4, 0x1f, 0x6a, 0xa, 0xc3, 0xd9, 0x86, 0x90,
    0xec, 0x43, 0xdf, 0xfc, 0x2c, 0x1e, 0xc3, 0x53,
    0xf, 0x61, 0xec, 0x7e, 0x30, 0xf6, 0x16, 0xd,
    0xe, 0xc2, 0xc1, 0x21, 0xd8, 0x58, 0x18, 0x3b,
    0xa3, 0xf3, 0x98, 0x2d, 0xb8, 0x2e, 0x80, 0x43,
    0xf3, 0xa1, 0xff, 0xc2,

    /* U+8BDD "话" */
    0xf, 0xf9, 0xd, 0x81, 0x54, 0xf4, 0x19, 0xc5,
    0xa8, 0x1f, 0x21, 0x98, 0x3f, 0xf8, 0xe, 0x1d,
    0xf1, 0x7f, 0xc8, 0x58, 0x66, 0xf, 0xb0, 0xcc,
    0x1f, 0x60, 0xff, 0x41, 0xb0, 0x61, 0x98, 0x37,
    0x9c, 0x33, 0x5, 0x60, 0xc3, 0x50, 0x28, 0x2e,
    0xb7, 0x0,

    /* U+8BE2 "询" */
    0x2, 0x1b, 0xf, 0xd4, 0x3, 0x87, 0xf4, 0xb,
    0xfc, 0x87, 0x30, 0x74, 0x87, 0x68, 0x74, 0x9f,
    0xf, 0xf1, 0xa1, 0x60, 0xc2, 0xcc, 0x36, 0xf,
    0xe3, 0xd, 0x83, 0xb, 0x30, 0xda, 0xbf, 0x8c,
    0x27, 0xc6, 0x1d, 0x85, 0x40, 0xf9, 0x83, 0xfd,
    0x79, 0xf, 0xfe, 0x18,

    /* U+8BED "语" */
    0xf, 0xfe, 0x26, 0xf, 0xfc, 0x1b, 0xd, 0x87,
    0xf9, 0xff, 0x5, 0x44, 0x29, 0x6, 0x15, 0x30,
    0xb0, 0xb0, 0xed, 0xff, 0xd0, 0x58, 0x7f, 0xf0,
    0x70, 0x7f, 0xa0, 0xd8, 0xe1, 0x98, 0x37, 0x4c,
    0x33, 0x4, 0xe9, 0x86, 0xa0, 0x4a, 0x7, 0xfa,
    0x0,

    /* U+8BF4 "说" */
    0xf, 0xf9, 0xd, 0xa1, 0x61, 0x61, 0xda, 0x9,
    0x24, 0x39, 0x5, 0xeb, 0xc8, 0x7d, 0x86, 0xa0,
    0x3e, 0x6, 0x19, 0x83, 0x60, 0xc3, 0x50, 0x36,
    0xb, 0xd7, 0x21, 0xb0, 0xa8, 0x61, 0xec, 0x4d,
    0x30, 0xf7, 0xa3, 0x6, 0x4, 0x16, 0x9a, 0xc,
    0x60, 0x23, 0xa1, 0x7c, 0x87, 0xff, 0x8,

    /* U+8BF7 "请" */
    0x2, 0x1e, 0xc3, 0xdc, 0x3f, 0xf0, 0x6d, 0x9,
    0xc3, 0xfd, 0xfe, 0x80, 0xb0, 0xbb, 0x58, 0xd,
    0x8b, 0xfc, 0x16, 0xb, 0xf9, 0xd, 0x83, 0xd,
    0x21, 0xb0, 0x7a, 0xad, 0xd, 0x83, 0xd, 0x21,
    0xbc, 0xff, 0x90, 0x9d, 0x30, 0xd2, 0x12, 0x16,
    0x17, 0x80,

    /* U+8BFB "读" */
    0x2, 0x1e, 0xc3, 0xdc, 0xa, 0xba, 0x21, 0xb4,
    0x27, 0xf, 0xf2, 0xda, 0xc1, 0xeb, 0xfe, 0x7,
    0xc0, 0x63, 0x6, 0x1b, 0x9, 0xb0, 0x21, 0xb0,
    0x50, 0xc3, 0xec, 0xa7, 0x75, 0x21, 0x62, 0xa,
    0x21, 0xef, 0x1, 0xce, 0xd, 0x60, 0xb0, 0xa8,
    0x12, 0xd, 0xe, 0x90,

    /* U+8BFE "课" */
    0xf, 0xfe, 0x2e, 0x17, 0xfc, 0x19, 0xc1, 0x83,
    0x6, 0x1f, 0xba, 0x74, 0xc3, 0xf6, 0x38, 0xe1,
    0x7c, 0xd, 0x5a, 0xb0, 0xec, 0xb, 0x6b, 0x7,
    0x65, 0x5e, 0xac, 0x1b, 0x9, 0xf9, 0xf, 0x6a,
    0x37, 0x60, 0xe7, 0xc5, 0xc, 0xa0, 0x6a, 0x1c,
    0xc, 0x16, 0x1f, 0xec, 0x38,

    /* U+8C03 "调" */
    0xf, 0xfe, 0x26, 0x97, 0xfc, 0x1b, 0x24, 0x10,
    0x30, 0xf4, 0xb6, 0x98, 0x7a, 0x5b, 0x4c, 0x1f,
    0x12, 0xc, 0x18, 0x6c, 0x97, 0xd8, 0x6c, 0x86,
    0xa3, 0xd, 0x99, 0x24, 0x61, 0xb3, 0x20, 0x46,
    0x1b, 0xe2, 0xf8, 0xc2, 0xba, 0x7, 0xb0, 0x92,
    0xe, 0x7c, 0x1f, 0xfc, 0x30,

    /* U+8C22 "谢" */
    0xf, 0xfe, 0x1a, 0x1a, 0x42, 0x82, 0x70, 0x3c,
    0x82, 0xd, 0x43, 0x68, 0x8, 0x3e, 0xea, 0xfc,
    0x34, 0x6, 0xa8, 0x1a, 0x7, 0x7, 0x58, 0x83,
    0x60, 0xc6, 0x84, 0x1b, 0x6, 0x32, 0xa0, 0xd9,
    0x57, 0x14, 0xd, 0x85, 0x50, 0x20, 0xdd, 0x62,
    0x4, 0x1b, 0xb8, 0x10, 0x30, 0xc8, 0x96, 0x9e,
    0xf, 0xfe, 0x20,

    /* U+8C8C "貌" */
    0xc, 0x86, 0x83, 0xcf, 0x6, 0xc3, 0x3b, 0x1,
    0xff, 0x2, 0x1f, 0x50, 0x36, 0x17, 0xa1, 0xff,
    0x2, 0xe8, 0x30, 0x6c, 0x8, 0xe3, 0x6, 0xc2,
    0xb9, 0x5f, 0xe0, 0x71, 0x40, 0x66, 0x1e, 0xb8,
    0x63, 0xc, 0xea, 0x89, 0x30, 0xd0, 0x25, 0x60,
    0xc6, 0x5, 0xe6, 0xa, 0xf2, 0x1f, 0xfc, 0x20,

    /* U+8D25 "败" */
    0xf, 0xc8, 0x7b, 0xf8, 0x18, 0x7b, 0xb, 0x6,
    0x1e, 0xcc, 0xc7, 0xf8, 0x19, 0x99, 0x85, 0x85,
    0x99, 0xb8, 0x50, 0x59, 0x9b, 0x41, 0x82, 0xcc,
    0xc1, 0x92, 0x16, 0x66, 0x6, 0xc3, 0x2a, 0x10,
    0xb4, 0x3a, 0x70, 0x9f, 0x6, 0x71, 0xc7, 0x2c,
    0xe, 0x14, 0xe1, 0x38, 0x7f, 0xf0, 0xc0,

    /* U+8D34 "贴" */
    0xf, 0xec, 0x3b, 0xf8, 0x2c, 0x3b, 0xb, 0xb,
    0xe, 0xcc, 0xc2, 0xfc, 0x99, 0x98, 0x58, 0x76,
    0x66, 0x16, 0x1d, 0x99, 0x85, 0x87, 0x66, 0x6f,
    0xf8, 0x19, 0x9b, 0x6, 0xc0, 0xa8, 0x54, 0x1b,
    0xb, 0x71, 0x83, 0x60, 0xa0, 0xcf, 0x57, 0x86,
    0x9, 0x50, 0x4e, 0x1f, 0xfc, 0x30,

    /* U+8D77 "起" */
    0xa, 0x43, 0xff, 0x81, 0x20, 0x7f, 0x81, 0xfd,
    0x7, 0x61, 0xa4, 0x3e, 0xc0, 0xaa, 0x28, 0x3b,
    0x5, 0x3d, 0x47, 0xf8, 0x33, 0x5, 0x87, 0xa5,
    0x41, 0x61, 0xe9, 0x5d, 0xc, 0x32, 0x51, 0x82,
    0xc2, 0x63, 0xd4, 0xb, 0xf8, 0x19, 0xe0, 0xfe,
    0x60, 0x5f, 0xfa, 0xf, 0xfe, 0x10,

    /* U+8DDF "跟" */
    0x3f, 0x3f, 0xe0, 0xb0, 0x2b, 0xd, 0x5, 0x81,
    0x5d, 0x6c, 0x2f, 0xce, 0x85, 0x87, 0x60, 0xc3,
    0x41, 0x46, 0xf, 0xf0, 0x59, 0xeb, 0x18, 0x8,
    0x33, 0x6, 0xc, 0xe0, 0x66, 0xc, 0x16, 0x1b,
    0x3a, 0x61, 0x61, 0x3e, 0x93, 0xa9, 0xd0, 0xfb,
    0x90, 0x38, 0x7f, 0xf0, 0xc0,

    /* U+8EAB "身" */
    0xf, 0x21, 0xff, 0xc1, 0xd0, 0xfe, 0xeb, 0xbc,
    0x1e, 0xc3, 0xd8, 0x7b, 0xff, 0x7, 0xb0, 0xf6,
    0x21, 0xbf, 0xf5, 0x3, 0x61, 0xee, 0xb, 0xff,
    0xc1, 0xfe, 0xb7, 0xf, 0xcf, 0x3, 0xe, 0x6e,
    0xd, 0x86, 0xe4, 0x2f, 0xa0, 0xff, 0xe2, 0x80,

    /* U+8F7B "轻" */
    0x9, 0xf, 0xfe, 0x5, 0x0, 0xff, 0x23, 0xfc,
    0x19, 0xc3, 0x61, 0xe7, 0xc, 0xd1, 0xa, 0xe0,
    0xd3, 0x23, 0xc3, 0xc0, 0xfe, 0x43, 0x90, 0xd2,
    0x3f, 0xd0, 0x6a, 0x21, 0x61, 0xd7, 0xd0, 0x58,
    0x74, 0xc8, 0x6c, 0x3e, 0x90, 0xd8, 0x7d, 0x27,
    0xfc, 0x0,

    /* U+8F93 "输" */
    0x2, 0x1e, 0x83, 0xd8, 0x75, 0xa1, 0x3f, 0x81,
    0xc6, 0x86, 0x80, 0xf0, 0x5e, 0x2, 0xb2, 0x7f,
    0x48, 0x23, 0x2, 0xc1, 0x40, 0xee, 0x36, 0xa3,
    0x2, 0xb4, 0xda, 0x8c, 0x36, 0xd, 0xa8, 0xc0,
    0xde, 0x76, 0xa3, 0x4, 0xe0, 0xda, 0x8c, 0x36,
    0x8, 0x60, 0x61, 0xb0, 0x46, 0xae, 0xf, 0xfe,
    0x18,

    /* U+8FB9 "边" */
    0x20, 0xe7, 0xf, 0x38, 0x67, 0xf, 0xa8, 0x13,
    0x87, 0xe4, 0xff, 0xc1, 0xf9, 0x82, 0xcb, 0xc1,
    0xa4, 0xe, 0x16, 0x1b, 0x9, 0x82, 0xc2, 0x70,
    0x98, 0x2c, 0x2d, 0xa, 0x81, 0x60, 0xe0, 0xda,
    0x16, 0xa8, 0x2f, 0x41, 0x6d, 0x10, 0xfd, 0x20,
    0x7f, 0xf2, 0x1f, 0xfc, 0x20,

    /* U+8FBE "达" */
    0x14, 0x1d, 0xa1, 0xec, 0x3b, 0x43, 0xd4, 0xd,
    0x87, 0xe5, 0x7f, 0xe4, 0x3f, 0x61, 0xea, 0x82,
    0x78, 0x3c, 0xe1, 0x4e, 0x87, 0xb0, 0xb0, 0x68,
    0x76, 0xd, 0xb, 0x43, 0x66, 0x86, 0x70, 0xbc,
    0x87, 0xfb, 0x4a, 0x7, 0x90, 0x41, 0x37, 0xf9,
    0xf, 0xfe, 0x10,

    /* U+8FD8 "还" */
    0x10, 0xff, 0xe0, 0xb8, 0xff, 0xe0, 0xac, 0x35,
    0x3, 0xff, 0x81, 0x87, 0xff, 0x3, 0xc1, 0xd7,
    0x82, 0xbc, 0xe1, 0xd8, 0x3c, 0x63, 0x86, 0xde,
    0x6, 0x7, 0xb, 0xe, 0xc3, 0xec, 0x3b, 0xf,
    0xb8, 0x36, 0x1c, 0xed, 0x10, 0xfd, 0x20, 0x7f,
    0xf2, 0x1f, 0xfc, 0x20,

    /* U+8FD9 "这" */
    0xf, 0xfe, 0x56, 0x1e, 0xa0, 0x76, 0x87, 0xaa,
    0xff, 0xc8, 0x7f, 0xa8, 0x1f, 0x41, 0xb0, 0xca,
    0x3, 0xa3, 0x86, 0xb8, 0x2d, 0xd0, 0xe6, 0xd,
    0xe0, 0xf3, 0x5, 0x56, 0x1c, 0xc5, 0xc0, 0x70,
    0xce, 0xc1, 0xcc, 0x7, 0xe4, 0x3f, 0xb0, 0x37,
    0xfc, 0x87, 0xff, 0x8,

    /* U+8FDE "连" */
    0x20, 0xec, 0x3e, 0x71, 0xa7, 0x59, 0xa, 0x8a,
    0xe5, 0xe0, 0xfb, 0x14, 0x1f, 0xd2, 0x50, 0x33,
    0xe0, 0x7f, 0xc8, 0x50, 0x75, 0x3, 0xd0, 0x75,
    0x3, 0xd1, 0x7f, 0xe0, 0xa0, 0xea, 0x7, 0xb4,
    0x35, 0x3, 0xb7, 0x90, 0xf2, 0x48, 0x1f, 0xfc,
    0x1f, 0xfc, 0x30,

    /* U+9002 "适" */
    0xf, 0xf9, 0xb, 0x9, 0xa7, 0xd0, 0x4e, 0x5,
    0x18, 0x7c, 0x87, 0x68, 0x7e, 0xff, 0xe1, 0xa0,
    0x76, 0x1f, 0x60, 0xbf, 0xc1, 0xa0, 0x61, 0xd8,
    0x68, 0x18, 0x76, 0x1a, 0x7, 0x5d, 0x86, 0xe0,
    0xff, 0xb6, 0xd0, 0xf2, 0x28, 0x2b, 0xfe, 0xf,
    0xfe, 0x18,

    /* U+900F "透" */
    0xf, 0xe5, 0x48, 0x28, 0xa, 0xda, 0x83, 0x50,
    0x33, 0x7, 0xd3, 0xff, 0x90, 0xfa, 0x9e, 0xf,
    0xce, 0xa8, 0xe0, 0x7a, 0x68, 0xa9, 0x24, 0xc,
    0x7, 0x9c, 0x39, 0x82, 0xc1, 0x4c, 0x26, 0x5,
    0x3, 0x61, 0x39, 0xc1, 0x79, 0x3, 0xf4, 0x1f,
    0xda, 0xb, 0xfe, 0x83, 0xff, 0x84,

    /* U+901F "速" */
    0xf, 0xd8, 0x7a, 0x81, 0xda, 0x1e, 0xd5, 0xff,
    0x90, 0xa0, 0xd8, 0x7f, 0xbf, 0xf0, 0x2a, 0x30,
    0x61, 0x61, 0xb3, 0xff, 0x6, 0xc2, 0xbc, 0x87,
    0xb0, 0x36, 0xf0, 0x76, 0x59, 0x82, 0x81, 0xb6,
    0x6, 0x14, 0x7, 0xb4, 0x8, 0x7b, 0xa, 0xff,
    0xa0, 0xff, 0xe1, 0x0,

    /* U+904D "遍" */
    0xf, 0xc8, 0x7b, 0x43, 0xb4, 0x3d, 0x83, 0xae,
    0xe0, 0x90, 0x61, 0xcc, 0x1e, 0xd7, 0xe1, 0xb1,
    0xaf, 0xc1, 0x63, 0x42, 0x23, 0xb, 0x2a, 0x22,
    0x30, 0xb3, 0x3f, 0xe0, 0xb6, 0x22, 0x23, 0x3,
    0xc0, 0x84, 0x68, 0x39, 0x44, 0x3f, 0x48, 0x1b,
    0xfe, 0x43, 0xff, 0x84,

    /* U+9053 "道" */
    0xf, 0x28, 0xa, 0xa, 0x81, 0xb0, 0x61, 0xd4,
    0x7f, 0xf0, 0x64, 0x36, 0x1f, 0xf7, 0xf8, 0x2f,
    0x40, 0xc3, 0x61, 0x9c, 0x1d, 0x6c, 0x3b, 0x6,
    0x1b, 0xe, 0xc1, 0xd6, 0xc3, 0xb0, 0x61, 0xb0,
    0xec, 0x1f, 0xe0, 0x9d, 0xd0, 0xfe, 0xc2, 0xbf,
    0xe4, 0x3f, 0xf8, 0x40,

    /* U+9080 "邀" */
    0xf, 0x20, 0x43, 0xb0, 0x35, 0x10, 0x73, 0x98,
    0x33, 0xa8, 0x24, 0xe9, 0xbb, 0xc1, 0xda, 0xb9,
    0x30, 0x34, 0x5, 0x1a, 0x18, 0x4e, 0xfe, 0x69,
    0x86, 0xc1, 0x86, 0xd0, 0xd8, 0xf6, 0xe, 0xd,
    0x9a, 0x64, 0xe8, 0x5d, 0xa, 0xc0, 0x41, 0x94,
    0x43, 0xc8, 0xa0, 0x37, 0xfa, 0xf, 0xfe, 0x18,

    /* U+90FD "都" */
    0xa, 0x43, 0xff, 0x81, 0x20, 0xef, 0xc0, 0xbf,
    0x86, 0x6, 0x1a, 0x54, 0x31, 0x20, 0xa7, 0xe9,
    0x8c, 0x39, 0xd0, 0x33, 0x6, 0x74, 0x26, 0x34,
    0x17, 0xf2, 0xa0, 0x63, 0x61, 0x4a, 0x81, 0x85,
    0xfc, 0xa8, 0x18, 0x58, 0x52, 0xa9, 0xc1, 0x7f,
    0x2a, 0xf, 0x61, 0x4a, 0x83, 0xff, 0x8c,

    /* U+91CC "里" */
    0x5, 0xff, 0xc1, 0xa4, 0xc, 0x16, 0x1a, 0xe9,
    0xea, 0xb0, 0xd2, 0x7, 0xb, 0xd, 0x20, 0x60,
    0xb0, 0xd7, 0xff, 0x7, 0xe7, 0xf, 0xfe, 0x3,
    0x87, 0xef, 0xff, 0x41, 0xf3, 0x87, 0xff, 0x1,
    0xc3, 0xef, 0xff, 0xe0, 0x20,

    /* U+91CD "重" */
    0xf, 0xe5, 0x83, 0x5f, 0xd4, 0x50, 0x4b, 0xd6,
    0xbc, 0x5, 0xeb, 0x5e, 0x9, 0xff, 0xe0, 0xd2,
    0x6, 0xb, 0xd, 0x74, 0xf5, 0x58, 0x69, 0x3,
    0x5, 0x86, 0x7f, 0xf8, 0x3f, 0x30, 0x7e, 0xff,
    0xf2, 0x1f, 0x30, 0x7d, 0xff, 0xfc, 0x4,

    /* U+94F6 "银" */
    0x2, 0x1f, 0xfc, 0x1c, 0x27, 0xfc, 0xb, 0xe9,
    0x83, 0x60, 0xc3, 0x3d, 0x6c, 0x17, 0xd3, 0x6,
    0xc2, 0x70, 0x30, 0x6c, 0x36, 0x7, 0xfc, 0xf,
    0xe6, 0x30, 0x21, 0xb0, 0x31, 0x36, 0x1b, 0x3,
    0x3, 0x83, 0xb2, 0x60, 0x58, 0x67, 0xcd, 0xd9,
    0x61, 0x28, 0x14, 0x42, 0x50, 0x7f, 0xf0, 0x80,

    /* U+9519 "错" */
    0x4, 0x1d, 0x82, 0xd, 0x87, 0x60, 0x82, 0xbe,
    0xa7, 0xf9, 0x30, 0xf6, 0x30, 0x4d, 0x41, 0x60,
    0x83, 0x5a, 0x7f, 0xd0, 0x58, 0x7f, 0xdf, 0xa3,
    0xfa, 0x9, 0xc2, 0xc3, 0x41, 0xb0, 0xbf, 0xa0,
    0xd8, 0x98, 0x68, 0x27, 0xc9, 0x84, 0xc1, 0x48,
    0x5d, 0x70,

    /* U+952E "键" */
    0xf, 0xfe, 0x26, 0x1f, 0x41, 0x9d, 0x5f, 0x5f,
    0x40, 0xba, 0x12, 0x8, 0xc7, 0xd, 0x9f, 0xd1,
    0x59, 0x82, 0x8c, 0x29, 0x3d, 0x4f, 0xc1, 0x48,
    0x18, 0x10, 0x6f, 0xcb, 0x5f, 0x82, 0x92, 0x88,
    0x20, 0xe9, 0x1c, 0xfe, 0x41, 0x53, 0xa0, 0x83,
    0xbc, 0x67, 0x7, 0xd1, 0x20, 0x7f, 0x21, 0xff,
    0xc2,

    /* U+955C "镜" */
    0x2, 0x1e, 0x83, 0xd8, 0x4d, 0x3a, 0x81, 0x7c,
    0x8c, 0xa9, 0x6, 0x19, 0x5b, 0x44, 0x17, 0xc2,
    0xfc, 0x13, 0x5, 0xfd, 0x4, 0xc1, 0x61, 0xb0,
    0x7e, 0x8e, 0xaf, 0x4, 0xe1, 0x61, 0x38, 0x4c,
    0x15, 0xdd, 0x2, 0x65, 0x3, 0x30, 0xeb, 0xc0,
    0x93, 0x4, 0x9, 0x2d, 0x5, 0xe4, 0x3f, 0xf8,
    0x40,

    /* U+957F "长" */
    0xa, 0x81, 0xca, 0xe, 0xa0, 0x67, 0xf, 0x50,
    0x2b, 0xf, 0xa8, 0x3c, 0x1f, 0xa8, 0x68, 0x7f,
    0x50, 0x3f, 0xdf, 0xff, 0xc0, 0xd, 0x40, 0x61,
    0xfd, 0x40, 0x30, 0x7e, 0xa0, 0x5c, 0x1f, 0x50,
    0x37, 0x7, 0xaa, 0xf0, 0x2e, 0xd, 0xe8, 0x39,
    0x83, 0xff, 0x86,

    /* U+95EE "问" */
    0x43, 0xff, 0x81, 0x8f, 0xfc, 0x8c, 0x1f, 0x6c,
    0x1f, 0xdb, 0x82, 0xb8, 0x1b, 0x83, 0x41, 0x83,
    0x70, 0x61, 0x60, 0xdc, 0x18, 0x58, 0x37, 0x6,
    0x16, 0xd, 0xc1, 0xfc, 0xd, 0xc0, 0x87, 0xb7,
    0xf, 0xed, 0xc3, 0xeb, 0xc0,

    /* U+9645 "际" */
    0xf, 0xfe, 0xf, 0xe3, 0xfc, 0xc, 0x18, 0x7f,
    0x63, 0x7, 0xf6, 0x41, 0xfe, 0xc9, 0x5f, 0xf1,
    0x83, 0x9, 0x83, 0x60, 0xc4, 0x61, 0x6, 0xc,
    0xc6, 0x30, 0x67, 0x10, 0xc4, 0x98, 0x5a, 0x30,
    0xc6, 0x12, 0xa, 0x2, 0x30, 0xef, 0x21, 0x80,

    /* U+9694 "隔" */
    0xf, 0xfe, 0xf, 0xeb, 0xfe, 0x71, 0x45, 0x79,
    0x33, 0x6, 0x19, 0x8c, 0x81, 0xae, 0xa1, 0x98,
    0x17, 0xc0, 0xc6, 0x7f, 0xe7, 0x6, 0xb0, 0x15,
    0x38, 0xea, 0x33, 0x27, 0x65, 0xaf, 0xa8, 0xe1,
    0x28, 0x18, 0x27, 0x9, 0x40, 0xc1, 0x38, 0x4a,
    0x6, 0x58, 0x7f, 0xf0, 0x80,

    /* U+9700 "需" */
    0x7, 0xff, 0x82, 0x5e, 0xa2, 0xf0, 0x35, 0xd4,
    0x5d, 0x83, 0x2b, 0x35, 0x18, 0x4b, 0xa5, 0xe0,
    0xe5, 0xb, 0xc1, 0xbf, 0xff, 0x80, 0x1f, 0x61,
    0xfd, 0xff, 0xe4, 0x2c, 0x18, 0x30, 0x48, 0x58,
    0x30, 0x60, 0x90, 0xb0, 0x60, 0xcf, 0x7, 0xff,
    0x10,

    /* U+9762 "面" */
    0x3f, 0xff, 0x80, 0x1f, 0x68, 0x7f, 0xf0, 0x30,
    0xfd, 0x7f, 0xfa, 0x4, 0x92, 0x9, 0x28, 0x9,
    0x2e, 0x9a, 0x50, 0x12, 0x50, 0x12, 0x50, 0x12,
    0x48, 0x24, 0xa0, 0x24, 0xbf, 0x25, 0x1, 0x24,
    0x82, 0x4a, 0x2, 0xff, 0xf4, 0xa, 0x7, 0xea,
    0x0,

    /* U+97F3 "音" */
    0xf, 0xfe, 0x44, 0x87, 0xcd, 0x6f, 0x56, 0x43,
    0x30, 0x6a, 0x7, 0xd8, 0x6d, 0xf, 0xb4, 0x2c,
    0x3b, 0xff, 0xf8, 0x1, 0xff, 0xc5, 0x7f, 0xf2,
    0x19, 0x83, 0xd2, 0x19, 0xff, 0xc8, 0x66, 0xf,
    0x48, 0x67, 0xf, 0x48, 0x67, 0xff, 0x20,

    /* U+9879 "项" */
    0xe, 0xbf, 0xe1, 0xbd, 0x4, 0xc1, 0xe9, 0x7,
    0xf8, 0x34, 0x83, 0xd, 0x86, 0x90, 0x60, 0xcc,
    0x34, 0x83, 0x6, 0x61, 0xa4, 0x18, 0x33, 0xd,
    0x79, 0xc1, 0x98, 0x1e, 0x41, 0x14, 0x10, 0xfe,
    0x73, 0x43, 0xe6, 0xc2, 0xe0, 0xf4, 0x87, 0x40,

    /* U+9897 "颗" */
    0x3f, 0xa9, 0xfc, 0x99, 0x24, 0x14, 0x1b, 0xfa,
    0x7f, 0x81, 0x92, 0x4c, 0x16, 0xf, 0xe9, 0x8c,
    0xc3, 0x48, 0x18, 0xcc, 0x7f, 0xcc, 0x66, 0x1b,
    0xc0, 0x63, 0x30, 0xbd, 0x63, 0x31, 0x3, 0x65,
    0x81, 0xa8, 0x24, 0x90, 0xa4, 0xa0, 0x69, 0x6,
    0x84, 0xa0, 0xff, 0xe1, 0x0,

    /* U+9898 "题" */
    0x1f, 0xcf, 0xfa, 0x19, 0x5a, 0x9, 0xc, 0xca,
    0xd5, 0xfc, 0x7, 0xa6, 0xb0, 0x98, 0x7e, 0x51,
    0x18, 0xff, 0x96, 0x8c, 0x32, 0x80, 0xb8, 0xc0,
    0xcf, 0x2d, 0x3, 0x3, 0x30, 0x4e, 0xe1, 0x5c,
    0x82, 0xc0, 0xe0, 0xce, 0x14, 0x19, 0x18, 0xd,
    0xff, 0x21, 0xff, 0xc2,

    /* U+989C "颜" */
    0xa, 0xf, 0xfe, 0xd, 0x1, 0x7f, 0x25, 0xd3,
    0x80, 0xa0, 0xec, 0x18, 0xdd, 0x10, 0x5f, 0xa5,
    0x9, 0x82, 0x41, 0x2c, 0x46, 0x8, 0x74, 0x5a,
    0x30, 0x74, 0x11, 0x68, 0xc1, 0x82, 0x82, 0xe3,
    0x7, 0x68, 0xb4, 0xc, 0x18, 0x58, 0x5a, 0x80,
    0xed, 0x85, 0xa6, 0x8d, 0x10, 0x5a, 0x14, 0x87,
    0xff, 0x8,

    /* U+98CE "风" */
    0x7, 0xff, 0x83, 0x61, 0xf3, 0x86, 0xc3, 0xa4,
    0xc3, 0x65, 0x1, 0x83, 0xd, 0x83, 0x68, 0xc,
    0x36, 0x17, 0x82, 0xc3, 0x61, 0x58, 0x58, 0x6c,
    0xf, 0x60, 0xc2, 0x71, 0xc1, 0xc6, 0x15, 0x1d,
    0xb, 0x32, 0x30, 0xfe, 0x99, 0x83, 0xf9, 0xd0,
    0xff, 0xe1, 0x0,

    /* U+9EA6 "麦" */
    0xf, 0x48, 0x7d, 0x7f, 0xf9, 0xf, 0xa4, 0x3f,
    0x7f, 0xf4, 0x1f, 0xa4, 0x3c, 0xff, 0xff, 0x0,
    0x3a, 0xc3, 0xfe, 0xbf, 0xd0, 0x67, 0xb0, 0xda,
    0x1a, 0x3, 0x8e, 0x87, 0xf5, 0xe4, 0x3e, 0x6e,
    0x57, 0xa4, 0x2e, 0x43, 0xcd, 0x80,

    /* U+9F13 "鼓" */
    0xa, 0x43, 0xb0, 0xd4, 0xf5, 0x2, 0xc3, 0xd2,
    0xf, 0xf2, 0x53, 0xa2, 0x7, 0xc, 0xbc, 0x1b,
    0xd, 0x7e, 0x69, 0xea, 0x2, 0x41, 0x2b, 0x3,
    0x82, 0x41, 0x26, 0x6, 0x5, 0xf9, 0x28, 0x68,
    0x50, 0x20, 0xba, 0x6, 0xc5, 0x5, 0x61, 0x9a,
    0x7c, 0x5d, 0xa3, 0x45, 0xf, 0x1, 0xe0, 0xff,
    0xe1, 0x0,

    /* U+9F84 "龄" */
    0xf, 0xfe, 0x34, 0x19, 0xc3, 0x31, 0x6, 0xf0,
    0x66, 0x3d, 0xe, 0xe1, 0x31, 0x5, 0xa7, 0x3,
    0xf5, 0x3a, 0x3, 0x83, 0xe8, 0x71, 0x44, 0x28,
    0x82, 0x43, 0x44, 0x93, 0xfc, 0x8, 0xe2, 0xd,
    0x20, 0x9b, 0x61, 0x1c, 0x2a, 0x1, 0x8b, 0xc1,
    0xaa, 0xf4, 0x7, 0x43, 0xf4, 0x13, 0x7, 0xff,
    0x10,

    /* U+FF01 "！" */
    0x9, 0xc1, 0x83, 0x6, 0xc, 0x18, 0x30, 0xe8,
    0x18, 0x60,

    /* U+FF0C "，" */
    0xe, 0xb0, 0x3a, 0x9, 0x28, 0x4, 0x0,

    /* U+FF0F "／" */
    0xf, 0xfe, 0x2, 0x83, 0xfe, 0x60, 0xff, 0x98,
    0x3f, 0xe6, 0xf, 0xf9, 0x83, 0xfe, 0x60, 0xff,
    0x98, 0x3f, 0xe6, 0xf, 0xf9, 0x83, 0xfe, 0x60,
    0xff, 0x98, 0x3f, 0xe6, 0xf, 0xfe, 0x4, 0x1f,
    0xfc, 0xe0,

    /* U+FF1B "；" */
    0x1c, 0x16, 0x1f, 0xfc, 0x66, 0x5, 0xa0, 0x90,
    0x60, 0xd0, 0xe0,

    /* U+FF1F "？" */
    0x5, 0xc8, 0x35, 0x58, 0x7b, 0x43, 0xb0, 0xee,
    0xd, 0x40, 0xec, 0x3c, 0x87, 0xff, 0x6, 0xe,
    0x70, 0xff, 0x0
};


/*---------------------
 *  GLYPH DESCRIPTION
 *--------------------*/

static const lv_font_fmt_txt_glyph_dsc_t glyph_dsc[] = {
    {.bitmap_index = 0, .adv_w = 0, .box_w = 0, .box_h = 0, .ofs_x = 0, .ofs_y = 0} /* id = 0 reserved */,
    {.bitmap_index = 0, .adv_w = 50, .box_w = 0, .box_h = 0, .ofs_x = 0, .ofs_y = 0},
    {.bitmap_index = 0, .adv_w = 72, .box_w = 3, .box_h = 11, .ofs_x = 1, .ofs_y = 0},
    {.bitmap_index = 9, .adv_w = 106, .box_w = 5, .box_h = 5, .ofs_x = 1, .ofs_y = 6},
    {.bitmap_index = 16, .adv_w = 124, .box_w = 8, .box_h = 11, .ofs_x = 0, .ofs_y = 0},
    {.bitmap_index = 39, .adv_w = 124, .box_w = 7, .box_h = 14, .ofs_x = 0, .ofs_y = -2},
    {.bitmap_index = 63, .adv_w = 206, .box_w = 13, .box_h = 11, .ofs_x = 0, .ofs_y = 0},
    {.bitmap_index = 100, .adv_w = 152, .box_w = 10, .box_h = 11, .ofs_x = 0, .ofs_y = 0},
    {.bitmap_index = 127, .adv_w = 62, .box_w = 2, .box_h = 5, .ofs_x = 1, .ofs_y = 6},
    {.bitmap_index = 130, .adv_w = 76, .box_w = 4, .box_h = 15, .ofs_x = 1, .ofs_y = -3},
    {.bitmap_index = 147, .adv_w = 76, .box_w = 4, .box_h = 15, .ofs_x = 0, .ofs_y = -3},
    {.bitmap_index = 163, .adv_w = 105, .box_w = 6, .box_h = 5, .ofs_x = 0, .ofs_y = 6},
    {.bitmap_index = 171, .adv_w = 124, .box_w = 8, .box_h = 8, .ofs_x = 0, .ofs_y = 2},
    {.bitmap_index = 184, .adv_w = 62, .box_w = 4, .box_h = 5, .ofs_x = 0, .ofs_y = -3},
    {.bitmap_index = 190, .adv_w = 78, .box_w = 5, .box_h = 2, .ofs_x = 0, .ofs_y = 3},
    {.bitmap_index = 193, .adv_w = 62, .box_w = 2, .box_h = 2, .ofs_x = 1, .ofs_y = 0},
    {.bitmap_index = 194, .adv_w = 88, .box_w = 6, .box_h = 14, .ofs_x = 0, .ofs_y = -3},
    {.bitmap_index = 213, .adv_w = 124, .box_w = 8, .box_h = 11, .ofs_x = 0, .ofs_y = 0},
    {.bitmap_index = 237, .adv_w = 124, .box_w = 6, .box_h = 11, .ofs_x = 1, .ofs_y = 0},
    {.bitmap_index = 253, .adv_w = 124, .box_w = 8, .box_h = 11, .ofs_x = 0, .ofs_y = 0},
    {.bitmap_index = 272, .adv_w = 124, .box_w = 7, .box_h = 11, .ofs_x = 0, .ofs_y = 0},
    {.bitmap_index = 291, .adv_w = 124, .box_w = 8, .box_h = 11, .ofs_x = 0, .ofs_y = 0},
    {.bitmap_index = 312, .adv_w = 124, .box_w = 8, .box_h = 11, .ofs_x = 0, .ofs_y = 0},
    {.bitmap_index = 333, .adv_w = 124, .box_w = 8, .box_h = 11, .ofs_x = 0, .ofs_y = 0},
    {.bitmap_index = 356, .adv_w = 124, .box_w = 8, .box_h = 11, .ofs_x = 0, .ofs_y = 0},
    {.bitmap_index = 374, .adv_w = 124, .box_w = 8, .box_h = 11, .ofs_x = 0, .ofs_y = 0},
    {.bitmap_index = 398, .adv_w = 124, .box_w = 8, .box_h = 11, .ofs_x = 0, .ofs_y = 0},
    {.bitmap_index = 421, .adv_w = 62, .box_w = 2, .box_h = 8, .ofs_x = 1, .ofs_y = 0},
    {.bitmap_index = 425, .adv_w = 62, .box_w = 4, .box_h = 11, .ofs_x = 0, .ofs_y = -3},
    {.bitmap_index = 436, .adv_w = 124, .box_w = 8, .box_h = 7, .ofs_x = 0, .ofs_y = 2},
    {.bitmap_index = 449, .adv_w = 124, .box_w = 8, .box_h = 4, .ofs_x = 0, .ofs_y = 4},
    {.bitmap_index = 455, .adv_w = 124, .box_w = 8, .box_h = 7, .ofs_x = 0, .ofs_y = 2},
    {.bitmap_index = 468, .adv_w = 106, .box_w = 6, .box_h = 11, .ofs_x = 0, .ofs_y = 0},
    {.bitmap_index = 484, .adv_w = 212, .box_w = 13, .box_h = 13, .ofs_x = 0, .ofs_y = -2},
    {.bitmap_index = 527, .adv_w = 136, .box_w = 9, .box_h = 11, .ofs_x = 0, .ofs_y = 0},
    {.bitmap_index = 551, .adv_w = 147, .box_w = 8, .box_h = 11, .ofs_x = 1, .ofs_y = 0},
    {.bitmap_index = 574, .adv_w = 143, .box_w = 9, .box_h = 11, .ofs_x = 0, .ofs_y = 0},
    {.bitmap_index = 596, .adv_w = 154, .box_w = 8, .box_h = 11, .ofs_x = 1, .ofs_y = 0},
    {.bitmap_index = 619, .adv_w = 132, .box_w = 7, .box_h = 11, .ofs_x = 1, .ofs_y = 0},
    {.bitmap_index = 637, .adv_w = 124, .box_w = 7, .box_h = 11, .ofs_x = 1, .ofs_y = 0},
    {.bitmap_index = 655, .adv_w = 154, .box_w = 9, .box_h = 11, .ofs_x = 0, .ofs_y = 0},
    {.bitmap_index = 679, .adv_w = 163, .box_w = 8, .box_h = 11, .ofs_x = 1, .ofs_y = 0},
    {.bitmap_index = 701, .adv_w = 66, .box_w = 2, .box_h = 11, .ofs_x = 1, .ofs_y = 0},
    {.bitmap_index = 704, .adv_w = 120, .box_w = 7, .box_h = 11, .ofs_x = 0, .ofs_y = 0},
    {.bitmap_index = 721, .adv_w = 145, .box_w = 8, .box_h = 11, .ofs_x = 1, .ofs_y = 0},
    {.bitmap_index = 745, .adv_w = 122, .box_w = 7, .box_h = 11, .ofs_x = 1, .ofs_y = 0},
    {.bitmap_index = 763, .adv_w = 182, .box_w = 9, .box_h = 11, .ofs_x = 1, .ofs_y = 0},
    {.bitmap_index = 790, .adv_w = 162, .box_w = 8, .box_h = 11, .ofs_x = 1, .ofs_y = 0},
    {.bitmap_index = 812, .adv_w = 166, .box_w = 10, .box_h = 11, .ofs_x = 0, .ofs_y = 0},
    {.bitmap_index = 839, .adv_w = 142, .box_w = 8, .box_h = 11, .ofs_x = 1, .ofs_y = 0},
    {.bitmap_index = 861, .adv_w = 166, .box_w = 10, .box_h = 14, .ofs_x = 0, .ofs_y = -3},
    {.bitmap_index = 893, .adv_w = 142, .box_w = 8, .box_h = 11, .ofs_x = 1, .ofs_y = 0},
    {.bitmap_index = 917, .adv_w = 134, .box_w = 8, .box_h = 11, .ofs_x = 0, .ofs_y = 0},
    {.bitmap_index = 938, .adv_w = 134, .box_w = 8, .box_h = 11, .ofs_x = 0, .ofs_y = 0},
    {.bitmap_index = 957, .adv_w = 162, .box_w = 8, .box_h = 11, .ofs_x = 1, .ofs_y = 0},
    {.bitmap_index = 978, .adv_w = 129, .box_w = 9, .box_h = 11, .ofs_x = 0, .ofs_y = 0},
    {.bitmap_index = 1003, .adv_w = 197, .box_w = 12, .box_h = 11, .ofs_x = 0, .ofs_y = 0},
    {.bitmap_index = 1039, .adv_w = 128, .box_w = 8, .box_h = 11, .ofs_x = 0, .ofs_y = 0},
    {.bitmap_index = 1061, .adv_w = 119, .box_w = 9, .box_h = 11, .ofs_x = -1, .ofs_y = 0},
    {.bitmap_index = 1083, .adv_w = 135, .box_w = 8, .box_h = 11, .ofs_x = 0, .ofs_y = 0},
    {.bitmap_index = 1102, .adv_w = 76, .box_w = 4, .box_h = 14, .ofs_x = 1, .ofs_y = -3},
    {.bitmap_index = 1118, .adv_w = 88, .box_w = 6, .box_h = 14, .ofs_x = 0, .ofs_y = -3},
    {.bitmap_index = 1137, .adv_w = 76, .box_w = 4, .box_h = 14, .ofs_x = 0, .ofs_y = -3},
    {.bitmap_index = 1153, .adv_w = 124, .box_w = 7, .box_h = 6, .ofs_x = 0, .ofs_y = 5},
    {.bitmap_index = 1164, .adv_w = 125, .box_w = 8, .box_h = 1, .ofs_x = 0, .ofs_y = -2},
    {.bitmap_index = 1166, .adv_w = 136, .box_w = 4, .box_h = 4, .ofs_x = 2, .ofs_y = 9},
    {.bitmap_index = 1170, .adv_w = 126, .box_w = 7, .box_h = 8, .ofs_x = 0, .ofs_y = 0},
    {.bitmap_index = 1185, .adv_w = 138, .box_w = 7, .box_h = 11, .ofs_x = 1, .ofs_y = 0},
    {.bitmap_index = 1205, .adv_w = 114, .box_w = 7, .box_h = 8, .ofs_x = 0, .ofs_y = 0},
    {.bitmap_index = 1219, .adv_w = 139, .box_w = 8, .box_h = 11, .ofs_x = 0, .ofs_y = 0},
    {.bitmap_index = 1241, .adv_w = 124, .box_w = 8, .box_h = 8, .ofs_x = 0, .ofs_y = 0},
    {.bitmap_index = 1257, .adv_w = 73, .box_w = 5, .box_h = 11, .ofs_x = 0, .ofs_y = 0},
    {.bitmap_index = 1272, .adv_w = 126, .box_w = 8, .box_h = 11, .ofs_x = 0, .ofs_y = -3},
    {.bitmap_index = 1294, .adv_w = 136, .box_w = 7, .box_h = 11, .ofs_x = 1, .ofs_y = 0},
    {.bitmap_index = 1314, .adv_w = 62, .box_w = 2, .box_h = 11, .ofs_x = 1, .ofs_y = 0},
    {.bitmap_index = 1319, .adv_w = 62, .box_w = 4, .box_h = 14, .ofs_x = -1, .ofs_y = -3},
    {.bitmap_index = 1336, .adv_w = 124, .box_w = 7, .box_h = 11, .ofs_x = 1, .ofs_y = 0},
    {.bitmap_index = 1357, .adv_w = 64, .box_w = 3, .box_h = 11, .ofs_x = 1, .ofs_y = 0},
    {.bitmap_index = 1367, .adv_w = 207, .box_w = 11, .box_h = 8, .ofs_x = 1, .ofs_y = 0},
    {.bitmap_index = 1390, .adv_w = 137, .box_w = 7, .box_h = 8, .ofs_x = 1, .ofs_y = 0},
    {.bitmap_index = 1405, .adv_w = 136, .box_w = 8, .box_h = 8, .ofs_x = 0, .ofs_y = 0},
    {.bitmap_index = 1422, .adv_w = 139, .box_w = 7, .box_h = 11, .ofs_x = 1, .ofs_y = -3},
    {.bitmap_index = 1442, .adv_w = 139, .box_w = 8, .box_h = 11, .ofs_x = 0, .ofs_y = -3},
    {.bitmap_index = 1464, .adv_w = 87, .box_w = 5, .box_h = 8, .ofs_x = 1, .ofs_y = 0},
    {.bitmap_index = 1475, .adv_w = 105, .box_w = 7, .box_h = 8, .ofs_x = 0, .ofs_y = 0},
    {.bitmap_index = 1489, .adv_w = 84, .box_w = 6, .box_h = 10, .ofs_x = 0, .ofs_y = 0},
    {.bitmap_index = 1504, .adv_w = 136, .box_w = 7, .box_h = 8, .ofs_x = 1, .ofs_y = 0},
    {.bitmap_index = 1519, .adv_w = 117, .box_w = 8, .box_h = 8, .ofs_x = 0, .ofs_y = 0},
    {.bitmap_index = 1536, .adv_w = 180, .box_w = 11, .box_h = 8, .ofs_x = 0, .ofs_y = 0},
    {.bitmap_index = 1560, .adv_w = 112, .box_w = 7, .box_h = 8, .ofs_x = 0, .ofs_y = 0},
    {.bitmap_index = 1574, .adv_w = 117, .box_w = 8, .box_h = 11, .ofs_x = 0, .ofs_y = -3},
    {.bitmap_index = 1595, .adv_w = 106, .box_w = 7, .box_h = 8, .ofs_x = 0, .ofs_y = 0},
    {.bitmap_index = 1608, .adv_w = 76, .box_w = 5, .box_h = 14, .ofs_x = 0, .ofs_y = -3},
    {.bitmap_index = 1625, .adv_w = 60, .box_w = 2, .box_h = 16, .ofs_x = 1, .ofs_y = -4},
    {.bitmap_index = 1633, .adv_w = 76, .box_w = 5, .box_h = 14, .ofs_x = 0, .ofs_y = -3},
    {.bitmap_index = 1650, .adv_w = 124, .box_w = 8, .box_h = 2, .ofs_x = 0, .ofs_y = 4},
    {.bitmap_index = 1655, .adv_w = 224, .box_w = 5, .box_h = 5, .ofs_x = 0, .ofs_y = -1},
    {.bitmap_index = 1661, .adv_w = 224, .box_w = 5, .box_h = 5, .ofs_x = 0, .ofs_y = -1},
    {.bitmap_index = 1668, .adv_w = 224, .box_w = 14, .box_h = 3, .ofs_x = 0, .ofs_y = 4},
    {.bitmap_index = 1677, .adv_w = 224, .box_w = 14, .box_h = 12, .ofs_x = 0, .ofs_y = -1},
    {.bitmap_index = 1694, .adv_w = 224, .box_w = 14, .box_h = 13, .ofs_x = 0, .ofs_y = -1},
    {.bitmap_index = 1731, .adv_w = 224, .box_w = 14, .box_h = 12, .ofs_x = 0, .ofs_y = -1},
    {.bitmap_index = 1768, .adv_w = 224, .box_w = 14, .box_h = 12, .ofs_x = 0, .ofs_y = -1},
    {.bitmap_index = 1805, .adv_w = 224, .box_w = 13, .box_h = 14, .ofs_x = 0, .ofs_y = -2},
    {.bitmap_index = 1839, .adv_w = 224, .box_w = 13, .box_h = 14, .ofs_x = 0, .ofs_y = -2},
    {.bitmap_index = 1874, .adv_w = 224, .box_w = 14, .box_h = 12, .ofs_x = 0, .ofs_y = -1},
    {.bitmap_index = 1916, .adv_w = 224, .box_w = 14, .box_h = 13, .ofs_x = 0, .ofs_y = -1},
    {.bitmap_index = 1957, .adv_w = 224, .box_w = 12, .box_h = 13, .ofs_x = 1, .ofs_y = -1},
    {.bitmap_index = 1989, .adv_w = 224, .box_w = 14, .box_h = 13, .ofs_x = 0, .ofs_y = -1},
    {.bitmap_index = 2031, .adv_w = 224, .box_w = 14, .box_h = 13, .ofs_x = 0, .ofs_y = -1},
    {.bitmap_index = 2070, .adv_w = 224, .box_w = 14, .box_h = 13, .ofs_x = 0, .ofs_y = -1},
    {.bitmap_index = 2111, .adv_w = 224, .box_w = 12, .box_h = 13, .ofs_x = 1, .ofs_y = -2},
    {.bitmap_index = 2145, .adv_w = 224, .box_w = 12, .box_h = 12, .ofs_x = 1, .ofs_y = -1},
    {.bitmap_index = 2172, .adv_w = 224, .box_w = 14, .box_h = 13, .ofs_x = 0, .ofs_y = -1},
    {.bitmap_index = 2212, .adv_w = 224, .box_w = 14, .box_h = 12, .ofs_x = 0, .ofs_y = -1},
    {.bitmap_index = 2247, .adv_w = 224, .box_w = 14, .box_h = 12, .ofs_x = 0, .ofs_y = -1},
    {.bitmap_index = 2281, .adv_w = 224, .box_w = 14, .box_h = 13, .ofs_x = 0, .ofs_y = -1},
    {.bitmap_index = 2319, .adv_w = 224, .box_w = 14, .box_h = 15, .ofs_x = 0, .ofs_y = -2},
    {.bitmap_index = 2360, .adv_w = 224, .box_w = 14, .box_h = 13, .ofs_x = 0, .ofs_y = -1},
    {.bitmap_index = 2399, .adv_w = 224, .box_w = 14, .box_h = 13, .ofs_x = 0, .ofs_y = -1},
    {.bitmap_index = 2438, .adv_w = 224, .box_w = 14, .box_h = 14, .ofs_x = 0, .ofs_y = -1},
    {.bitmap_index = 2480, .adv_w = 224, .box_w = 14, .box_h = 14, .ofs_x = 0, .ofs_y = -2},
    {.bitmap_index = 2520, .adv_w = 224, .box_w = 13, .box_h = 14, .ofs_x = 1, .ofs_y = -2},
    {.bitmap_index = 2563, .adv_w = 224, .box_w = 14, .box_h = 14, .ofs_x = 0, .ofs_y = -1},
    {.bitmap_index = 2604, .adv_w = 224, .box_w = 14, .box_h = 14, .ofs_x = 0, .ofs_y = -2},
    {.bitmap_index = 2648, .adv_w = 224, .box_w = 14, .box_h = 14, .ofs_x = 0, .ofs_y = -2},
    {.bitmap_index = 2692, .adv_w = 224, .box_w = 13, .box_h = 13, .ofs_x = 0, .ofs_y = -1},
    {.bitmap_index = 2731, .adv_w = 224, .box_w = 14, .box_h = 13, .ofs_x = 0, .ofs_y = -1},
    {.bitmap_index = 2771, .adv_w = 224, .box_w = 14, .box_h = 13, .ofs_x = 0, .ofs_y = -1},
    {.bitmap_index = 2811, .adv_w = 224, .box_w = 14, .box_h = 14, .ofs_x = 0, .ofs_y = -2},
    {.bitmap_index = 2857, .adv_w = 224, .box_w = 14, .box_h = 13, .ofs_x = 0, .ofs_y = -1},
    {.bitmap_index = 2895, .adv_w = 224, .box_w = 13, .box_h = 14, .ofs_x = 0, .ofs_y = -2},
    {.bitmap_index = 2942, .adv_w = 224, .box_w = 14, .box_h = 13, .ofs_x = 0, .ofs_y = -1},
    {.bitmap_index = 2984, .adv_w = 224, .box_w = 14, .box_h = 13, .ofs_x = 0, .ofs_y = -1},
    {.bitmap_index = 3028, .adv_w = 224, .box_w = 14, .box_h = 14, .ofs_x = 0, .ofs_y = -2},
    {.bitmap_index = 3077, .adv_w = 224, .box_w = 14, .box_h = 15, .ofs_x = 0, .ofs_y = -2},
    {.bitmap_index = 3128, .adv_w = 224, .box_w = 14, .box_h = 14, .ofs_x = 0, .ofs_y = -2},
    {.bitmap_index = 3171, .adv_w = 224, .box_w = 14, .box_h = 13, .ofs_x = 0, .ofs_y = -1},
    {.bitmap_index = 3215, .adv_w = 224, .box_w = 14, .box_h = 14, .ofs_x = 0, .ofs_y = -2},
    {.bitmap_index = 3259, .adv_w = 224, .box_w = 14, .box_h = 14, .ofs_x = 0, .ofs_y = -2},
    {.bitmap_index = 3303, .adv_w = 224, .box_w = 14, .box_h = 14, .ofs_x = 0, .ofs_y = -2},
    {.bitmap_index = 3345, .adv_w = 224, .box_w = 14, .box_h = 14, .ofs_x = 0, .ofs_y = -2},
    {.bitmap_index = 3387, .adv_w = 224, .box_w = 14, .box_h = 14, .ofs_x = 0, .ofs_y = -2},
    {.bitmap_index = 3427, .adv_w = 224, .box_w = 14, .box_h = 14, .ofs_x = 0, .ofs_y = -2},
    {.bitmap_index = 3467, .adv_w = 224, .box_w = 12, .box_h = 13, .ofs_x = 1, .ofs_y = -1},
    {.bitmap_index = 3501, .adv_w = 224, .box_w = 14, .box_h = 12, .ofs_x = 0, .ofs_y = -1},
    {.bitmap_index = 3538, .adv_w = 224, .box_w = 12, .box_h = 13, .ofs_x = 1, .ofs_y = -2},
    {.bitmap_index = 3569, .adv_w = 224, .box_w = 14, .box_h = 13, .ofs_x = 0, .ofs_y = -1},
    {.bitmap_index = 3610, .adv_w = 224, .box_w = 14, .box_h = 13, .ofs_x = 0, .ofs_y = -2},
    {.bitmap_index = 3648, .adv_w = 224, .box_w = 12, .box_h = 13, .ofs_x = 1, .ofs_y = -1},
    {.bitmap_index = 3684, .adv_w = 224, .box_w = 14, .box_h = 13, .ofs_x = 0, .ofs_y = -1},
    {.bitmap_index = 3724, .adv_w = 224, .box_w = 12, .box_h = 14, .ofs_x = 1, .ofs_y = -2},
    {.bitmap_index = 3767, .adv_w = 224, .box_w = 13, .box_h = 14, .ofs_x = 0, .ofs_y = -2},
    {.bitmap_index = 3814, .adv_w = 224, .box_w = 13, .box_h = 14, .ofs_x = 0, .ofs_y = -2},
    {.bitmap_index = 3859, .adv_w = 224, .box_w = 14, .box_h = 15, .ofs_x = 0, .ofs_y = -2},
    {.bitmap_index = 3905, .adv_w = 224, .box_w = 12, .box_h = 14, .ofs_x = 1, .ofs_y = -2},
    {.bitmap_index = 3941, .adv_w = 224, .box_w = 14, .box_h = 14, .ofs_x = 0, .ofs_y = -2},
    {.bitmap_index = 3986, .adv_w = 224, .box_w = 13, .box_h = 14, .ofs_x = 0, .ofs_y = -2},
    {.bitmap_index = 4031, .adv_w = 224, .box_w = 14, .box_h = 14, .ofs_x = 0, .ofs_y = -2},
    {.bitmap_index = 4077, .adv_w = 224, .box_w = 13, .box_h = 14, .ofs_x = 0, .ofs_y = -2},
    {.bitmap_index = 4122, .adv_w = 224, .box_w = 13, .box_h = 14, .ofs_x = 0, .ofs_y = -2},
    {.bitmap_index = 4166, .adv_w = 224, .box_w = 13, .box_h = 14, .ofs_x = 0, .ofs_y = -2},
    {.bitmap_index = 4208, .adv_w = 224, .box_w = 14, .box_h = 13, .ofs_x = 0, .ofs_y = -1},
    {.bitmap_index = 4246, .adv_w = 224, .box_w = 14, .box_h = 13, .ofs_x = 0, .ofs_y = -1},
    {.bitmap_index = 4285, .adv_w = 224, .box_w = 13, .box_h = 13, .ofs_x = 0, .ofs_y = -1},
    {.bitmap_index = 4327, .adv_w = 224, .box_w = 14, .box_h = 13, .ofs_x = 0, .ofs_y = -2},
    {.bitmap_index = 4366, .adv_w = 224, .box_w = 14, .box_h = 12, .ofs_x = 0, .ofs_y = -1},
    {.bitmap_index = 4405, .adv_w = 224, .box_w = 14, .box_h = 13, .ofs_x = 0, .ofs_y = -1},
    {.bitmap_index = 4447, .adv_w = 224, .box_w = 14, .box_h = 12, .ofs_x = 0, .ofs_y = -1},
    {.bitmap_index = 4488, .adv_w = 224, .box_w = 14, .box_h = 15, .ofs_x = 0, .ofs_y = -2},
    {.bitmap_index = 4534, .adv_w = 224, .box_w = 14, .box_h = 14, .ofs_x = 0, .ofs_y = -2},
    {.bitmap_index = 4578, .adv_w = 224, .box_w = 12, .box_h = 12, .ofs_x = 1, .ofs_y = -1},
    {.bitmap_index = 4608, .adv_w = 224, .box_w = 13, .box_h = 14, .ofs_x = 0, .ofs_y = -2},
    {.bitmap_index = 4647, .adv_w = 224, .box_w = 14, .box_h = 13, .ofs_x = 0, .ofs_y = -2},
    {.bitmap_index = 4683, .adv_w = 224, .box_w = 12, .box_h = 13, .ofs_x = 1, .ofs_y = -1},
    {.bitmap_index = 4719, .adv_w = 224, .box_w = 13, .box_h = 12, .ofs_x = 1, .ofs_y = -1},
    {.bitmap_index = 4754, .adv_w = 224, .box_w = 14, .box_h = 12, .ofs_x = 0, .ofs_y = -1},
    {.bitmap_index = 4794, .adv_w = 224, .box_w = 14, .box_h = 13, .ofs_x = 0, .ofs_y = -1},
    {.bitmap_index = 4832, .adv_w = 224, .box_w = 14, .box_h = 13, .ofs_x = 0, .ofs_y = -1},
    {.bitmap_index = 4869, .adv_w = 224, .box_w = 12, .box_h = 12, .ofs_x = 1, .ofs_y = -1},
    {.bitmap_index = 4903, .adv_w = 224, .box_w = 13, .box_h = 13, .ofs_x = 0, .ofs_y = -1},
    {.bitmap_index = 4938, .adv_w = 224, .box_w = 14, .box_h = 13, .ofs_x = 0, .ofs_y = -1},
    {.bitmap_index = 4978, .adv_w = 224, .box_w = 12, .box_h = 13, .ofs_x = 1, .ofs_y = -1},
    {.bitmap_index = 5012, .adv_w = 224, .box_w = 13, .box_h = 14, .ofs_x = 1, .ofs_y = -2},
    {.bitmap_index = 5052, .adv_w = 224, .box_w = 13, .box_h = 12, .ofs_x = 1, .ofs_y = -1},
    {.bitmap_index = 5090, .adv_w = 224, .box_w = 13, .box_h = 13, .ofs_x = 1, .ofs_y = -1},
    {.bitmap_index = 5131, .adv_w = 224, .box_w = 13, .box_h = 13, .ofs_x = 1, .ofs_y = -2},
    {.bitmap_index = 5175, .adv_w = 224, .box_w = 14, .box_h = 13, .ofs_x = 0, .ofs_y = -1},
    {.bitmap_index = 5210, .adv_w = 224, .box_w = 13, .box_h = 13, .ofs_x = 0, .ofs_y = -2},
    {.bitmap_index = 5250, .adv_w = 224, .box_w = 13, .box_h = 14, .ofs_x = 1, .ofs_y = -2},
    {.bitmap_index = 5291, .adv_w = 224, .box_w = 13, .box_h = 13, .ofs_x = 0, .ofs_y = -1},
    {.bitmap_index = 5334, .adv_w = 224, .box_w = 13, .box_h = 14, .ofs_x = 1, .ofs_y = -2},
    {.bitmap_index = 5377, .adv_w = 224, .box_w = 12, .box_h = 12, .ofs_x = 1, .ofs_y = -1},
    {.bitmap_index = 5409, .adv_w = 224, .box_w = 13, .box_h = 14, .ofs_x = 1, .ofs_y = -2},
    {.bitmap_index = 5453, .adv_w = 224, .box_w = 13, .box_h = 14, .ofs_x = 1, .ofs_y = -2},
    {.bitmap_index = 5498, .adv_w = 224, .box_w = 12, .box_h = 12, .ofs_x = 1, .ofs_y = -1},
    {.bitmap_index = 5530, .adv_w = 224, .box_w = 12, .box_h = 12, .ofs_x = 1, .ofs_y = -1},
    {.bitmap_index = 5565, .adv_w = 224, .box_w = 12, .box_h = 12, .ofs_x = 1, .ofs_y = -1},
    {.bitmap_index = 5598, .adv_w = 224, .box_w = 12, .box_h = 12, .ofs_x = 1, .ofs_y = -1},
    {.bitmap_index = 5635, .adv_w = 224, .box_w = 12, .box_h = 12, .ofs_x = 1, .ofs_y = -1},
    {.bitmap_index = 5670, .adv_w = 224, .box_w = 13, .box_h = 12, .ofs_x = 1, .ofs_y = -1},
    {.bitmap_index = 5710, .adv_w = 224, .box_w = 14, .box_h = 13, .ofs_x = 0, .ofs_y = -1},
    {.bitmap_index = 5749, .adv_w = 224, .box_w = 14, .box_h = 13, .ofs_x = 0, .ofs_y = -1},
    {.bitmap_index = 5794, .adv_w = 224, .box_w = 14, .box_h = 14, .ofs_x = 0, .ofs_y = -2},
    {.bitmap_index = 5840, .adv_w = 224, .box_w = 14, .box_h = 14, .ofs_x = 0, .ofs_y = -2},
    {.bitmap_index = 5885, .adv_w = 224, .box_w = 14, .box_h = 13, .ofs_x = 0, .ofs_y = -1},
    {.bitmap_index = 5926, .adv_w = 224, .box_w = 14, .box_h = 13, .ofs_x = 0, .ofs_y = -1},
    {.bitmap_index = 5966, .adv_w = 224, .box_w = 14, .box_h = 14, .ofs_x = 0, .ofs_y = -2},
    {.bitmap_index = 6003, .adv_w = 224, .box_w = 14, .box_h = 14, .ofs_x = 0, .ofs_y = -1},
    {.bitmap_index = 6044, .adv_w = 224, .box_w = 14, .box_h = 13, .ofs_x = 0, .ofs_y = -1},
    {.bitmap_index = 6083, .adv_w = 224, .box_w = 14, .box_h = 13, .ofs_x = 0, .ofs_y = -1},
    {.bitmap_index = 6122, .adv_w = 224, .box_w = 14, .box_h = 13, .ofs_x = 0, .ofs_y = -2},
    {.bitmap_index = 6160, .adv_w = 224, .box_w = 14, .box_h = 14, .ofs_x = 0, .ofs_y = -2},
    {.bitmap_index = 6203, .adv_w = 224, .box_w = 14, .box_h = 14, .ofs_x = 0, .ofs_y = -2},
    {.bitmap_index = 6245, .adv_w = 224, .box_w = 14, .box_h = 14, .ofs_x = 0, .ofs_y = -2},
    {.bitmap_index = 6287, .adv_w = 224, .box_w = 14, .box_h = 15, .ofs_x = 0, .ofs_y = -2},
    {.bitmap_index = 6334, .adv_w = 224, .box_w = 13, .box_h = 15, .ofs_x = 0, .ofs_y = -2},
    {.bitmap_index = 6379, .adv_w = 224, .box_w = 14, .box_h = 13, .ofs_x = 0, .ofs_y = -1},
    {.bitmap_index = 6423, .adv_w = 224, .box_w = 14, .box_h = 15, .ofs_x = 0, .ofs_y = -2},
    {.bitmap_index = 6469, .adv_w = 224, .box_w = 14, .box_h = 14, .ofs_x = 0, .ofs_y = -2},
    {.bitmap_index = 6506, .adv_w = 224, .box_w = 14, .box_h = 13, .ofs_x = 0, .ofs_y = -1},
    {.bitmap_index = 6544, .adv_w = 224, .box_w = 14, .box_h = 13, .ofs_x = 0, .ofs_y = -1},
    {.bitmap_index = 6583, .adv_w = 224, .box_w = 12, .box_h = 13, .ofs_x = 1, .ofs_y = -1},
    {.bitmap_index = 6615, .adv_w = 224, .box_w = 14, .box_h = 14, .ofs_x = 0, .ofs_y = -2},
    {.bitmap_index = 6654, .adv_w = 224, .box_w = 14, .box_h = 14, .ofs_x = 0, .ofs_y = -2},
    {.bitmap_index = 6694, .adv_w = 224, .box_w = 13, .box_h = 13, .ofs_x = 1, .ofs_y = -1},
    {.bitmap_index = 6731, .adv_w = 224, .box_w = 14, .box_h = 13, .ofs_x = 0, .ofs_y = -1},
    {.bitmap_index = 6772, .adv_w = 224, .box_w = 14, .box_h = 14, .ofs_x = 0, .ofs_y = -1},
    {.bitmap_index = 6818, .adv_w = 224, .box_w = 14, .box_h = 14, .ofs_x = 0, .ofs_y = -2},
    {.bitmap_index = 6861, .adv_w = 224, .box_w = 14, .box_h = 14, .ofs_x = 0, .ofs_y = -2},
    {.bitmap_index = 6905, .adv_w = 224, .box_w = 14, .box_h = 14, .ofs_x = 0, .ofs_y = -2},
    {.bitmap_index = 6946, .adv_w = 224, .box_w = 14, .box_h = 15, .ofs_x = 0, .ofs_y = -2},
    {.bitmap_index = 6995, .adv_w = 224, .box_w = 14, .box_h = 12, .ofs_x = 0, .ofs_y = -1},
    {.bitmap_index = 7033, .adv_w = 224, .box_w = 14, .box_h = 13, .ofs_x = 0, .ofs_y = -2},
    {.bitmap_index = 7075, .adv_w = 224, .box_w = 12, .box_h = 14, .ofs_x = 1, .ofs_y = -2},
    {.bitmap_index = 7110, .adv_w = 224, .box_w = 13, .box_h = 12, .ofs_x = 1, .ofs_y = -1},
    {.bitmap_index = 7140, .adv_w = 224, .box_w = 12, .box_h = 12, .ofs_x = 1, .ofs_y = -1},
    {.bitmap_index = 7172, .adv_w = 224, .box_w = 13, .box_h = 14, .ofs_x = 1, .ofs_y = -2},
    {.bitmap_index = 7216, .adv_w = 224, .box_w = 14, .box_h = 13, .ofs_x = 0, .ofs_y = -1},
    {.bitmap_index = 7258, .adv_w = 224, .box_w = 14, .box_h = 13, .ofs_x = 0, .ofs_y = -1},
    {.bitmap_index = 7301, .adv_w = 224, .box_w = 12, .box_h = 13, .ofs_x = 1, .ofs_y = -1},
    {.bitmap_index = 7338, .adv_w = 224, .box_w = 14, .box_h = 13, .ofs_x = 0, .ofs_y = -1},
    {.bitmap_index = 7381, .adv_w = 224, .box_w = 14, .box_h = 12, .ofs_x = 0, .ofs_y = -1},
    {.bitmap_index = 7417, .adv_w = 224, .box_w = 14, .box_h = 13, .ofs_x = 0, .ofs_y = -1},
    {.bitmap_index = 7456, .adv_w = 224, .box_w = 14, .box_h = 14, .ofs_x = 0, .ofs_y = -2},
    {.bitmap_index = 7498, .adv_w = 224, .box_w = 14, .box_h = 14, .ofs_x = 0, .ofs_y = -2},
    {.bitmap_index = 7541, .adv_w = 224, .box_w = 14, .box_h = 13, .ofs_x = 0, .ofs_y = -1},
    {.bitmap_index = 7583, .adv_w = 224, .box_w = 14, .box_h = 13, .ofs_x = 0, .ofs_y = -1},
    {.bitmap_index = 7625, .adv_w = 224, .box_w = 14, .box_h = 13, .ofs_x = 0, .ofs_y = -2},
    {.bitmap_index = 7663, .adv_w = 224, .box_w = 12, .box_h = 14, .ofs_x = 1, .ofs_y = -2},
    {.bitmap_index = 7699, .adv_w = 224, .box_w = 13, .box_h = 14, .ofs_x = 1, .ofs_y = -2},
    {.bitmap_index = 7744, .adv_w = 224, .box_w = 14, .box_h = 14, .ofs_x = 0, .ofs_y = -2},
    {.bitmap_index = 7789, .adv_w = 224, .box_w = 14, .box_h = 14, .ofs_x = 0, .ofs_y = -2},
    {.bitmap_index = 7833, .adv_w = 224, .box_w = 14, .box_h = 14, .ofs_x = 0, .ofs_y = -2},
    {.bitmap_index = 7879, .adv_w = 224, .box_w = 14, .box_h = 13, .ofs_x = 0, .ofs_y = -1},
    {.bitmap_index = 7921, .adv_w = 224, .box_w = 14, .box_h = 13, .ofs_x = 0, .ofs_y = -1},
    {.bitmap_index = 7960, .adv_w = 224, .box_w = 14, .box_h = 13, .ofs_x = 0, .ofs_y = -1},
    {.bitmap_index = 7998, .adv_w = 224, .box_w = 14, .box_h = 14, .ofs_x = 0, .ofs_y = -2},
    {.bitmap_index = 8044, .adv_w = 224, .box_w = 14, .box_h = 13, .ofs_x = 0, .ofs_y = -1},
    {.bitmap_index = 8085, .adv_w = 224, .box_w = 14, .box_h = 13, .ofs_x = 0, .ofs_y = -1},
    {.bitmap_index = 8126, .adv_w = 224, .box_w = 14, .box_h = 12, .ofs_x = 0, .ofs_y = -1},
    {.bitmap_index = 8165, .adv_w = 224, .box_w = 14, .box_h = 13, .ofs_x = 0, .ofs_y = -1},
    {.bitmap_index = 8207, .adv_w = 224, .box_w = 14, .box_h = 13, .ofs_x = 0, .ofs_y = -1},
    {.bitmap_index = 8251, .adv_w = 224, .box_w = 14, .box_h = 13, .ofs_x = 0, .ofs_y = -1},
    {.bitmap_index = 8295, .adv_w = 224, .box_w = 14, .box_h = 14, .ofs_x = 0, .ofs_y = -1},
    {.bitmap_index = 8337, .adv_w = 224, .box_w = 14, .box_h = 14, .ofs_x = 0, .ofs_y = -1},
    {.bitmap_index = 8382, .adv_w = 224, .box_w = 14, .box_h = 14, .ofs_x = 0, .ofs_y = -2},
    {.bitmap_index = 8429, .adv_w = 224, .box_w = 14, .box_h = 14, .ofs_x = 0, .ofs_y = -2},
    {.bitmap_index = 8474, .adv_w = 224, .box_w = 14, .box_h = 14, .ofs_x = 0, .ofs_y = -2},
    {.bitmap_index = 8520, .adv_w = 224, .box_w = 14, .box_h = 13, .ofs_x = 0, .ofs_y = -1},
    {.bitmap_index = 8562, .adv_w = 224, .box_w = 13, .box_h = 14, .ofs_x = 1, .ofs_y = -2},
    {.bitmap_index = 8606, .adv_w = 224, .box_w = 14, .box_h = 13, .ofs_x = 0, .ofs_y = -1},
    {.bitmap_index = 8644, .adv_w = 224, .box_w = 14, .box_h = 14, .ofs_x = 0, .ofs_y = -2},
    {.bitmap_index = 8684, .adv_w = 224, .box_w = 14, .box_h = 14, .ofs_x = 0, .ofs_y = -2},
    {.bitmap_index = 8726, .adv_w = 224, .box_w = 14, .box_h = 14, .ofs_x = 0, .ofs_y = -2},
    {.bitmap_index = 8774, .adv_w = 224, .box_w = 14, .box_h = 14, .ofs_x = 0, .ofs_y = -2},
    {.bitmap_index = 8822, .adv_w = 224, .box_w = 14, .box_h = 13, .ofs_x = 0, .ofs_y = -1},
    {.bitmap_index = 8866, .adv_w = 224, .box_w = 14, .box_h = 14, .ofs_x = 0, .ofs_y = -2},
    {.bitmap_index = 8913, .adv_w = 224, .box_w = 14, .box_h = 13, .ofs_x = 0, .ofs_y = -1},
    {.bitmap_index = 8959, .adv_w = 224, .box_w = 14, .box_h = 14, .ofs_x = 0, .ofs_y = -2},
    {.bitmap_index = 9002, .adv_w = 224, .box_w = 14, .box_h = 14, .ofs_x = 0, .ofs_y = -2},
    {.bitmap_index = 9051, .adv_w = 224, .box_w = 14, .box_h = 13, .ofs_x = 0, .ofs_y = -1},
    {.bitmap_index = 9092, .adv_w = 224, .box_w = 14, .box_h = 14, .ofs_x = 0, .ofs_y = -2},
    {.bitmap_index = 9139, .adv_w = 224, .box_w = 14, .box_h = 14, .ofs_x = 0, .ofs_y = -1},
    {.bitmap_index = 9183, .adv_w = 224, .box_w = 14, .box_h = 15, .ofs_x = 0, .ofs_y = -2},
    {.bitmap_index = 9231, .adv_w = 224, .box_w = 14, .box_h = 15, .ofs_x = 0, .ofs_y = -2},
    {.bitmap_index = 9280, .adv_w = 224, .box_w = 14, .box_h = 13, .ofs_x = 0, .ofs_y = -1},
    {.bitmap_index = 9328, .adv_w = 224, .box_w = 14, .box_h = 13, .ofs_x = 0, .ofs_y = -1},
    {.bitmap_index = 9369, .adv_w = 224, .box_w = 14, .box_h = 15, .ofs_x = 0, .ofs_y = -2},
    {.bitmap_index = 9418, .adv_w = 224, .box_w = 14, .box_h = 13, .ofs_x = 0, .ofs_y = -1},
    {.bitmap_index = 9462, .adv_w = 224, .box_w = 14, .box_h = 13, .ofs_x = 0, .ofs_y = -1},
    {.bitmap_index = 9503, .adv_w = 224, .box_w = 14, .box_h = 14, .ofs_x = 0, .ofs_y = -2},
    {.bitmap_index = 9549, .adv_w = 224, .box_w = 14, .box_h = 14, .ofs_x = 0, .ofs_y = -2},
    {.bitmap_index = 9595, .adv_w = 224, .box_w = 14, .box_h = 14, .ofs_x = 0, .ofs_y = -2},
    {.bitmap_index = 9642, .adv_w = 224, .box_w = 14, .box_h = 14, .ofs_x = 0, .ofs_y = -2},
    {.bitmap_index = 9689, .adv_w = 224, .box_w = 14, .box_h = 14, .ofs_x = 0, .ofs_y = -2},
    {.bitmap_index = 9736, .adv_w = 224, .box_w = 14, .box_h = 13, .ofs_x = 0, .ofs_y = -1},
    {.bitmap_index = 9782, .adv_w = 224, .box_w = 14, .box_h = 15, .ofs_x = 0, .ofs_y = -2},
    {.bitmap_index = 9831, .adv_w = 224, .box_w = 14, .box_h = 14, .ofs_x = 0, .ofs_y = -2},
    {.bitmap_index = 9881, .adv_w = 224, .box_w = 14, .box_h = 14, .ofs_x = 0, .ofs_y = -2},
    {.bitmap_index = 9928, .adv_w = 224, .box_w = 14, .box_h = 14, .ofs_x = 0, .ofs_y = -1},
    {.bitmap_index = 9975, .adv_w = 224, .box_w = 14, .box_h = 14, .ofs_x = 0, .ofs_y = -2},
    {.bitmap_index = 10023, .adv_w = 224, .box_w = 14, .box_h = 14, .ofs_x = 0, .ofs_y = -2},
    {.bitmap_index = 10070, .adv_w = 224, .box_w = 14, .box_h = 13, .ofs_x = 0, .ofs_y = -1},
    {.bitmap_index = 10116, .adv_w = 224, .box_w = 14, .box_h = 13, .ofs_x = 0, .ofs_y = -1},
    {.bitmap_index = 10158, .adv_w = 224, .box_w = 14, .box_h = 14, .ofs_x = 0, .ofs_y = -2},
    {.bitmap_index = 10199, .adv_w = 224, .box_w = 13, .box_h = 15, .ofs_x = 1, .ofs_y = -2},
    {.bitmap_index = 10245, .adv_w = 224, .box_w = 14, .box_h = 13, .ofs_x = 0, .ofs_y = -1},
    {.bitmap_index = 10290, .adv_w = 224, .box_w = 14, .box_h = 14, .ofs_x = 0, .ofs_y = -2},
    {.bitmap_index = 10331, .adv_w = 224, .box_w = 14, .box_h = 15, .ofs_x = 0, .ofs_y = -2},
    {.bitmap_index = 10376, .adv_w = 224, .box_w = 10, .box_h = 12, .ofs_x = 2, .ofs_y = -1},
    {.bitmap_index = 10400, .adv_w = 224, .box_w = 13, .box_h = 13, .ofs_x = 1, .ofs_y = -1},
    {.bitmap_index = 10441, .adv_w = 224, .box_w = 12, .box_h = 13, .ofs_x = 1, .ofs_y = -2},
    {.bitmap_index = 10478, .adv_w = 224, .box_w = 14, .box_h = 12, .ofs_x = 0, .ofs_y = -1},
    {.bitmap_index = 10513, .adv_w = 224, .box_w = 14, .box_h = 13, .ofs_x = 0, .ofs_y = -2},
    {.bitmap_index = 10552, .adv_w = 224, .box_w = 14, .box_h = 12, .ofs_x = 0, .ofs_y = -1},
    {.bitmap_index = 10591, .adv_w = 224, .box_w = 14, .box_h = 13, .ofs_x = 0, .ofs_y = -2},
    {.bitmap_index = 10630, .adv_w = 224, .box_w = 14, .box_h = 12, .ofs_x = 0, .ofs_y = -1},
    {.bitmap_index = 10669, .adv_w = 224, .box_w = 12, .box_h = 13, .ofs_x = 0, .ofs_y = -2},
    {.bitmap_index = 10703, .adv_w = 224, .box_w = 14, .box_h = 13, .ofs_x = 0, .ofs_y = -1},
    {.bitmap_index = 10742, .adv_w = 224, .box_w = 13, .box_h = 13, .ofs_x = 0, .ofs_y = -2},
    {.bitmap_index = 10786, .adv_w = 224, .box_w = 13, .box_h = 14, .ofs_x = 0, .ofs_y = -2},
    {.bitmap_index = 10830, .adv_w = 224, .box_w = 14, .box_h = 13, .ofs_x = 0, .ofs_y = -1},
    {.bitmap_index = 10870, .adv_w = 224, .box_w = 13, .box_h = 14, .ofs_x = 0, .ofs_y = -2},
    {.bitmap_index = 10913, .adv_w = 224, .box_w = 14, .box_h = 13, .ofs_x = 0, .ofs_y = -1},
    {.bitmap_index = 10955, .adv_w = 224, .box_w = 14, .box_h = 13, .ofs_x = 0, .ofs_y = -1},
    {.bitmap_index = 10998, .adv_w = 224, .box_w = 14, .box_h = 13, .ofs_x = 0, .ofs_y = -1},
    {.bitmap_index = 11038, .adv_w = 224, .box_w = 14, .box_h = 12, .ofs_x = 0, .ofs_y = -1},
    {.bitmap_index = 11075, .adv_w = 224, .box_w = 14, .box_h = 13, .ofs_x = 0, .ofs_y = -1},
    {.bitmap_index = 11116, .adv_w = 224, .box_w = 14, .box_h = 13, .ofs_x = 0, .ofs_y = -1},
    {.bitmap_index = 11158, .adv_w = 224, .box_w = 14, .box_h = 13, .ofs_x = 0, .ofs_y = -1},
    {.bitmap_index = 11200, .adv_w = 224, .box_w = 14, .box_h = 14, .ofs_x = 0, .ofs_y = -2},
    {.bitmap_index = 11249, .adv_w = 224, .box_w = 14, .box_h = 12, .ofs_x = 0, .ofs_y = -1},
    {.bitmap_index = 11289, .adv_w = 224, .box_w = 14, .box_h = 13, .ofs_x = 0, .ofs_y = -1},
    {.bitmap_index = 11330, .adv_w = 224, .box_w = 14, .box_h = 13, .ofs_x = 0, .ofs_y = -1},
    {.bitmap_index = 11370, .adv_w = 224, .box_w = 14, .box_h = 14, .ofs_x = 0, .ofs_y = -2},
    {.bitmap_index = 11414, .adv_w = 224, .box_w = 14, .box_h = 13, .ofs_x = 0, .ofs_y = -1},
    {.bitmap_index = 11455, .adv_w = 224, .box_w = 14, .box_h = 14, .ofs_x = 0, .ofs_y = -2},
    {.bitmap_index = 11503, .adv_w = 224, .box_w = 14, .box_h = 13, .ofs_x = 0, .ofs_y = -1},
    {.bitmap_index = 11546, .adv_w = 224, .box_w = 14, .box_h = 14, .ofs_x = 0, .ofs_y = -1},
    {.bitmap_index = 11589, .adv_w = 224, .box_w = 14, .box_h = 14, .ofs_x = 0, .ofs_y = -1},
    {.bitmap_index = 11636, .adv_w = 224, .box_w = 14, .box_h = 14, .ofs_x = 0, .ofs_y = -1},
    {.bitmap_index = 11681, .adv_w = 224, .box_w = 14, .box_h = 14, .ofs_x = 0, .ofs_y = -2},
    {.bitmap_index = 11728, .adv_w = 224, .box_w = 14, .box_h = 14, .ofs_x = 0, .ofs_y = -2},
    {.bitmap_index = 11776, .adv_w = 224, .box_w = 15, .box_h = 14, .ofs_x = 0, .ofs_y = -2},
    {.bitmap_index = 11826, .adv_w = 224, .box_w = 14, .box_h = 14, .ofs_x = 0, .ofs_y = -2},
    {.bitmap_index = 11869, .adv_w = 224, .box_w = 14, .box_h = 13, .ofs_x = 0, .ofs_y = -1},
    {.bitmap_index = 11908, .adv_w = 224, .box_w = 14, .box_h = 12, .ofs_x = 0, .ofs_y = -1},
    {.bitmap_index = 11943, .adv_w = 224, .box_w = 13, .box_h = 15, .ofs_x = 1, .ofs_y = -2},
    {.bitmap_index = 11988, .adv_w = 224, .box_w = 14, .box_h = 13, .ofs_x = 0, .ofs_y = -1},
    {.bitmap_index = 12030, .adv_w = 224, .box_w = 14, .box_h = 13, .ofs_x = 0, .ofs_y = -1},
    {.bitmap_index = 12072, .adv_w = 224, .box_w = 13, .box_h = 13, .ofs_x = 0, .ofs_y = -1},
    {.bitmap_index = 12112, .adv_w = 224, .box_w = 14, .box_h = 14, .ofs_x = 0, .ofs_y = -2},
    {.bitmap_index = 12153, .adv_w = 224, .box_w = 14, .box_h = 14, .ofs_x = 0, .ofs_y = -2},
    {.bitmap_index = 12198, .adv_w = 224, .box_w = 14, .box_h = 14, .ofs_x = 0, .ofs_y = -2},
    {.bitmap_index = 12242, .adv_w = 224, .box_w = 14, .box_h = 13, .ofs_x = 0, .ofs_y = -1},
    {.bitmap_index = 12282, .adv_w = 224, .box_w = 14, .box_h = 14, .ofs_x = 0, .ofs_y = -2},
    {.bitmap_index = 12325, .adv_w = 224, .box_w = 14, .box_h = 14, .ofs_x = 0, .ofs_y = -2},
    {.bitmap_index = 12365, .adv_w = 224, .box_w = 14, .box_h = 14, .ofs_x = 0, .ofs_y = -1},
    {.bitmap_index = 12413, .adv_w = 224, .box_w = 14, .box_h = 15, .ofs_x = 0, .ofs_y = -2},
    {.bitmap_index = 12464, .adv_w = 224, .box_w = 14, .box_h = 13, .ofs_x = 0, .ofs_y = -1},
    {.bitmap_index = 12506, .adv_w = 224, .box_w = 13, .box_h = 14, .ofs_x = 0, .ofs_y = -2},
    {.bitmap_index = 12543, .adv_w = 224, .box_w = 14, .box_h = 15, .ofs_x = 0, .ofs_y = -2},
    {.bitmap_index = 12593, .adv_w = 224, .box_w = 14, .box_h = 14, .ofs_x = 0, .ofs_y = -1},
    {.bitmap_index = 12639, .adv_w = 224, .box_w = 14, .box_h = 14, .ofs_x = 0, .ofs_y = -2},
    {.bitmap_index = 12688, .adv_w = 224, .box_w = 14, .box_h = 14, .ofs_x = 0, .ofs_y = -2},
    {.bitmap_index = 12733, .adv_w = 224, .box_w = 14, .box_h = 12, .ofs_x = 0, .ofs_y = -1},
    {.bitmap_index = 12769, .adv_w = 224, .box_w = 14, .box_h = 13, .ofs_x = 0, .ofs_y = -2},
    {.bitmap_index = 12813, .adv_w = 224, .box_w = 14, .box_h = 14, .ofs_x = 0, .ofs_y = -2},
    {.bitmap_index = 12860, .adv_w = 224, .box_w = 14, .box_h = 12, .ofs_x = 0, .ofs_y = -1},
    {.bitmap_index = 12899, .adv_w = 224, .box_w = 13, .box_h = 13, .ofs_x = 0, .ofs_y = -2},
    {.bitmap_index = 12939, .adv_w = 224, .box_w = 13, .box_h = 13, .ofs_x = 1, .ofs_y = -1},
    {.bitmap_index = 12976, .adv_w = 224, .box_w = 12, .box_h = 12, .ofs_x = 1, .ofs_y = -1},
    {.bitmap_index = 13006, .adv_w = 224, .box_w = 12, .box_h = 15, .ofs_x = 1, .ofs_y = -2},
    {.bitmap_index = 13048, .adv_w = 224, .box_w = 14, .box_h = 14, .ofs_x = 0, .ofs_y = -1},
    {.bitmap_index = 13093, .adv_w = 224, .box_w = 10, .box_h = 12, .ofs_x = 2, .ofs_y = -1},
    {.bitmap_index = 13118, .adv_w = 224, .box_w = 14, .box_h = 13, .ofs_x = 0, .ofs_y = -1},
    {.bitmap_index = 13156, .adv_w = 224, .box_w = 13, .box_h = 14, .ofs_x = 0, .ofs_y = -2},
    {.bitmap_index = 13200, .adv_w = 224, .box_w = 14, .box_h = 13, .ofs_x = 0, .ofs_y = -1},
    {.bitmap_index = 13238, .adv_w = 224, .box_w = 14, .box_h = 13, .ofs_x = 0, .ofs_y = -1},
    {.bitmap_index = 13278, .adv_w = 224, .box_w = 13, .box_h = 12, .ofs_x = 1, .ofs_y = -1},
    {.bitmap_index = 13316, .adv_w = 224, .box_w = 14, .box_h = 13, .ofs_x = 0, .ofs_y = -1},
    {.bitmap_index = 13355, .adv_w = 224, .box_w = 13, .box_h = 13, .ofs_x = 1, .ofs_y = -1},
    {.bitmap_index = 13396, .adv_w = 224, .box_w = 13, .box_h = 14, .ofs_x = 0, .ofs_y = -2},
    {.bitmap_index = 13442, .adv_w = 224, .box_w = 14, .box_h = 14, .ofs_x = 0, .ofs_y = -2},
    {.bitmap_index = 13489, .adv_w = 224, .box_w = 14, .box_h = 13, .ofs_x = 0, .ofs_y = -1},
    {.bitmap_index = 13535, .adv_w = 224, .box_w = 14, .box_h = 14, .ofs_x = 0, .ofs_y = -2},
    {.bitmap_index = 13584, .adv_w = 224, .box_w = 14, .box_h = 12, .ofs_x = 0, .ofs_y = -1},
    {.bitmap_index = 13616, .adv_w = 224, .box_w = 14, .box_h = 14, .ofs_x = 0, .ofs_y = -1},
    {.bitmap_index = 13658, .adv_w = 224, .box_w = 14, .box_h = 14, .ofs_x = 0, .ofs_y = -2},
    {.bitmap_index = 13703, .adv_w = 224, .box_w = 14, .box_h = 13, .ofs_x = 0, .ofs_y = -1},
    {.bitmap_index = 13746, .adv_w = 224, .box_w = 14, .box_h = 13, .ofs_x = 0, .ofs_y = -1},
    {.bitmap_index = 13787, .adv_w = 224, .box_w = 12, .box_h = 13, .ofs_x = 1, .ofs_y = -1},
    {.bitmap_index = 13819, .adv_w = 224, .box_w = 14, .box_h = 14, .ofs_x = 0, .ofs_y = -2},
    {.bitmap_index = 13863, .adv_w = 224, .box_w = 14, .box_h = 13, .ofs_x = 0, .ofs_y = -1},
    {.bitmap_index = 13905, .adv_w = 224, .box_w = 14, .box_h = 15, .ofs_x = 0, .ofs_y = -2},
    {.bitmap_index = 13951, .adv_w = 224, .box_w = 14, .box_h = 14, .ofs_x = 0, .ofs_y = -1},
    {.bitmap_index = 13992, .adv_w = 224, .box_w = 14, .box_h = 13, .ofs_x = 0, .ofs_y = -1},
    {.bitmap_index = 14033, .adv_w = 224, .box_w = 14, .box_h = 13, .ofs_x = 0, .ofs_y = -1},
    {.bitmap_index = 14073, .adv_w = 224, .box_w = 13, .box_h = 13, .ofs_x = 0, .ofs_y = -1},
    {.bitmap_index = 14113, .adv_w = 224, .box_w = 14, .box_h = 14, .ofs_x = 0, .ofs_y = -2},
    {.bitmap_index = 14160, .adv_w = 224, .box_w = 14, .box_h = 14, .ofs_x = 0, .ofs_y = -2},
    {.bitmap_index = 14207, .adv_w = 224, .box_w = 14, .box_h = 13, .ofs_x = 0, .ofs_y = -1},
    {.bitmap_index = 14252, .adv_w = 224, .box_w = 14, .box_h = 13, .ofs_x = 0, .ofs_y = -1},
    {.bitmap_index = 14295, .adv_w = 224, .box_w = 14, .box_h = 13, .ofs_x = 0, .ofs_y = -1},
    {.bitmap_index = 14341, .adv_w = 224, .box_w = 13, .box_h = 13, .ofs_x = 0, .ofs_y = -1},
    {.bitmap_index = 14383, .adv_w = 224, .box_w = 14, .box_h = 13, .ofs_x = 0, .ofs_y = -1},
    {.bitmap_index = 14425, .adv_w = 224, .box_w = 14, .box_h = 13, .ofs_x = 0, .ofs_y = -1},
    {.bitmap_index = 14468, .adv_w = 224, .box_w = 14, .box_h = 13, .ofs_x = 0, .ofs_y = -1},
    {.bitmap_index = 14512, .adv_w = 224, .box_w = 14, .box_h = 14, .ofs_x = 0, .ofs_y = -1},
    {.bitmap_index = 14558, .adv_w = 224, .box_w = 14, .box_h = 13, .ofs_x = 0, .ofs_y = -1},
    {.bitmap_index = 14602, .adv_w = 224, .box_w = 14, .box_h = 14, .ofs_x = 0, .ofs_y = -2},
    {.bitmap_index = 14648, .adv_w = 224, .box_w = 14, .box_h = 14, .ofs_x = 0, .ofs_y = -2},
    {.bitmap_index = 14694, .adv_w = 224, .box_w = 12, .box_h = 12, .ofs_x = 1, .ofs_y = -1},
    {.bitmap_index = 14731, .adv_w = 224, .box_w = 13, .box_h = 13, .ofs_x = 0, .ofs_y = -1},
    {.bitmap_index = 14776, .adv_w = 224, .box_w = 14, .box_h = 13, .ofs_x = 0, .ofs_y = -1},
    {.bitmap_index = 14815, .adv_w = 224, .box_w = 14, .box_h = 13, .ofs_x = 0, .ofs_y = -1},
    {.bitmap_index = 14853, .adv_w = 224, .box_w = 14, .box_h = 12, .ofs_x = 0, .ofs_y = -1},
    {.bitmap_index = 14888, .adv_w = 224, .box_w = 14, .box_h = 13, .ofs_x = 0, .ofs_y = -1},
    {.bitmap_index = 14928, .adv_w = 224, .box_w = 13, .box_h = 14, .ofs_x = 0, .ofs_y = -2},
    {.bitmap_index = 14972, .adv_w = 224, .box_w = 13, .box_h = 13, .ofs_x = 0, .ofs_y = -1},
    {.bitmap_index = 15008, .adv_w = 224, .box_w = 14, .box_h = 14, .ofs_x = 0, .ofs_y = -2},
    {.bitmap_index = 15056, .adv_w = 224, .box_w = 14, .box_h = 14, .ofs_x = 0, .ofs_y = -1},
    {.bitmap_index = 15103, .adv_w = 224, .box_w = 14, .box_h = 14, .ofs_x = 0, .ofs_y = -2},
    {.bitmap_index = 15151, .adv_w = 224, .box_w = 10, .box_h = 13, .ofs_x = 2, .ofs_y = -1},
    {.bitmap_index = 15177, .adv_w = 224, .box_w = 14, .box_h = 14, .ofs_x = 0, .ofs_y = -2},
    {.bitmap_index = 15227, .adv_w = 224, .box_w = 13, .box_h = 14, .ofs_x = 0, .ofs_y = -1},
    {.bitmap_index = 15267, .adv_w = 224, .box_w = 14, .box_h = 13, .ofs_x = 0, .ofs_y = -1},
    {.bitmap_index = 15303, .adv_w = 224, .box_w = 14, .box_h = 14, .ofs_x = 0, .ofs_y = -2},
    {.bitmap_index = 15346, .adv_w = 224, .box_w = 14, .box_h = 13, .ofs_x = 0, .ofs_y = -1},
    {.bitmap_index = 15386, .adv_w = 224, .box_w = 14, .box_h = 14, .ofs_x = 0, .ofs_y = -2},
    {.bitmap_index = 15432, .adv_w = 224, .box_w = 14, .box_h = 14, .ofs_x = 0, .ofs_y = -2},
    {.bitmap_index = 15476, .adv_w = 224, .box_w = 14, .box_h = 13, .ofs_x = 0, .ofs_y = -2},
    {.bitmap_index = 15516, .adv_w = 224, .box_w = 14, .box_h = 13, .ofs_x = 0, .ofs_y = -2},
    {.bitmap_index = 15559, .adv_w = 224, .box_w = 14, .box_h = 13, .ofs_x = 0, .ofs_y = -2},
    {.bitmap_index = 15603, .adv_w = 224, .box_w = 14, .box_h = 14, .ofs_x = 0, .ofs_y = -2},
    {.bitmap_index = 15647, .adv_w = 224, .box_w = 14, .box_h = 14, .ofs_x = 0, .ofs_y = -2},
    {.bitmap_index = 15695, .adv_w = 224, .box_w = 14, .box_h = 14, .ofs_x = 0, .ofs_y = -2},
    {.bitmap_index = 15738, .adv_w = 224, .box_w = 14, .box_h = 13, .ofs_x = 0, .ofs_y = -1},
    {.bitmap_index = 15779, .adv_w = 224, .box_w = 14, .box_h = 14, .ofs_x = 0, .ofs_y = -2},
    {.bitmap_index = 15825, .adv_w = 224, .box_w = 14, .box_h = 13, .ofs_x = 0, .ofs_y = -1},
    {.bitmap_index = 15868, .adv_w = 224, .box_w = 14, .box_h = 13, .ofs_x = 0, .ofs_y = -1},
    {.bitmap_index = 15910, .adv_w = 224, .box_w = 14, .box_h = 13, .ofs_x = 0, .ofs_y = -1},
    {.bitmap_index = 15952, .adv_w = 224, .box_w = 14, .box_h = 13, .ofs_x = 0, .ofs_y = -1},
    {.bitmap_index = 15992, .adv_w = 224, .box_w = 14, .box_h = 14, .ofs_x = 0, .ofs_y = -2},
    {.bitmap_index = 16036, .adv_w = 224, .box_w = 14, .box_h = 13, .ofs_x = 0, .ofs_y = -1},
    {.bitmap_index = 16078, .adv_w = 224, .box_w = 14, .box_h = 14, .ofs_x = 0, .ofs_y = -2},
    {.bitmap_index = 16122, .adv_w = 224, .box_w = 14, .box_h = 13, .ofs_x = 0, .ofs_y = -1},
    {.bitmap_index = 16163, .adv_w = 224, .box_w = 14, .box_h = 14, .ofs_x = 0, .ofs_y = -2},
    {.bitmap_index = 16210, .adv_w = 224, .box_w = 14, .box_h = 13, .ofs_x = 0, .ofs_y = -1},
    {.bitmap_index = 16252, .adv_w = 224, .box_w = 14, .box_h = 13, .ofs_x = 0, .ofs_y = -1},
    {.bitmap_index = 16296, .adv_w = 224, .box_w = 15, .box_h = 13, .ofs_x = 0, .ofs_y = -1},
    {.bitmap_index = 16341, .adv_w = 224, .box_w = 14, .box_h = 14, .ofs_x = 0, .ofs_y = -2},
    {.bitmap_index = 16386, .adv_w = 224, .box_w = 14, .box_h = 15, .ofs_x = 0, .ofs_y = -2},
    {.bitmap_index = 16437, .adv_w = 224, .box_w = 14, .box_h = 14, .ofs_x = 0, .ofs_y = -2},
    {.bitmap_index = 16485, .adv_w = 224, .box_w = 14, .box_h = 14, .ofs_x = 0, .ofs_y = -2},
    {.bitmap_index = 16532, .adv_w = 224, .box_w = 14, .box_h = 14, .ofs_x = 0, .ofs_y = -2},
    {.bitmap_index = 16578, .adv_w = 224, .box_w = 14, .box_h = 14, .ofs_x = 0, .ofs_y = -2},
    {.bitmap_index = 16624, .adv_w = 224, .box_w = 14, .box_h = 13, .ofs_x = 0, .ofs_y = -2},
    {.bitmap_index = 16669, .adv_w = 224, .box_w = 14, .box_h = 14, .ofs_x = 0, .ofs_y = -2},
    {.bitmap_index = 16709, .adv_w = 224, .box_w = 14, .box_h = 13, .ofs_x = 0, .ofs_y = -1},
    {.bitmap_index = 16751, .adv_w = 224, .box_w = 14, .box_h = 14, .ofs_x = 0, .ofs_y = -2},
    {.bitmap_index = 16800, .adv_w = 224, .box_w = 14, .box_h = 14, .ofs_x = 0, .ofs_y = -2},
    {.bitmap_index = 16845, .adv_w = 224, .box_w = 14, .box_h = 14, .ofs_x = 0, .ofs_y = -2},
    {.bitmap_index = 16888, .adv_w = 224, .box_w = 14, .box_h = 14, .ofs_x = 0, .ofs_y = -2},
    {.bitmap_index = 16932, .adv_w = 224, .box_w = 14, .box_h = 15, .ofs_x = 0, .ofs_y = -2},
    {.bitmap_index = 16976, .adv_w = 224, .box_w = 14, .box_h = 14, .ofs_x = 0, .ofs_y = -2},
    {.bitmap_index = 17019, .adv_w = 224, .box_w = 14, .box_h = 14, .ofs_x = 0, .ofs_y = -2},
    {.bitmap_index = 17061, .adv_w = 224, .box_w = 14, .box_h = 14, .ofs_x = 0, .ofs_y = -2},
    {.bitmap_index = 17107, .adv_w = 224, .box_w = 14, .box_h = 14, .ofs_x = 0, .ofs_y = -2},
    {.bitmap_index = 17151, .adv_w = 224, .box_w = 14, .box_h = 14, .ofs_x = 0, .ofs_y = -2},
    {.bitmap_index = 17195, .adv_w = 224, .box_w = 14, .box_h = 14, .ofs_x = 0, .ofs_y = -2},
    {.bitmap_index = 17239, .adv_w = 224, .box_w = 14, .box_h = 14, .ofs_x = 0, .ofs_y = -2},
    {.bitmap_index = 17287, .adv_w = 224, .box_w = 14, .box_h = 14, .ofs_x = 0, .ofs_y = -2},
    {.bitmap_index = 17334, .adv_w = 224, .box_w = 14, .box_h = 12, .ofs_x = 0, .ofs_y = -1},
    {.bitmap_index = 17371, .adv_w = 224, .box_w = 14, .box_h = 13, .ofs_x = 0, .ofs_y = -1},
    {.bitmap_index = 17410, .adv_w = 224, .box_w = 14, .box_h = 14, .ofs_x = 0, .ofs_y = -2},
    {.bitmap_index = 17458, .adv_w = 224, .box_w = 14, .box_h = 13, .ofs_x = 0, .ofs_y = -1},
    {.bitmap_index = 17500, .adv_w = 224, .box_w = 14, .box_h = 15, .ofs_x = 0, .ofs_y = -2},
    {.bitmap_index = 17549, .adv_w = 224, .box_w = 14, .box_h = 14, .ofs_x = 0, .ofs_y = -2},
    {.bitmap_index = 17598, .adv_w = 224, .box_w = 14, .box_h = 14, .ofs_x = 0, .ofs_y = -2},
    {.bitmap_index = 17641, .adv_w = 224, .box_w = 12, .box_h = 13, .ofs_x = 1, .ofs_y = -1},
    {.bitmap_index = 17678, .adv_w = 224, .box_w = 13, .box_h = 13, .ofs_x = 1, .ofs_y = -1},
    {.bitmap_index = 17718, .adv_w = 224, .box_w = 13, .box_h = 14, .ofs_x = 1, .ofs_y = -2},
    {.bitmap_index = 17763, .adv_w = 224, .box_w = 14, .box_h = 13, .ofs_x = 0, .ofs_y = -2},
    {.bitmap_index = 17804, .adv_w = 224, .box_w = 14, .box_h = 12, .ofs_x = 0, .ofs_y = -1},
    {.bitmap_index = 17845, .adv_w = 224, .box_w = 14, .box_h = 14, .ofs_x = 0, .ofs_y = -1},
    {.bitmap_index = 17884, .adv_w = 224, .box_w = 14, .box_h = 12, .ofs_x = 0, .ofs_y = -1},
    {.bitmap_index = 17924, .adv_w = 224, .box_w = 14, .box_h = 13, .ofs_x = 0, .ofs_y = -2},
    {.bitmap_index = 17969, .adv_w = 224, .box_w = 14, .box_h = 13, .ofs_x = 0, .ofs_y = -2},
    {.bitmap_index = 18013, .adv_w = 224, .box_w = 14, .box_h = 14, .ofs_x = 0, .ofs_y = -2},
    {.bitmap_index = 18063, .adv_w = 224, .box_w = 14, .box_h = 13, .ofs_x = 0, .ofs_y = -2},
    {.bitmap_index = 18106, .adv_w = 224, .box_w = 14, .box_h = 13, .ofs_x = 0, .ofs_y = -1},
    {.bitmap_index = 18144, .adv_w = 224, .box_w = 14, .box_h = 14, .ofs_x = 0, .ofs_y = -2},
    {.bitmap_index = 18194, .adv_w = 224, .box_w = 14, .box_h = 15, .ofs_x = 0, .ofs_y = -2},
    {.bitmap_index = 18243, .adv_w = 224, .box_w = 3, .box_h = 12, .ofs_x = 2, .ofs_y = -1},
    {.bitmap_index = 18253, .adv_w = 224, .box_w = 4, .box_h = 6, .ofs_x = 1, .ofs_y = -2},
    {.bitmap_index = 18260, .adv_w = 224, .box_w = 14, .box_h = 14, .ofs_x = 0, .ofs_y = -2},
    {.bitmap_index = 18294, .adv_w = 224, .box_w = 4, .box_h = 12, .ofs_x = 1, .ofs_y = -3},
    {.bitmap_index = 18305, .adv_w = 224, .box_w = 7, .box_h = 12, .ofs_x = 0, .ofs_y = -1}
};

/*---------------------
 *  CHARACTER MAPPING
 *--------------------*/

static const uint16_t unicode_list_1[] = {
    0x0, 0x1, 0x1dff, 0x1e08, 0x1e09, 0x1e0a, 0x1e0c, 0x1e0d,
    0x1e12, 0x1e23, 0x1e29, 0x1e2c, 0x1e3d, 0x1e47, 0x1e5e, 0x1e5f,
    0x1e85, 0x1e8a, 0x1e91, 0x1e93, 0x1eb9, 0x1ebf, 0x1eca, 0x1ed3,
    0x1ed7, 0x1ee3, 0x1ee4, 0x1ef5, 0x1efe, 0x1f16, 0x1f37, 0x1f4e,
    0x1f5b, 0x1f5f, 0x1f72, 0x1f8a, 0x1fdc, 0x2018, 0x203d, 0x2059,
    0x205b, 0x20ce, 0x2147, 0x2148, 0x214a, 0x2153, 0x2164, 0x2170,
    0x2184, 0x218c, 0x2198, 0x21c5, 0x21df, 0x21f9, 0x21fa, 0x2219,
    0x222a, 0x222f, 0x224c, 0x229a, 0x229e, 0x229f, 0x22a7, 0x22a8,
    0x22b0, 0x22c6, 0x2354, 0x2360, 0x2373, 0x238a, 0x23c9, 0x23ca,
    0x23cb, 0x23d0, 0x23d6, 0x23e2, 0x23e4, 0x23e9, 0x23ea, 0x23ed,
    0x23ee, 0x23f2, 0x2407, 0x240b, 0x240c, 0x240d, 0x2410, 0x2416,
    0x2426, 0x242b, 0x2437, 0x2449, 0x2467, 0x247b, 0x248b, 0x2499,
    0x24c0, 0x24e9, 0x2633, 0x26dd, 0x26ef, 0x26f3, 0x26fd, 0x2705,
    0x2707, 0x2727, 0x272f, 0x2739, 0x2756, 0x27f9, 0x2801, 0x28ef,
    0x2906, 0x290c, 0x2926, 0x2928, 0x2929, 0x2930, 0x2933, 0x297c,
    0x2981, 0x29ca, 0x29d2, 0x2b4f, 0x2b56, 0x2b65, 0x2b82, 0x2b8b,
    0x2b99, 0x2b9d, 0x2bb8, 0x2bde, 0x2bf8, 0x2c0e, 0x2c1c, 0x2c30,
    0x2c4e, 0x2c54, 0x2c80, 0x2df0, 0x2df3, 0x2e07, 0x2e0b, 0x2e2d,
    0x2e37, 0x2e54, 0x2e71, 0x2e73, 0x2e75, 0x2e85, 0x2e93, 0x2ea5,
    0x2eff, 0x2f14, 0x2f1f, 0x2f68, 0x2f84, 0x2f87, 0x2f96, 0x2fc2,
    0x2fd8, 0x2fea, 0x3000, 0x300d, 0x301c, 0x30c4, 0x30d0, 0x30f2,
    0x310e, 0x311e, 0x3161, 0x320f, 0x3210, 0x3215, 0x3217, 0x324a,
    0x324c, 0x3252, 0x326b, 0x327f, 0x3289, 0x32c6, 0x32da, 0x32db,
    0x32e1, 0x32f2, 0x32fb, 0x3300, 0x3306, 0x3308, 0x3310, 0x3324,
    0x3361, 0x336d, 0x338b, 0x33a4, 0x33cf, 0x33e0, 0x342c, 0x3443,
    0x3446, 0x3449, 0x34ac, 0x34cc, 0x3535, 0x353d, 0x3561, 0x356f,
    0x3573, 0x3586, 0x35ac, 0x35af, 0x35b8, 0x35c0, 0x35e4, 0x35f5,
    0x360d, 0x361e, 0x362e, 0x366e, 0x36f3, 0x36ff, 0x3707, 0x3708,
    0x370a, 0x3716, 0x371a, 0x371c, 0x3727, 0x372b, 0x372e, 0x3734,
    0x375e, 0x3760, 0x3764, 0x3780, 0x379b, 0x37d3, 0x37e4, 0x3806,
    0x3836, 0x3838, 0x3845, 0x3847, 0x38bf, 0x38d1, 0x3959, 0x3a20,
    0x3a29, 0x3b20, 0x3b61, 0x3b62, 0x3bd3, 0x3c41, 0x3ca0, 0x3cb8,
    0x3ce7, 0x3d40, 0x3d69, 0x3e04, 0x3e28, 0x40b8, 0x4135, 0x4189,
    0x4230, 0x4246, 0x4268, 0x42b5, 0x42cf, 0x431b, 0x438a, 0x43af,
    0x4402, 0x4405, 0x4527, 0x4534, 0x453a, 0x4683, 0x46d7, 0x46ed,
    0x46f3, 0x46f7, 0x470a, 0x471e, 0x473b, 0x473f, 0x475a, 0x47e4,
    0x47ec, 0x483f, 0x486d, 0x4939, 0x493b, 0x495c, 0x49ee, 0x4a0a,
    0x4a79, 0x4a80, 0x4b13, 0x4b2b, 0x4b48, 0x4b53, 0x4ea1, 0x4ea5,
    0x4eb6, 0x4eb7, 0x4ebe, 0x4ec2, 0x4ec5, 0x4ecc, 0x4ed2, 0x4ed8,
    0x4edb, 0x4ee6, 0x4eec, 0x4f12, 0x4f23, 0x4f50, 0x4ffa, 0x5000,
    0x5004, 0x5032, 0x5037, 0x5049, 0x50a8, 0x50f7, 0x50fc, 0x5110,
    0x51e9, 0x522b, 0x5271, 0x5281, 0x52f0, 0x52f8, 0x540b, 0x5867,
    0x5980, 0x59c0, 0x59c1, 0x59c8, 0x59e2, 0x5ba3, 0x5baf, 0x5bb1,
    0x5bbd, 0x5bc5, 0x5bc8, 0x5bcc, 0x5bd4, 0x5bdc, 0x5be1, 0x5bec,
    0x5bf3, 0x5bf6, 0x5bfa, 0x5bfd, 0x5c02, 0x5c21, 0x5c8b, 0x5d24,
    0x5d33, 0x5d76, 0x5dde, 0x5eaa, 0x5f7a, 0x5f92, 0x5fb8, 0x5fbd,
    0x5fd7, 0x5fd8, 0x5fdd, 0x6001, 0x600e, 0x601e, 0x604c, 0x6052,
    0x607f, 0x60fc, 0x61cb, 0x61cc, 0x64f5, 0x6518, 0x652d, 0x655b,
    0x657e, 0x65ed, 0x6644, 0x6693, 0x66ff, 0x6761, 0x67f2, 0x6878,
    0x6896, 0x6897, 0x689b, 0x68cd, 0x6ea5, 0x6f12, 0x6f83, 0xcf00,
    0xcf0b, 0xcf0e, 0xcf1a, 0xcf1e
};

/*Collect the unicode lists and glyph_id offsets*/
static const lv_font_fmt_txt_cmap_t cmaps[] =
{
    {
        .range_start = 32, .range_length = 95, .glyph_id_start = 1,
        .unicode_list = NULL, .glyph_id_ofs_list = NULL, .list_length = 0, .type = LV_FONT_FMT_TXT_CMAP_FORMAT0_TINY
    },
    {
        .range_start = 12289, .range_length = 53023, .glyph_id_start = 96,
        .unicode_list = unicode_list_1, .glyph_id_ofs_list = NULL, .list_length = 404, .type = LV_FONT_FMT_TXT_CMAP_SPARSE_TINY
    }
};

/*-----------------
 *    KERNING
 *----------------*/


/*Map glyph_ids to kern left classes*/
static const uint8_t kern_left_class_mapping[] =
{
    0, 0, 0, 1, 0, 0, 0, 0,
    1, 2, 0, 0, 0, 3, 4, 3,
    5, 0, 0, 0, 0, 0, 0, 0,
    0, 0, 0, 6, 6, 0, 0, 0,
    0, 0, 7, 8, 9, 10, 11, 12,
    13, 0, 0, 14, 15, 16, 0, 0,
    10, 17, 10, 18, 19, 20, 21, 22,
    23, 24, 25, 26, 2, 27, 0, 0,
    0, 0, 28, 29, 30, 0, 31, 32,
    33, 34, 0, 0, 35, 36, 34, 34,
    29, 29, 37, 38, 39, 40, 37, 41,
    42, 43, 44, 45, 2, 0, 0, 0,
    0, 0, 0, 0, 0, 0, 0, 0,
    0, 0, 0, 0, 0, 0, 0, 0,
    0, 0, 0, 0, 0, 0, 0, 0,
    0, 0, 0, 0, 0, 0, 0, 0,
    0, 0, 0, 0, 0, 0, 0, 0,
    0, 0, 0, 0, 0, 0, 0, 0,
    0, 0, 0, 0, 0, 0, 0, 0,
    0, 0, 0, 0, 0, 0, 0, 0,
    0, 0, 0, 0, 0, 0, 0, 0,
    0, 0, 0, 0, 0, 0, 0, 0,
    0, 0, 0, 0, 0, 0, 0, 0,
    0, 0, 0, 0, 0, 0, 0, 0,
    0, 0, 0, 0, 0, 0, 0, 0,
    0, 0, 0, 0, 0, 0, 0, 0,
    0, 0, 0, 0, 0, 0, 0, 0,
    0, 0, 0, 0, 0, 0, 0, 0,
    0, 0, 0, 0, 0, 0, 0, 0,
    0, 0, 0, 0, 0, 0, 0, 0,
    0, 0, 0, 0, 0, 0, 0, 0,
    0, 0, 0, 0, 0, 0, 0, 0,
    0, 0, 0, 0, 0, 0, 0, 0,
    0, 0, 0, 0, 0, 0, 0, 0,
    0, 0, 0, 0, 0, 0, 0, 0,
    0, 0, 0, 0, 0, 0, 0, 0,
    0, 0, 0, 0, 0, 0, 0, 0,
    0, 0, 0, 0, 0, 0, 0, 0,
    0, 0, 0, 0, 0, 0, 0, 0,
    0, 0, 0, 0, 0, 0, 0, 0,
    0, 0, 0, 0, 0, 0, 0, 0,
    0, 0, 0, 0, 0, 0, 0, 0,
    0, 0, 0, 0, 0, 0, 0, 0,
    0, 0, 0, 0, 0, 0, 0, 0,
    0, 0, 0, 0, 0, 0, 0, 0,
    0, 0, 0, 0, 0, 0, 0, 0,
    0, 0, 0, 0, 0, 0, 0, 0,
    0, 0, 0, 0, 0, 0, 0, 0,
    0, 0, 0, 0, 0, 0, 0, 0,
    0, 0, 0, 0, 0, 0, 0, 0,
    0, 0, 0, 0, 0, 0, 0, 0,
    0, 0, 0, 0, 0, 0, 0, 0,
    0, 0, 0, 0, 0, 0, 0, 0,
    0, 0, 0, 0, 0, 0, 0, 0,
    0, 0, 0, 0, 0, 0, 0, 0,
    0, 0, 0, 0, 0, 0, 0, 0,
    0, 0, 0, 0, 0, 0, 0, 0,
    0, 0, 0, 0, 0, 0, 0, 0,
    0, 0, 0, 0, 0, 0, 0, 0,
    0, 0, 0, 0, 0, 0, 0, 0,
    0, 0, 0, 0, 0, 0, 0, 0,
    0, 0, 0, 0, 0, 0, 0, 0,
    0, 0, 0, 0
};

/*Map glyph_ids to kern right classes*/
static const uint8_t kern_right_class_mapping[] =
{
    0, 0, 1, 2, 0, 0, 0, 0,
    2, 0, 3, 4, 0, 5, 6, 7,
    8, 0, 0, 0, 0, 0, 0, 0,
    0, 0, 0, 9, 10, 0, 0, 0,
    11, 0, 12, 0, 13, 0, 0, 0,
    13, 0, 0, 14, 0, 0, 0, 0,
    13, 0, 13, 0, 15, 16, 17, 18,
    19, 20, 21, 22, 0, 23, 3, 0,
    0, 0, 24, 0, 25, 25, 25, 26,
    27, 0, 28, 29, 0, 0, 30, 30,
    25, 30, 25, 30, 31, 32, 33, 34,
    35, 36, 37, 38, 0, 0, 3, 0,
    0, 0, 0, 0, 0, 0, 0, 0,
    0, 0, 0, 0, 0, 0, 0, 0,
    0, 0, 0, 0, 0, 0, 0, 0,
    0, 0, 0, 0, 0, 0, 0, 0,
    0, 0, 0, 0, 0, 0, 0, 0,
    0, 0, 0, 0, 0, 0, 0, 0,
    0, 0, 0, 0, 0, 0, 0, 0,
    0, 0, 0, 0, 0, 0, 0, 0,
    0, 0, 0, 0, 0, 0, 0, 0,
    0, 0, 0, 0, 0, 0, 0, 0,
    0, 0, 0, 0, 0, 0, 0, 0,
    0, 0, 0, 0, 0, 0, 0, 0,
    0, 0, 0, 0, 0, 0, 0, 0,
    0, 0, 0, 0, 0, 0, 0, 0,
    0, 0, 0, 0, 0, 0, 0, 0,
    0, 0, 0, 0, 0, 0, 0, 0,
    0, 0, 0, 0, 0, 0, 0, 0,
    0, 0, 0, 0, 0, 0, 0, 0,
    0, 0, 0, 0, 0, 0, 0, 0,
    0, 0, 0, 0, 0, 0, 0, 0,
    0, 0, 0, 0, 0, 0, 0, 0,
    0, 0, 0, 0, 0, 0, 0, 0,
    0, 0, 0, 0, 0, 0, 0, 0,
    0, 0, 0, 0, 0, 0, 0, 0,
    0, 0, 0, 0, 0, 0, 0, 0,
    0, 0, 0, 0, 0, 0, 0, 0,
    0, 0, 0, 0, 0, 0, 0, 0,
    0, 0, 0, 0, 0, 0, 0, 0,
    0, 0, 0, 0, 0, 0, 0, 0,
    0, 0, 0, 0, 0, 0, 0, 0,
    0, 0, 0, 0, 0, 0, 0, 0,
    0, 0, 0, 0, 0, 0, 0, 0,
    0, 0, 0, 0, 0, 0, 0, 0,
    0, 0, 0, 0, 0, 0, 0, 0,
    0, 0, 0, 0, 0, 0, 0, 0,
    0, 0, 0, 0, 0, 0, 0, 0,
    0, 0, 0, 0, 0, 0, 0, 0,
    0, 0, 0, 0, 0, 0, 0, 0,
    0, 0, 0, 0, 0, 0, 0, 0,
    0, 0, 0, 0, 0, 0, 0, 0,
    0, 0, 0, 0, 0, 0, 0, 0,
    0, 0, 0, 0, 0, 0, 0, 0,
    0, 0, 0, 0, 0, 0, 0, 0,
    0, 0, 0, 0, 0, 0, 0, 0,
    0, 0, 0, 0, 0, 0, 0, 0,
    0, 0, 0, 0, 0, 0, 0, 0,
    0, 0, 0, 0, 0, 0, 0, 0,
    0, 0, 0, 0, 0, 0, 0, 0,
    0, 0, 0, 0, 0, 0, 0, 0,
    0, 0, 0, 0, 0, 0, 0, 0,
    0, 0, 0, 0
};

/*Kern values between classes*/
static const int8_t kern_class_values[] =
{
    0, 0, 0, 0, -29, 0, -29, 0,
    0, 0, 0, -14, 0, -24, -2, 0,
    0, 0, 0, -2, 0, 0, 0, 0,
    -7, 0, 0, 0, 0, 0, -5, 0,
    0, 0, 0, 0, 0, 0, 0, 0,
    0, 0, 0, 0, 0, 0, 0, 0,
    0, 0, 0, -5, 0, 0, 0, 0,
    0, 0, 0, 0, 0, 0, 0, 0,
    0, 0, 20, 0, 0, 0, 0, 0,
    0, 0, 0, 0, 0, -24, 0, -34,
    0, 0, 0, 0, 0, 0, 0, 0,
    0, 0, 0, -25, -5, -16, -9, 0,
    -23, 0, 0, 0, -3, 0, 0, 0,
    6, 0, 0, -11, 0, -9, -6, 0,
    -5, 0, 0, 0, 0, 0, 0, 0,
    0, 0, 0, 0, 0, 0, 0, -5,
    -4, -12, 0, -5, -2, -7, -17, -5,
    0, 0, 0, 0, 0, 0, 0, 0,
    0, -6, 0, -2, 0, -3, 0, 0,
    0, 0, 0, 0, 0, 0, 0, 0,
    0, 0, 0, -10, -2, -20, 0, 0,
    0, 0, 0, 0, 0, 0, 0, -6,
    -8, 0, -2, 6, 6, 0, 0, 2,
    -5, 0, 0, 0, 0, 0, 0, 0,
    0, -12, 0, 0, 0, 0, 0, 0,
    0, 0, 0, 0, 0, 0, 0, 0,
    0, 0, -6, 0, 0, 0, 0, 0,
    0, 0, 1, 0, 0, 0, 0, 0,
    0, 0, 0, 0, 0, -14, 0, -24,
    0, 0, 0, 0, 0, 0, -6, -2,
    -2, 0, 0, -14, -4, -3, 0, 1,
    -3, -2, -10, 6, 0, -2, 0, 0,
    0, 0, 6, -3, -2, -2, -1, -1,
    -2, 0, 0, 0, 0, -8, 0, 0,
    0, 0, 0, 0, 0, 0, 0, -4,
    -3, -6, 0, -1, -1, -1, -3, -1,
    0, 0, 0, 0, 0, 0, 0, 0,
    0, -2, 0, -3, -2, -2, -3, 0,
    0, 0, 0, 0, 0, -6, 0, 0,
    0, 0, 0, 0, -7, -2, -6, -4,
    -3, -1, -1, -1, -2, -2, 0, 0,
    0, 0, -5, 0, 0, 0, 0, -7,
    -2, -3, -2, 0, -3, 0, 0, 0,
    0, -9, 0, 0, 0, -4, 0, 0,
    0, -2, 0, -10, 0, -6, 0, -2,
    -2, -4, -5, -5, 0, 0, 0, 0,
    0, 0, 0, 0, 0, 0, 0, 0,
    0, -3, 0, -2, 0, 0, 0, 0,
    0, 0, 0, 0, 0, 0, 0, 0,
    0, 0, 0, 0, 0, 0, 0, 0,
    0, 0, 0, 0, -2, 0, 0, 0,
    0, 0, 0, -6, 0, -2, 0, -8,
    -2, 0, 0, 0, 0, 0, -18, 0,
    -18, -17, 0, 0, 0, -9, -2, -35,
    -5, 0, 0, 1, 1, -6, 0, -8,
    0, -9, -3, 0, -6, 0, 0, -5,
    -5, -2, -4, -5, -4, -6, -4, -7,
    0, 0, 0, -7, 0, 0, 0, 0,
    0, 0, 0, -1, 0, 0, 0, -5,
    0, -3, -1, 0, 0, 0, 0, 0,
    0, 0, 0, 0, 0, 0, 0, 0,
    0, 0, 0, 0, 0, 0, 0, 0,
    0, 0, -6, 0, -6, 0, 0, 0,
    0, 0, 0, -10, 0, 0, 0, 0,
    0, 0, 0, 0, 0, 0, 0, 0,
    0, 0, 0, 0, 0, 0, 0, 0,
    0, 0, 0, 0, 0, -5, 0, -10,
    0, -7, 0, 0, 0, 0, -2, -2,
    -5, 0, -2, -4, -3, -3, -2, 0,
    -4, 0, 0, 0, -2, 0, 0, 0,
    -2, 0, 0, -8, -4, -5, -4, -4,
    -5, -3, 0, -22, 0, -38, 0, -13,
    0, 0, 0, 0, -8, 1, -6, 0,
    -6, -30, -7, -19, -14, 0, -19, 0,
    -20, 0, -3, -3, -1, 0, 0, 0,
    0, -5, -2, -9, -9, 0, -9, 0,
    0, 0, 0, 0, -28, -8, -28, -19,
    0, 0, 0, -13, 0, -37, -2, -6,
    0, 0, 0, -6, -2, -19, 0, -11,
    -6, 0, -8, 0, 0, 0, -2, 0,
    0, 0, 0, -3, 0, -5, 0, 0,
    0, -2, 0, -8, 0, 0, 0, 0,
    0, -1, 0, -4, -3, -3, 0, 1,
    2, -1, 0, -2, 0, -1, -2, 0,
    -1, 0, 0, 0, 0, 0, 0, 0,
    0, -2, 0, -2, 0, 0, 0, -4,
    0, 3, 0, 0, 0, 0, 0, 0,
    0, -3, -3, -5, 0, 0, 0, 0,
    -3, 0, 0, 0, 0, 0, 0, 0,
    0, 0, 0, -6, 0, 0, 0, 0,
    0, 0, 0, 0, 0, 0, -27, -18,
    -27, -22, -5, -5, 0, -10, -6, -32,
    -10, 0, 0, 0, 0, -5, -3, -13,
    0, -18, -17, -4, -18, 0, 0, -12,
    -15, -4, -12, -8, -9, -10, -8, -19,
    0, 0, 0, 0, -4, 0, -4, -8,
    0, 0, 0, -4, 0, -12, -2, 0,
    0, -1, 0, -2, -3, 0, 0, -1,
    0, 0, -2, 0, 0, 0, -1, 0,
    0, 0, 0, -2, 0, 0, 0, 0,
    0, 0, -16, -5, -16, -12, 0, 0,
    0, -3, -2, -18, -2, 0, -2, 2,
    0, 0, 0, -5, 0, -6, -4, 0,
    -5, 0, 0, -5, -3, 0, -8, -2,
    -2, -4, -2, -6, 0, 0, 0, 0,
    -9, -2, -9, -7, 0, 0, 0, 0,
    -2, -16, -2, 0, 0, 0, 0, 0,
    0, -2, 0, -4, 0, 0, -3, 0,
    0, 0, 0, 0, 0, 0, 0, 0,
    0, -2, 0, -2, 0, -2, 0, -7,
    0, 0, 0, 0, 0, 1, -4, 0,
    -3, -5, -2, 0, 0, 0, 0, 0,
    0, -2, -2, -4, 0, 0, 0, 0,
    0, -4, -2, -4, -3, -2, -4, -3,
    0, 0, 0, 0, -23, -17, -23, -17,
    -6, -6, -2, -3, -3, -25, -4, -3,
    -2, 0, 0, 0, 0, -6, 0, -17,
    -10, 0, -15, 0, 0, -10, -10, -7,
    -9, -3, -6, -9, -3, -12, 0, 0,
    0, 0, 0, -9, 0, 0, 0, 0,
    0, -2, -5, -8, -8, 0, -2, -2,
    -2, 0, -3, -4, 0, -4, -5, -5,
    -4, 0, 0, 0, 0, -3, -6, -4,
    -4, -6, -4, 0, 0, 0, 0, 0,
    0, 0, 0, 0, 0, 0, 0, 0,
    0, 0, 0, -22, -7, -13, -7, 0,
    -18, 0, 0, 0, 0, 0, 8, 0,
    18, 0, 0, 0, 0, -5, -2, 0,
    3, 0, 0, 0, 0, -13, 0, 0,
    0, 0, 0, 0, -3, 0, 0, 0,
    0, -6, 0, -4, -1, 0, -6, 0,
    0, 0, 0, 0, 0, 0, 0, 0,
    0, -3, 0, 0, 0, 0, 0, 0,
    0, -7, 0, -6, -2, 2, -2, 0,
    0, 0, -3, 0, 0, 0, 0, -14,
    0, -5, 0, -1, -12, 0, -6, -4,
    0, 0, 0, 0, 0, 0, 0, -4,
    0, -1, -1, -4, -1, -1, 0, 0,
    0, 0, 0, -5, 0, 0, 0, 0,
    0, 0, 0, 0, 0, -5, 0, -3,
    0, 0, -6, 0, 0, -2, -5, 0,
    -2, 0, 0, 0, 0, -2, 0, 2,
    2, 2, 2, 0, 0, 0, 0, -9,
    0, 2, 0, 0, 0, 0, -2, 0,
    0, -5, -5, -6, 0, -4, -2, 0,
    -6, 0, -5, -4, 0, 0, -2, 0,
    0, 0, 0, -2, 0, 1, 1, -2,
    1, 0, 4, 10, 12, 0, -13, -3,
    -13, -4, 0, 0, 6, 0, 0, 0,
    0, 12, 0, 17, 12, 8, 15, 0,
    16, -5, -2, 0, -4, 0, -2, 0,
    -1, 0, 0, 3, 0, -1, 0, -3,
    0, 0, 4, -8, 0, 0, 0, 12,
    0, 0, -9, 0, 0, 0, 0, -6,
    0, 0, 0, 0, -3, 0, 0, -4,
    -3, 0, 0, 0, 9, 0, 0, 0,
    0, -1, -1, 0, 4, -3, 0, 0,
    0, -9, 0, 0, 0, 0, 0, 0,
    -2, 0, 0, 0, 0, -6, 0, -2,
    0, 0, -4, 0, 0, 0, 0, 0,
    0, 0, 0, 0, 0, 0, 0, 0,
    0, 0, 0, 0, 0, 0, 0, -5,
    3, -11, 3, 0, 3, 3, -3, 0,
    0, 0, 0, -9, 0, 0, 0, 0,
    -3, 0, 0, -2, -4, 0, -2, 0,
    -2, 0, 0, -5, -3, 0, 0, -2,
    0, -2, 0, 0, 0, 0, 0, 0,
    0, 0, 0, 0, 0, 0, 0, 0,
    0, 0, 0, 0, 0, 0, 0, 0,
    0, 0, 0, 0, 0, 0, 2, 0,
    0, 0, 0, 0, 0, 0, 0, 0,
    0, 0, 0, -6, 0, 0, 0, 0,
    0, 0, 0, 0, 0, 0, 0, -5,
    0, -3, 0, 0, -8, 0, 0, 0,
    0, 0, 0, 0, 0, 0, 0, 0,
    0, 0, 0, 0, 0, 0, 0, 0,
    0, 0, -14, -6, -14, -9, 6, 6,
    0, -3, 0, -14, 0, 0, 0, 0,
    0, 0, 0, -2, 3, -6, -2, 0,
    -2, 0, 0, 0, -1, 0, 0, 6,
    5, 0, 6, -1, 0, 0, 0, -12,
    0, 2, 0, 0, 0, 0, -3, 0,
    0, 0, 0, -6, 0, -2, 0, 0,
    -5, 0, 0, 0, 0, 0, 0, 0,
    0, 0, 0, -5, 0, 0, 0, 0,
    0, 0, 0, 0, 0, 0, 2, -6,
    2, 2, 4, 4, -6, 0, 0, 0,
    0, -3, 0, 0, 0, 0, -1, 0,
    0, -5, -3, 0, -2, 0, 0, 0,
    -2, -5, 0, 0, 0, -4, 0, 0,
    0, 0, 0, -3, -9, -2, -9, -5,
    0, 0, 0, -3, 0, -10, 0, -5,
    0, -2, 0, 0, -3, -2, 0, -5,
    -1, 0, 0, 0, -2, 0, 0, 0,
    0, 0, 0, 0, 0, -6, 0, 0,
    0, -3, -10, 0, -10, -2, 0, 0,
    0, -1, 0, -8, 0, -6, 0, -2,
    0, -3, -6, 0, 0, -2, -1, 0,
    0, 0, -2, 0, 0, 0, 0, 0,
    0, 0, 0, -4, -3, 0, 0, -6,
    2, -3, -2, 0, 0, 2, 0, 0,
    -2, 0, -1, -8, 0, -4, 0, -2,
    -9, 0, 0, -2, -4, 0, 0, 0,
    0, 0, 0, -6, 0, 0, 0, 0,
    0, 0, 0, 0, 0, 0, -9, 0,
    -9, -4, 0, 0, 0, 0, 0, -10,
    0, -5, 0, -1, 0, -1, -2, 0,
    0, -5, -1, 0, 0, 0, -2, 0,
    0, 0, 0, 0, 0, -3, 0, -6,
    0, 0, 0, 0, 0, -4, 0, 0,
    0, 0, 0, 0, 0, 0, 0, -6,
    0, 0, 0, 0, -7, 0, 0, -6,
    -2, 0, -2, 0, 0, 0, 0, 0,
    -2, -1, 0, 0, -1, 0
};


/*Collect the kern class' data in one place*/
static const lv_font_fmt_txt_kern_classes_t kern_classes =
{
    .class_pair_values   = kern_class_values,
    .left_class_mapping  = kern_left_class_mapping,
    .right_class_mapping = kern_right_class_mapping,
    .left_class_cnt      = 45,
    .right_class_cnt     = 38,
};

/*--------------------
 *  ALL CUSTOM DATA
 *--------------------*/

#if LVGL_VERSION_MAJOR == 8
/*Store all the custom data of the font*/
static  lv_font_fmt_txt_glyph_cache_t cache;
#endif

#if LVGL_VERSION_MAJOR >= 8
static const lv_font_fmt_txt_dsc_t font_dsc = {
#else
static lv_font_fmt_txt_dsc_t font_dsc = {
#endif
    .glyph_bitmap = glyph_bitmap,
    .glyph_dsc = glyph_dsc,
    .cmaps = cmaps,
    .kern_dsc = &kern_classes,
    .kern_scale = 16,
    .cmap_num = 2,
    .bpp = 2,
    .kern_classes = 1,
    .bitmap_format = 2,
#if LVGL_VERSION_MAJOR == 8
    .cache = &cache
#endif
};



/*-----------------
 *  PUBLIC FONT
 *----------------*/

/*Initialize a public general font descriptor*/
#if LVGL_VERSION_MAJOR >= 8
const lv_font_t ui_font_spoken_14 = {
#else
lv_font_t ui_font_spoken_14 = {
#endif
    .get_glyph_dsc = lv_font_get_glyph_dsc_fmt_txt,    /*Function pointer to get glyph's data*/
    .get_glyph_bitmap = lv_font_get_bitmap_fmt_txt,    /*Function pointer to get glyph's bitmap*/
    .line_height = 17,          /*The maximum line height required by the font*/
    .base_line = 4,             /*Baseline measured from the bottom of the line*/
#if !(LVGL_VERSION_MAJOR == 6 && LVGL_VERSION_MINOR == 0)
    .subpx = LV_FONT_SUBPX_NONE,
#endif
#if LV_VERSION_CHECK(7, 4, 0) || LVGL_VERSION_MAJOR >= 8
    .underline_position = -2,
    .underline_thickness = 1,
#endif
    .dsc = &font_dsc,          /*The custom font data. Will be accessed by `get_glyph_bitmap/dsc` */
#if LV_VERSION_CHECK(8, 2, 0) || LVGL_VERSION_MAJOR >= 9
    .fallback = NULL,
#endif
    .user_data = NULL,
};



#endif /*#if UI_FONT_SPOKEN_14*/
