/*******************************************************************************
 * Size: 16 px
 * Bpp: 2
 * Opts: --no-prefilter --bpp 2 --size 16 --format lvgl --lv-include lvgl.h --font /Users/bytedance/CodeBase/tmp-for-agents/ai-passport-teenieping-english/assets/fonts/source/NotoSansCJKsc-Regular.otf --symbols  !"#$%&'()*+,-./0123456789:;<=>?@ABCDEFGHIJKLMNOPQRSTUVWXYZ[\]^_`abcdefghijklmnopqrstuvwxyz{|}~、。一三上下不与专两个中举么也习了事互五人什介仔付令以件仿众伸住作你佳例保候倾做停像先光克兔入共内再写准几出击刚别到前力功加动助励勇单卡却压及友双发受口句只叫叮可右合同名后向吗吧听吸告周呼和咚品哪嘴回困围图圆圈在地场块基堂声备复大天太失头好如始姓子字学它完定实容察对小尝就屏展岁己巴师希帮常幕干年并庆应度开引张彩待很得心忙快态怎思情惑想意感慢成我或战手才打扬技把拇招拜拢拳拼持指按挑挥换据掌接提握搭摄摇摊播操收放敢数整文断新方旁日时明星是景更最月有朋朗望朝木本术朵束条来极果柔查标样根框案检棒楚模横次止正比求没油注流浪清温点然熊爱片物状狐猜王现球理用电画的盘目直相看真眼着睛知短础确示礼祝积程空突笔第等答红约纷纸线练细绍结给络继续缓缤网翻老者耳耸聊肩胸能脑自般色节英苹萌表要见观觉解认记讲设识诉词试话询语说请读课调谢貌败贴起跟身轻输边达还这连适透速遍道邀都里重银错键镜长问际隔需面音项颗题颜风麦鼓龄！，／；？ --lv-font-name ui_font_spoken_16 -o /Users/bytedance/CodeBase/tmp-for-agents/ai-passport-teenieping-english/main/ui_font_spoken_16.c
 ******************************************************************************/

#ifdef LV_LVGL_H_INCLUDE_SIMPLE
#include "lvgl.h"
#else
#include "lvgl.h"
#endif

#ifndef UI_FONT_SPOKEN_16
#define UI_FONT_SPOKEN_16 1
#endif

#if UI_FONT_SPOKEN_16

/*-----------------
 *    BITMAPS
 *----------------*/

/*Store the image of the glyphs*/
static LV_ATTRIBUTE_LARGE_CONST const uint8_t glyph_bitmap[] = {
    /* U+0020 " " */

    /* U+0021 "!" */
    0x34, 0xd3, 0x4c, 0x18, 0x30, 0x60, 0xc0, 0x86,
    0x74, 0xd0,

    /* U+0022 "\"" */
    0xb1, 0xcb, 0x1c, 0x71, 0xc7, 0x6, 0x4, 0x10,

    /* U+0023 "#" */
    0xb, 0x4, 0x86, 0xc1, 0x86, 0x60, 0x61, 0x7f,
    0xc8, 0x24, 0x10, 0x69, 0x18, 0x36, 0x6, 0x3,
    0xff, 0x5, 0x82, 0x43, 0x60, 0xc3, 0xa0, 0x61,
    0x98, 0x18, 0x40,

    /* U+0024 "$" */
    0xd, 0x87, 0xd8, 0x73, 0xf4, 0x7, 0x41, 0xa5,
    0x87, 0xac, 0x3e, 0xe0, 0xf3, 0xe4, 0x3d, 0x70,
    0x79, 0xe0, 0xf5, 0x3, 0xd4, 0x38, 0xe, 0x83,
    0xf4, 0x1d, 0x87, 0xd8, 0x40,

    /* U+0025 "%" */
    0x7, 0xa0, 0xec, 0x3b, 0x4a, 0x5, 0x21, 0x9c,
    0xe, 0x6, 0xe, 0x70, 0xb0, 0x61, 0xf6, 0x7,
    0x18, 0xb8, 0x2d, 0x24, 0xca, 0x14, 0xb, 0xd0,
    0xc6, 0x16, 0x1f, 0x60, 0xc2, 0xc3, 0xd2, 0xc,
    0x2c, 0x3d, 0x85, 0x85, 0x87, 0x48, 0x54, 0x28,
    0x1d, 0x87, 0x5c, 0x0,

    /* U+0026 "&" */
    0xa, 0xf2, 0x1e, 0xb1, 0xc3, 0xda, 0xc, 0x3d,
    0xa5, 0x3, 0xcf, 0x61, 0xf3, 0xe0, 0xc8, 0x1e,
    0xc2, 0x70, 0x71, 0x60, 0xa0, 0xe1, 0x79, 0xc0,
    0xe1, 0xbd, 0x5, 0xe4, 0x7e, 0x82, 0xbd, 0x23,
    0x20,

    /* U+0027 "'" */
    0xbb, 0x77, 0x10,

    /* U+0028 "(" */
    0xf, 0x50, 0x18, 0x18, 0x1a, 0xc, 0xe, 0x7,
    0x3, 0x1, 0x80, 0xe0, 0x70, 0xb0, 0xb4, 0xc,
    0x16, 0x15, 0x3, 0x0,

    /* U+0029 ")" */
    0xe, 0xc2, 0x90, 0x38, 0x5a, 0xa, 0x1, 0x80,
    0xe0, 0x70, 0x38, 0x1c, 0xc, 0xa, 0x3, 0x3,
    0x82, 0x41, 0x87, 0x80,

    /* U+002A "*" */
    0x4, 0x12, 0x6a, 0x1f, 0xa0, 0x3e, 0xb, 0x24,
    0x3e,

    /* U+002B "+" */
    0xf, 0xfe, 0xe, 0x1f, 0xb0, 0xfd, 0x86, 0x7f,
    0xe4, 0x27, 0xf, 0xd8, 0x7e, 0xc3, 0xf6, 0x18,

    /* U+002C "," */
    0xe, 0xb0, 0x5a, 0x9, 0x1c, 0x10, 0x78,

    /* U+002D "-" */
    0x7f, 0x7, 0x0,

    /* U+002E "." */
    0xa, 0xcb, 0x0,

    /* U+002F "/" */
    0xe, 0xc3, 0x98, 0x3b, 0x43, 0xb0, 0xe6, 0xe,
    0x90, 0xec, 0x39, 0x83, 0xa4, 0x3b, 0xe, 0x70,
    0xe9, 0xe, 0xc3, 0xd8, 0x75, 0x3, 0x90, 0xf0,

    /* U+0030 "0" */
    0x3, 0xe8, 0x3b, 0x8b, 0xa, 0xc2, 0xe0, 0x68,
    0x56, 0xd, 0x9, 0xc1, 0x86, 0x70, 0x61, 0x9c,
    0x1a, 0x13, 0x83, 0x42, 0xb0, 0x58, 0x5a, 0x17,
    0x36, 0x1d, 0xe8, 0x20,

    /* U+0031 "1" */
    0x1b, 0x42, 0xf9, 0xe, 0xd0, 0xed, 0xe, 0xd0,
    0xed, 0xe, 0xd0, 0xed, 0xe, 0xd0, 0xed, 0xe,
    0xe0, 0x5f, 0xe0,

    /* U+0032 "2" */
    0x5, 0xe8, 0x37, 0x2b, 0xc1, 0x21, 0xb4, 0x3e,
    0xd0, 0xfb, 0x43, 0xce, 0x1f, 0x70, 0x7a, 0xc3,
    0xd6, 0x1e, 0xb0, 0xf5, 0xaf, 0xf, 0xfc, 0x0,

    /* U+0033 "3" */
    0x5, 0xf2, 0xe, 0x55, 0x87, 0xdc, 0x1e, 0xd0,
    0xeb, 0xd, 0xf0, 0x79, 0xf0, 0x7d, 0xc1, 0xeb,
    0x10, 0xd6, 0xf2, 0xad, 0x5, 0xf2, 0x0,

    /* U+0034 "4" */
    0xe, 0xf0, 0x7a, 0xf0, 0x73, 0xd8, 0x77, 0x4c,
    0x33, 0x96, 0x1b, 0x4b, 0xa, 0xc1, 0x60, 0x70,
    0xac, 0x17, 0xfc, 0x87, 0x58, 0x7d, 0x61, 0xf5,
    0x80,

    /* U+0035 "5" */
    0x1f, 0xe4, 0xe, 0x87, 0x9c, 0x3e, 0x70, 0xfa,
    0xef, 0x21, 0x32, 0x5a, 0x1f, 0x78, 0x3e, 0xb0,
    0xfa, 0xc0, 0x86, 0xe1, 0xe5, 0x58, 0x6b, 0xd0,
    0x40,

    /* U+0036 "6" */
    0xa, 0xf4, 0x1a, 0xd5, 0x40, 0x38, 0x7d, 0xc1,
    0xf6, 0xaf, 0x41, 0x7a, 0x1e, 0x7, 0x4, 0xe0,
    0xd0, 0x9c, 0x1c, 0x13, 0x81, 0xc2, 0xb0, 0xb8,
    0x74, 0x35, 0xe4, 0x0,

    /* U+0037 "7" */
    0x3f, 0xe0, 0xfb, 0x83, 0xce, 0x1f, 0x68, 0x79,
    0xc3, 0xea, 0x7, 0xda, 0x1e, 0x70, 0xf9, 0xc3,
    0xeb, 0xf, 0xac, 0x3e, 0xe0, 0xc0,

    /* U+0038 "8" */
    0x3, 0xf2, 0x13, 0xa3, 0xa0, 0xa0, 0x54, 0x5,
    0x2, 0xa0, 0x5a, 0xd, 0x9, 0xf5, 0x3, 0x6d,
    0xe0, 0xb4, 0x2f, 0x3, 0xc, 0xe0, 0xc3, 0x38,
    0x2d, 0x1e, 0xa, 0xf9, 0x0,

    /* U+0039 "9" */
    0x5, 0xe8, 0x35, 0xaa, 0xc2, 0xd0, 0xb4, 0x70,
    0xd6, 0xc, 0x33, 0x83, 0x80, 0xf8, 0x2f, 0xa7,
    0xf, 0xac, 0x3e, 0xe0, 0xf3, 0x85, 0xca, 0xe0,
    0xd7, 0x90, 0x80,

    /* U+003A ":" */
    0xb2, 0xc3, 0xff, 0x89, 0x65, 0x80,

    /* U+003B ";" */
    0x2c, 0x16, 0x1f, 0xfc, 0xab, 0x5, 0xa0, 0x91,
    0xc1, 0x7, 0x80,

    /* U+003C "<" */
    0xf, 0x90, 0xf5, 0xe0, 0x9b, 0x90, 0x3e, 0x43,
    0x9f, 0x21, 0xf3, 0x72, 0x1f, 0x5e, 0xf, 0xc8,

    /* U+003D "=" */
    0x7f, 0xe4, 0x3f, 0xf9, 0xef, 0xfc, 0x87, 0xf0,

    /* U+003E ">" */
    0x10, 0xf9, 0xf2, 0x1f, 0x37, 0x21, 0xf3, 0xe0,
    0xf3, 0xe0, 0x9b, 0x90, 0x3e, 0x43, 0xc8, 0x7c,

    /* U+003F "?" */
    0x5, 0xe4, 0x1c, 0xda, 0x1d, 0xc1, 0xdc, 0x19,
    0xc3, 0xb4, 0x37, 0x7, 0x68, 0x72, 0x1f, 0xfc,
    0x7, 0x43, 0xb4, 0x0,

    /* U+0040 "@" */
    0xe, 0x6f, 0xa0, 0xfd, 0xc8, 0x56, 0x87, 0x68,
    0x7d, 0x86, 0xd0, 0xfc, 0xc0, 0x70, 0x9f, 0x48,
    0x30, 0x68, 0x28, 0xc, 0x2c, 0x18, 0x58, 0x58,
    0x58, 0x30, 0x30, 0x58, 0x58, 0x30, 0x50, 0xc,
    0x6, 0x6, 0x8e, 0xf, 0x3, 0xa, 0x80, 0xb8,
    0xb8, 0x3b, 0x43, 0xff, 0x85, 0xc8, 0x48, 0x7f,
    0x37, 0xd0, 0x70,

    /* U+0041 "A" */
    0xd, 0xe0, 0xf9, 0xf0, 0x7d, 0xbc, 0x1e, 0xc7,
    0xe, 0x70, 0x61, 0xdc, 0xe, 0xd, 0x85, 0x61,
    0x3f, 0xe0, 0xb8, 0x36, 0x83, 0x43, 0x58, 0xe1,
    0xce, 0x70, 0x7b, 0x40,

    /* U+0042 "B" */
    0x7f, 0xa0, 0x38, 0x4f, 0xe, 0x19, 0xc7, 0xc,
    0xe3, 0x84, 0xf0, 0xff, 0x80, 0xe1, 0x3e, 0x1c,
    0x3b, 0x9c, 0x3a, 0x8e, 0x1d, 0xce, 0x81, 0xf0,
    0xff, 0x40,

    /* U+0043 "C" */
    0xd, 0x7a, 0xc, 0xf9, 0x56, 0x17, 0x7, 0xd6,
    0x1f, 0xb8, 0x3f, 0x70, 0x7e, 0xe0, 0xfd, 0xc1,
    0xfa, 0xc3, 0xfb, 0x83, 0x21, 0x3c, 0xab, 0x43,
    0x5e, 0x80,

    /* U+0044 "D" */
    0x7f, 0x41, 0x9d, 0x1b, 0x40, 0xe1, 0xac, 0xe,
    0x1d, 0xc3, 0x87, 0x58, 0xe1, 0xd6, 0x38, 0x75,
    0x8e, 0x1d, 0x63, 0x87, 0x70, 0xe1, 0xac, 0xe,
    0xb7, 0x90, 0x3f, 0xa0, 0xc0,

    /* U+0045 "E" */
    0x7f, 0xca, 0xd0, 0xe7, 0xf, 0x38, 0x79, 0xc3,
    0xcf, 0xf4, 0x3a, 0x1c, 0xe1, 0xe7, 0xf, 0x38,
    0x79, 0xd7, 0x87, 0xfd, 0x0,

    /* U+0046 "F" */
    0x7f, 0xca, 0xd0, 0xe7, 0xf, 0x38, 0x79, 0xc3,
    0xcf, 0xf4, 0x3a, 0x1c, 0xe1, 0xe7, 0xf, 0x38,
    0x79, 0xc3, 0xce, 0x1e,

    /* U+0047 "G" */
    0xd, 0x7a, 0x42, 0x7c, 0xab, 0x41, 0xc1, 0xf5,
    0x87, 0xee, 0xf, 0xdc, 0x1f, 0xb8, 0x2f, 0xc7,
    0x7, 0x59, 0x61, 0xd6, 0xe, 0xd, 0x60, 0x7c,
    0xb7, 0x6, 0xbe, 0x40,

    /* U+0048 "H" */
    0x70, 0xe7, 0x1c, 0x39, 0xc7, 0xe, 0x71, 0xc3,
    0x9c, 0x70, 0xe7, 0x1f, 0xfc, 0x3a, 0x1a, 0xc7,
    0xe, 0x71, 0xc3, 0x9c, 0x70, 0xe7, 0x1c, 0x39,
    0xc7, 0xe, 0x70,

    /* U+0049 "I" */
    0x71, 0xc7, 0x1c, 0x71, 0xc7, 0x1c, 0x71, 0xc7,
    0x1c,

    /* U+004A "J" */
    0xe, 0x70, 0xf3, 0x87, 0x9c, 0x3c, 0xe1, 0xe7,
    0xf, 0x38, 0x79, 0xc3, 0xce, 0x1e, 0xb0, 0x21,
    0x58, 0x39, 0xb4, 0x2b, 0xd0, 0x0,

    /* U+004B "K" */
    0x70, 0xce, 0x8e, 0x1b, 0x40, 0xe1, 0x70, 0x4e,
    0xf, 0x6, 0x72, 0xc3, 0x9e, 0xf4, 0x19, 0xf2,
    0xb0, 0xcf, 0x3, 0x82, 0x70, 0x9d, 0x3, 0x86,
    0xf0, 0x1c, 0x3b, 0x47, 0xe, 0xb0,

    /* U+004C "L" */
    0x70, 0xf3, 0x87, 0x9c, 0x3c, 0xe1, 0xe7, 0xf,
    0x38, 0x79, 0xc3, 0xce, 0x1e, 0x70, 0xf3, 0x87,
    0x9d, 0x78, 0x7f, 0xc0,

    /* U+004D "M" */
    0x78, 0x3a, 0xd5, 0xe0, 0xef, 0x2b, 0xc8, 0x4f,
    0x95, 0xd0, 0x2a, 0x6a, 0xdc, 0x2c, 0xd5, 0x9a,
    0x39, 0xab, 0x28, 0x49, 0xab, 0x6, 0x60, 0xd5,
    0x83, 0xb0, 0x6a, 0xc0, 0xe8, 0x35, 0x61, 0x61,
    0x6a, 0xc3, 0xed,

    /* U+004E "N" */
    0x74, 0x33, 0xbe, 0xc, 0xef, 0xa0, 0x9d, 0xdc,
    0x27, 0x73, 0x80, 0xee, 0xc, 0xe, 0xe0, 0xb1,
    0xdc, 0x2d, 0x5b, 0x85, 0x6e, 0xe1, 0xbb, 0x70,
    0xcf, 0x9c, 0x3b, 0xc0,

    /* U+004F "O" */
    0x9, 0xbd, 0x7, 0x3c, 0xaf, 0x21, 0x70, 0x6b,
    0x5, 0x87, 0xb8, 0xe0, 0xf7, 0x1c, 0x1e, 0xb3,
    0x83, 0xd6, 0x70, 0x7b, 0x8b, 0xf, 0x70, 0x38,
    0x35, 0x84, 0xf2, 0xbc, 0x86, 0x6f, 0x41, 0x0,

    /* U+0050 "P" */
    0x7f, 0x90, 0x3a, 0x2b, 0x87, 0xc, 0xe3, 0x87,
    0x6a, 0xc3, 0x38, 0xe1, 0x3c, 0x3f, 0xd0, 0x1d,
    0xf, 0x38, 0x7c, 0xe1, 0xf3, 0x87, 0xce, 0x1f,
    0x0,

    /* U+0051 "Q" */
    0x9, 0xbd, 0x7, 0x9e, 0x57, 0x90, 0xdc, 0x1a,
    0xc2, 0xb0, 0xf6, 0x83, 0x83, 0xdc, 0xe, 0xf,
    0x58, 0x34, 0x3d, 0x60, 0xe0, 0xf5, 0x82, 0xc3,
    0xdc, 0x7, 0x43, 0x38, 0x6f, 0x20, 0x78, 0x3a,
    0xfd, 0x7, 0xeb, 0xf, 0xfb, 0xc8, 0x7f, 0xaf,
    0x83, 0xff, 0x82,

    /* U+0052 "R" */
    0x7f, 0xa0, 0x3a, 0x7, 0xc3, 0x86, 0x71, 0xc3,
    0xb5, 0x61, 0x9c, 0x70, 0x9f, 0xf, 0xf4, 0x7,
    0x4b, 0x9, 0xc2, 0xe0, 0x38, 0x4e, 0x7, 0xd,
    0xe1, 0xc3, 0x3a,

    /* U+0053 "S" */
    0xa, 0xf4, 0x1b, 0xca, 0xb0, 0x58, 0x7d, 0x61,
    0xfb, 0xc1, 0xf3, 0xf2, 0x1e, 0x7d, 0x7, 0xcf,
    0x7, 0xd6, 0x21, 0xdc, 0x7a, 0x55, 0x84, 0xde,
    0x80,

    /* U+0054 "T" */
    0x7f, 0xf0, 0x77, 0x7, 0xee, 0xf, 0xdc, 0x1f,
    0xb8, 0x3f, 0x70, 0x7e, 0xe0, 0xfd, 0xc1, 0xfb,
    0x83, 0xf7, 0x7, 0xee, 0xf, 0xdc, 0x18,

    /* U+0055 "U" */
    0x70, 0xe7, 0x70, 0xe7, 0x70, 0xe7, 0x70, 0xe7,
    0x70, 0xe7, 0x70, 0xe7, 0x70, 0xe7, 0x70, 0xeb,
    0x30, 0xeb, 0x38, 0x37, 0xf, 0x2b, 0xc1, 0x3f,
    0x40,

    /* U+0056 "V" */
    0xe0, 0xe7, 0x2c, 0x3a, 0x80, 0xd0, 0xda, 0xe,
    0x9, 0xc2, 0xb0, 0xac, 0x27, 0xb, 0x43, 0x68,
    0x30, 0xeb, 0x1c, 0x39, 0xce, 0xf, 0x6e, 0x1f,
    0x5e, 0xf, 0x9e, 0xc,

    /* U+0057 "W" */
    0x70, 0xd6, 0x1b, 0x9c, 0x37, 0x83, 0x69, 0xa1,
    0x79, 0x3, 0x83, 0x80, 0xd4, 0x7, 0x5, 0x82,
    0x56, 0xa, 0x1, 0xc1, 0x83, 0x7, 0x5, 0x83,
    0x6, 0x9a, 0x16, 0xa8, 0x14, 0x30, 0xdd, 0x10,
    0x3b, 0x86, 0xa6, 0x85, 0xd0, 0x33, 0xe0, 0xde,
    0x83, 0xbc, 0x1a, 0xd0, 0x0,

    /* U+0058 "X" */
    0x34, 0x36, 0x96, 0x15, 0x85, 0xa0, 0xd0, 0xac,
    0xb0, 0xee, 0xc3, 0xcf, 0x7, 0xaf, 0x7, 0xb7,
    0x43, 0x71, 0x61, 0x38, 0x5a, 0xe, 0xa, 0xc7,
    0xe, 0xe0,

    /* U+0059 "Y" */
    0x3c, 0x19, 0xd1, 0xc3, 0x58, 0x5c, 0x16, 0x84,
    0xe0, 0xb0, 0xee, 0x34, 0x39, 0xec, 0x3e, 0xf2,
    0x1f, 0x58, 0x7e, 0x70, 0xfc, 0xe1, 0xf9, 0xc3,
    0xf3, 0x86,

    /* U+005A "Z" */
    0x2f, 0xf8, 0x3c, 0xe8, 0x7b, 0xc1, 0xe7, 0xf,
    0xb8, 0x3d, 0x61, 0xe7, 0x43, 0xdc, 0x1e, 0xb0,
    0xfb, 0x43, 0xde, 0x5f, 0x1f, 0xf8,

    /* U+005B "[" */
    0x7d, 0x38, 0x1c, 0xe, 0x7, 0x3, 0x81, 0xc0,
    0xe0, 0x70, 0x38, 0x1c, 0xe, 0x7, 0x3, 0x81,
    0xc0, 0xfa,

    /* U+005C "\\" */
    0x90, 0xe7, 0xf, 0x61, 0xe9, 0xe, 0x60, 0xf6,
    0x1e, 0xd0, 0xe6, 0xf, 0x61, 0xec, 0x3d, 0x40,
    0xf6, 0x1e, 0xc3, 0xd2, 0x1c, 0xe1, 0xe4,

    /* U+005D "]" */
    0x7d, 0x1, 0x80, 0xc0, 0x60, 0x30, 0x18, 0xc,
    0x6, 0x3, 0x1, 0x80, 0xc0, 0x60, 0x30, 0x18,
    0xc, 0xfa,

    /* U+005E "^" */
    0x3, 0xa1, 0xbd, 0x6, 0xcc, 0x2a, 0x12, 0xd,
    0x1c, 0x70, 0xb2, 0x81, 0x50,

    /* U+005F "_" */
    0xff, 0xd0,

    /* U+0060 "`" */
    0xc, 0xe1, 0x70, 0x5c, 0x12,

    /* U+0061 "a" */
    0x3, 0xf2, 0x7, 0x55, 0xa1, 0xee, 0xc, 0xae,
    0x5, 0xcf, 0x16, 0x15, 0xd, 0xb, 0x8f, 0x2b,
    0xd0, 0x3e, 0x68,

    /* U+0062 "b" */
    0xb0, 0xfa, 0xc3, 0xeb, 0xf, 0xac, 0x3e, 0xb2,
    0xf2, 0xb, 0xca, 0xb4, 0xb0, 0xde, 0x2c, 0x35,
    0x96, 0x19, 0xcb, 0xd, 0x65, 0x86, 0xe2, 0xf2,
    0xbc, 0xa, 0x3e, 0x82,

    /* U+0063 "c" */
    0xa, 0xf4, 0x17, 0x95, 0x2, 0xc3, 0xdc, 0x1e,
    0xd0, 0xf6, 0x87, 0xbc, 0x1f, 0x79, 0x52, 0x15,
    0xe8,

    /* U+0064 "d" */
    0xf, 0xb4, 0x3e, 0xd0, 0xfb, 0x43, 0xed, 0xa,
    0xf3, 0xa0, 0xf2, 0xbc, 0x96, 0x1b, 0x4e, 0xd,
    0xa6, 0x86, 0xd3, 0x43, 0x69, 0xe0, 0xda, 0x3c,
    0xaf, 0x20, 0x7d, 0x1a,

    /* U+0065 "e" */
    0xa, 0xf2, 0x1b, 0x87, 0x41, 0x61, 0x38, 0x34,
    0x36, 0xf, 0xf8, 0x1a, 0x1f, 0x70, 0x7e, 0xe4,
    0x50, 0x6b, 0xd2, 0x0,

    /* U+0066 "f" */
    0x3, 0xe4, 0x1c, 0x13, 0x86, 0x70, 0x9f, 0xc0,
    0x74, 0x27, 0xc, 0xe1, 0x9c, 0x33, 0x86, 0x70,
    0xce, 0x19, 0xc2,

    /* U+0067 "g" */
    0x3, 0xfd, 0xe, 0x7, 0x41, 0xc1, 0x68, 0x28,
    0x16, 0x81, 0xd1, 0xc3, 0x7e, 0xd, 0x40, 0xfa,
    0xd0, 0xfb, 0xfc, 0xd, 0xd, 0xc6, 0x1d, 0xc7,
    0x5, 0x61, 0x5f, 0x40,

    /* U+0068 "h" */
    0xb0, 0xf5, 0x87, 0xac, 0x3d, 0x61, 0xeb, 0x2f,
    0x25, 0xe9, 0xf1, 0x61, 0xb6, 0xc3, 0x6d, 0x86,
    0xdb, 0xd, 0xb6, 0x1b, 0x6c, 0x36, 0xd8, 0x6d,

    /* U+0069 "i" */
    0xb1, 0xc3, 0xeb, 0x2c, 0xb2, 0xcb, 0x2c, 0xb2,
    0xcb, 0x0,

    /* U+006A "j" */
    0x5, 0x84, 0xe1, 0xff, 0xc1, 0xb0, 0xac, 0x2b,
    0xa, 0xc2, 0xb0, 0xac, 0x2b, 0xa, 0xc2, 0xb0,
    0xac, 0x2b, 0x3, 0xc5, 0xe0, 0x0,

    /* U+006B "k" */
    0xb0, 0xf5, 0x87, 0xac, 0x3d, 0x61, 0xeb, 0xa,
    0xcb, 0x5, 0x82, 0xc7, 0x41, 0x67, 0x5, 0x7e,
    0xa, 0xf1, 0xc0, 0xb0, 0x38, 0x2c, 0x2f, 0x16,
    0x1b, 0x40,

    /* U+006C "l" */
    0xb2, 0xcb, 0x2c, 0xb2, 0xcb, 0x2c, 0xb2, 0xcb,
    0x1c, 0x1c,

    /* U+006D "m" */
    0xa1, 0x70, 0x2f, 0x25, 0xe5, 0x7d, 0x36, 0x58,
    0x4e, 0x85, 0xb6, 0x13, 0x86, 0xdb, 0x9, 0xc3,
    0x6d, 0x84, 0xe1, 0xb6, 0xc2, 0x70, 0xdb, 0x61,
    0x38, 0x6d, 0xb0, 0x9c, 0x36, 0x80,

    /* U+006E "n" */
    0xa1, 0x79, 0x2f, 0x4f, 0x8b, 0xd, 0xb6, 0x1b,
    0x6c, 0x36, 0xd8, 0x6d, 0xb0, 0xdb, 0x61, 0xb6,
    0xc3, 0x68,

    /* U+006F "o" */
    0xa, 0xf4, 0x1b, 0x95, 0xe0, 0x58, 0x6d, 0x34,
    0x37, 0x1a, 0x1a, 0xcd, 0xd, 0xc7, 0x83, 0x68,
    0x39, 0x5e, 0xd, 0x7a, 0x0,

    /* U+0070 "p" */
    0xa1, 0x79, 0x5, 0xe5, 0x5a, 0x58, 0x6f, 0x16,
    0x1a, 0xcb, 0xc, 0xe5, 0x86, 0xb2, 0xc3, 0x71,
    0x79, 0x5e, 0x5, 0xbe, 0x82, 0xb0, 0xfa, 0xc3,
    0xeb, 0xf, 0xac, 0x3e,

    /* U+0071 "q" */
    0xa, 0xf3, 0xa0, 0xe0, 0x5a, 0x58, 0x6d, 0x34,
    0x36, 0x9a, 0x1b, 0x4d, 0xd, 0xa7, 0x83, 0x68,
    0xf2, 0xbc, 0x81, 0xf4, 0x68, 0x7d, 0xa1, 0xf6,
    0x87, 0xda, 0x1f, 0x68,

    /* U+0072 "r" */
    0xa1, 0x65, 0xe9, 0x2d, 0xa, 0xc3, 0x58, 0x6b,
    0xd, 0x61, 0xac, 0x35, 0x86,

    /* U+0073 "s" */
    0x5, 0xe8, 0x1e, 0x49, 0x34, 0x3a, 0xd0, 0xe7,
    0xd0, 0x73, 0xc1, 0xd6, 0x68, 0xf0, 0xfd, 0x0,

    /* U+0074 "t" */
    0x2, 0x1d, 0x87, 0x61, 0x5f, 0xa1, 0xd0, 0x9c,
    0x33, 0x86, 0x70, 0xce, 0x1d, 0xa1, 0xb9, 0x9,
    0xf4,

    /* U+0075 "u" */
    0xb0, 0xd9, 0x61, 0xb2, 0xc3, 0x65, 0x86, 0xcb,
    0xd, 0x96, 0x1b, 0x2c, 0x27, 0x1e, 0x6f, 0x2,
    0xf4, 0x60,

    /* U+0076 "v" */
    0xb0, 0xce, 0x38, 0x6e, 0x7, 0x5, 0xa0, 0xb0,
    0x38, 0x6c, 0x14, 0xd, 0xa6, 0x86, 0xb7, 0xf,
    0x7a, 0xf, 0x78, 0x30,

    /* U+0077 "w" */
    0x70, 0x9d, 0xb, 0x4d, 0x5, 0xc0, 0x70, 0x70,
    0x37, 0x5, 0x82, 0xc1, 0x98, 0x38, 0xe, 0x31,
    0xa6, 0x1b, 0x64, 0xa3, 0x86, 0xdc, 0xf, 0x40,
    0xd7, 0x82, 0xf2, 0x19, 0xe0, 0xbc, 0x10,

    /* U+0078 "x" */
    0x34, 0xe, 0xb, 0x7, 0x5, 0xce, 0x19, 0xf2,
    0x1d, 0xe0, 0xea, 0x70, 0x6c, 0x70, 0xb8, 0x1e,
    0x1c, 0x36, 0x80,

    /* U+0079 "y" */
    0xb0, 0xce, 0xc, 0x37, 0x3, 0x82, 0xd0, 0x38,
    0x1c, 0x36, 0x94, 0xd, 0x43, 0x43, 0x3b, 0x87,
    0xbd, 0x7, 0xad, 0xf, 0x38, 0x7d, 0xc1, 0xcd,
    0x87, 0x3e, 0xf, 0x0,

    /* U+007A "z" */
    0x3f, 0xc1, 0xcf, 0x7, 0x58, 0x73, 0x87, 0xb8,
    0x3a, 0xc3, 0x9d, 0xe, 0xe0, 0xe7, 0xfc, 0x0,

    /* U+007B "{" */
    0x3, 0xe0, 0x68, 0x58, 0x6c, 0x36, 0x1b, 0x42,
    0xc0, 0xe8, 0x4e, 0x1b, 0xd, 0xa1, 0x61, 0xb0,
    0xd8, 0x6d, 0x9, 0xe0,

    /* U+007C "|" */
    0x66, 0x66, 0x66, 0x66, 0x66, 0x66, 0x66, 0x66,
    0x66,

    /* U+007D "}" */
    0x78, 0x36, 0x85, 0xa1, 0x68, 0x5a, 0x16, 0x85,
    0x40, 0xde, 0x5, 0x2, 0xd0, 0xb4, 0x2d, 0xb,
    0x42, 0xd0, 0xb4, 0x78, 0x0,

    /* U+007E "~" */
    0x7, 0x82, 0x41, 0xab, 0x6, 0x4, 0xf, 0x90,
    0xff, 0x0,

    /* U+3001 "、" */
    0x10, 0xef, 0x7, 0x78, 0x3b, 0xc1, 0xd0,

    /* U+3002 "。" */
    0x5, 0xa0, 0xc1, 0x24, 0x6, 0x30, 0x48, 0xfa,
    0x0,

    /* U+4E00 "一" */
    0x3f, 0xff, 0x85, 0xb, 0xff, 0xc2, 0x0,

    /* U+4E09 "三" */
    0x3f, 0xff, 0x80, 0x5, 0xff, 0xe0, 0x7, 0xff,
    0x87, 0xff, 0xa0, 0xcb, 0xfe, 0xf, 0xff, 0x77,
    0xff, 0xf0, 0x83, 0xff, 0x84,

    /* U+4E0A "上" */
    0xf, 0xb0, 0xff, 0xe1, 0xe1, 0xff, 0xc3, 0xc3,
    0xff, 0x87, 0x87, 0xff, 0xf, 0x43, 0xff, 0x85,
    0xff, 0x7, 0xf6, 0x1f, 0xfc, 0x3c, 0x3f, 0xf8,
    0x78, 0x7f, 0xf0, 0xf0, 0xff, 0xe1, 0xe1, 0xff,
    0xc3, 0xc3, 0xfb, 0xff, 0xf8, 0x40, 0x5f, 0xfe,
    0x10,

    /* U+4E0B "下" */
    0xf, 0xfe, 0x2f, 0xff, 0xf0, 0x83, 0xf6, 0x87,
    0xff, 0xb, 0x43, 0xff, 0x85, 0xc1, 0xff, 0xc2,
    0xf9, 0xf, 0xfe, 0x6, 0xaf, 0x21, 0xfe, 0xd0,
    0x5c, 0x1f, 0xda, 0x1a, 0xf, 0xed, 0xf, 0xfe,
    0x16, 0x87, 0xff, 0xb, 0x43, 0xff, 0x85, 0xa1,
    0xff, 0xc2, 0xd0, 0xf8,

    /* U+4E0D "不" */
    0x2, 0xff, 0xf0, 0x2, 0xff, 0xfe, 0x10, 0x7f,
    0x68, 0x7f, 0xf0, 0x7c, 0x1f, 0xfc, 0x1b, 0x83,
    0xff, 0x81, 0x7a, 0x9a, 0x1f, 0xbc, 0x50, 0x78,
    0x39, 0xf0, 0x28, 0x17, 0x82, 0xb8, 0x2a, 0x6,
    0xf0, 0x20, 0xea, 0x7, 0x21, 0xfa, 0x81, 0xff,
    0xc2, 0xa0, 0x7f, 0xf0, 0xa8, 0x1f, 0xfc, 0x2a,
    0x7, 0xc0,

    /* U+4E0E "与" */
    0xf, 0xfe, 0x3e, 0x87, 0xff, 0x7, 0x43, 0xff,
    0x80, 0xff, 0xf8, 0x35, 0x3, 0xff, 0x83, 0xa1,
    0xff, 0xc1, 0xd0, 0xff, 0xe0, 0xff, 0xfc, 0x1f,
    0xfc, 0x2c, 0x3f, 0xf8, 0x2e, 0xf, 0xff, 0xe,
    0x1f, 0xfc, 0x1a, 0x7, 0xff, 0x7, 0x43, 0xff,
    0x80, 0xe1, 0xfe, 0xfc, 0x87, 0xff, 0x14,

    /* U+4E13 "专" */
    0xf, 0xa0, 0xff, 0xe0, 0xd8, 0x7f, 0x5f, 0xfe,
    0x83, 0x2d, 0xaf, 0x83, 0xe7, 0xf, 0xef, 0xff,
    0xe0, 0xc2, 0xed, 0x7f, 0x83, 0x38, 0x7f, 0xf0,
    0x7f, 0xf9, 0xf, 0xf9, 0xf0, 0x7f, 0xf0, 0x3c,
    0x1f, 0x30, 0x5e, 0xf, 0xeb, 0xf0, 0x7f, 0xf0,
    0x1b, 0x90, 0xff, 0xe0, 0xd0, 0x3f, 0xf8, 0xc0,

    /* U+4E24 "两" */
    0xf, 0xfe, 0x2f, 0xff, 0xf0, 0x83, 0xd2, 0xa,
    0x7, 0xfa, 0x41, 0x40, 0xf3, 0xff, 0xfc, 0x4,
    0xe, 0xe, 0x5, 0x1, 0xa0, 0x70, 0x68, 0x24,
    0x1a, 0x7, 0x7, 0x81, 0xe0, 0x68, 0x1c, 0x7a,
    0x3b, 0x9a, 0x7, 0x34, 0x78, 0xa6, 0x81, 0xec,
    0x16, 0x15, 0xa0, 0x74, 0x24, 0x3b, 0x40, 0xe1,
    0xfe, 0xd0, 0x38, 0x7c, 0xfc, 0x0,

    /* U+4E2A "个" */
    0xf, 0x94, 0x1f, 0xfc, 0x2e, 0xf, 0xfe, 0xf,
    0x68, 0x7f, 0xdc, 0xd, 0xf, 0xee, 0x9, 0xe0,
    0xf5, 0xc0, 0xd0, 0x79, 0x3, 0xe4, 0x2d, 0xa,
    0xf0, 0x10, 0xed, 0xe, 0x43, 0xf6, 0x87, 0xff,
    0xb, 0x43, 0xff, 0x85, 0xa1, 0xff, 0xc2, 0xd0,
    0xff, 0xe1, 0x68, 0x7f, 0xf0, 0xb4, 0x3f, 0xf8,
    0x5a, 0x1f, 0x0,

    /* U+4E2D "中" */
    0xf, 0x38, 0x7f, 0xf0, 0x1c, 0x3e, 0x5e, 0xb5,
    0xfb, 0xff, 0xf8, 0x2e, 0x19, 0xc3, 0x3b, 0x86,
    0x70, 0xce, 0xe1, 0x9c, 0x33, 0xb8, 0x67, 0xc,
    0xef, 0xff, 0xf0, 0x5c, 0x33, 0x86, 0x70, 0xf3,
    0x87, 0xff, 0x1, 0xc3, 0xff, 0x80, 0xe1, 0xff,
    0xc0, 0x70, 0xf0,

    /* U+4E3E "举" */
    0xf, 0xfe, 0x3e, 0x7, 0xd, 0x87, 0xa8, 0xa,
    0x3, 0x83, 0xce, 0x5, 0x16, 0x1d, 0xff, 0xfc,
    0x20, 0xea, 0x6, 0x70, 0xfa, 0x80, 0xa0, 0x2c,
    0x3b, 0xc1, 0x50, 0x2b, 0x41, 0xcf, 0xfe, 0x56,
    0x87, 0xd4, 0xf, 0xfe, 0x15, 0x3, 0xf5, 0xff,
    0xfc, 0x8, 0x3f, 0x50, 0x3f, 0xf8, 0x54, 0xf,
    0xfe, 0x15, 0x3, 0xe0,

    /* U+4E48 "么" */
    0xf, 0xfe, 0x53, 0x87, 0xff, 0xb, 0x43, 0xff,
    0x83, 0xc1, 0xff, 0xc1, 0xf0, 0x6d, 0xf, 0xbc,
    0x1a, 0xc3, 0xef, 0x6, 0x70, 0xfa, 0x81, 0x9d,
    0xf, 0xfe, 0xf, 0x7, 0xff, 0x7, 0x81, 0x61,
    0xfd, 0xc1, 0xb8, 0x3e, 0xe0, 0xf6, 0x86, 0x78,
    0x5a, 0xaf, 0x6, 0xff, 0xaa, 0x78, 0x24, 0x3f,
    0xce, 0x1f, 0xfc, 0x50,

    /* U+4E5F "也" */
    0xc, 0x85, 0xa1, 0xfc, 0xe1, 0x68, 0x7f, 0x38,
    0x5a, 0x7, 0xe, 0x70, 0xbb, 0xd6, 0x1c, 0xed,
    0xe9, 0x6, 0x19, 0xfa, 0x34, 0x2c, 0x2f, 0x58,
    0x5a, 0x16, 0x1c, 0xe1, 0x68, 0x58, 0x73, 0x85,
    0xa0, 0xa0, 0x73, 0x85, 0xb7, 0x7, 0x9c, 0x2d,
    0xd, 0x6, 0x70, 0xfe, 0xd0, 0xda, 0x1f, 0x38,
    0x75, 0xff, 0xc8,

    /* U+4E60 "习" */
    0xf, 0xfe, 0x1f, 0xff, 0xf0, 0x3, 0xff, 0x83,
    0x86, 0x83, 0xf6, 0x1a, 0xd0, 0xf6, 0x1c, 0xf0,
    0x76, 0x1f, 0x70, 0x6c, 0x3f, 0xf8, 0x38, 0x7e,
    0x7c, 0x98, 0x73, 0xf2, 0x16, 0x7, 0xe4, 0x39,
    0xc1, 0xa1, 0xf9, 0xc3, 0xff, 0x81, 0xc1, 0xfd,
    0x7c, 0x1f, 0xfc, 0x40,

    /* U+4E86 "了" */
    0xf, 0xfe, 0x1f, 0xff, 0xf0, 0x3, 0xfe, 0xb4,
    0x3f, 0xd6, 0x1f, 0xe7, 0x83, 0xfc, 0xe8, 0x7f,
    0xce, 0x1f, 0xfc, 0x7, 0xf, 0xfe, 0x3, 0x87,
    0xff, 0x1, 0xc3, 0xff, 0x80, 0xe1, 0xff, 0xc0,
    0x70, 0xff, 0xe0, 0x58, 0x7f, 0x3f, 0x21, 0xe0,

    /* U+4E8B "事" */
    0xf, 0xa8, 0x1f, 0xbf, 0xff, 0x84, 0x1f, 0xa8,
    0x1f, 0xef, 0xff, 0x21, 0xd8, 0x54, 0xa, 0x43,
    0xbf, 0xfc, 0x87, 0xf5, 0x3, 0xfa, 0xff, 0xf4,
    0x1f, 0xd4, 0xa, 0xc2, 0xff, 0xfe, 0x12, 0x1f,
    0x50, 0x26, 0xd, 0xff, 0xf4, 0x1f, 0xd4, 0x9,
    0x83, 0xef, 0x90, 0xf8,

    /* U+4E92 "互" */
    0x2f, 0xff, 0xe0, 0x41, 0xce, 0x1f, 0xfc, 0x27,
    0xf, 0xfe, 0x15, 0x3, 0xff, 0x85, 0x7f, 0xc8,
    0x7d, 0xa1, 0xd8, 0x7e, 0xc3, 0xd8, 0x7c, 0xe1,
    0xce, 0x1f, 0x58, 0x73, 0x87, 0xd7, 0xfd, 0x7,
    0xff, 0xa, 0x81, 0xff, 0xc2, 0xd0, 0xff, 0xe1,
    0x70, 0x77, 0xff, 0xf0, 0x80,

    /* U+4E94 "五" */
    0x7, 0xff, 0xf0, 0x3, 0xf5, 0x87, 0xff, 0xa,
    0x81, 0xff, 0xc2, 0xd0, 0xff, 0xe1, 0x68, 0x7f,
    0xdf, 0xfc, 0x87, 0xe7, 0xd, 0xa1, 0xf9, 0xc3,
    0x61, 0xfd, 0x40, 0xd8, 0x7f, 0x68, 0x6c, 0x3f,
    0xb0, 0xce, 0x1d, 0xff, 0xfc, 0x20, 0xff, 0xe2,
    0x80,

    /* U+4EBA "人" */
    0xf, 0xb8, 0x3f, 0xf8, 0x5c, 0x1f, 0xfc, 0x2d,
    0xf, 0xfe, 0x17, 0x7, 0xff, 0xb, 0xc1, 0xff,
    0xc1, 0x7c, 0x1f, 0xfc, 0x1a, 0x68, 0x7f, 0xf0,
    0x35, 0x61, 0xff, 0x38, 0x34, 0x3f, 0xdc, 0xb,
    0xf, 0xeb, 0xd, 0xc1, 0xf5, 0x87, 0xb4, 0x3a,
    0xd0, 0xf3, 0xc1, 0x78, 0x3f, 0xde, 0x2, 0x1f,
    0xfc, 0x4,

    /* U+4EC0 "什" */
    0xf, 0xfe, 0x46, 0x84, 0xe1, 0xf9, 0xc3, 0x38,
    0x7e, 0xe0, 0xce, 0x1f, 0x38, 0x73, 0x87, 0xde,
    0xe, 0x70, 0xf7, 0x67, 0xff, 0x81, 0x98, 0x75,
    0x87, 0xec, 0x39, 0xc3, 0xf6, 0x1c, 0xe1, 0xfb,
    0xe, 0x70, 0xfd, 0x87, 0x38, 0x7e, 0xc3, 0x9c,
    0x3f, 0x61, 0xce, 0x1f, 0xb0, 0xe7, 0xf, 0xfe,
    0x48,

    /* U+4ECB "介" */
    0xf, 0xd0, 0x7f, 0xf0, 0xbc, 0x1f, 0xfc, 0x1b,
    0xb0, 0xff, 0xac, 0x16, 0x87, 0xcf, 0x83, 0x3c,
    0x19, 0xb8, 0x3e, 0xf4, 0xe, 0x2, 0x1c, 0x8e,
    0x86, 0x70, 0xce, 0x1f, 0x9c, 0x33, 0x87, 0xe7,
    0xc, 0xe1, 0xfa, 0x81, 0x9c, 0x3f, 0x68, 0x67,
    0xf, 0xac, 0x39, 0xc3, 0xd6, 0x87, 0x38, 0x73,
    0x87, 0xce, 0x18,

    /* U+4ED4 "仔" */
    0xf, 0xfe, 0x46, 0x87, 0xff, 0x5, 0xcf, 0xfe,
    0xd, 0xa1, 0xf5, 0x86, 0x70, 0xfb, 0x83, 0xbc,
    0x1e, 0xd0, 0xeb, 0xc1, 0xce, 0x1e, 0xdc, 0x5e,
    0xd7, 0x6, 0xcf, 0xff, 0x21, 0x61, 0xce, 0x1f,
    0xb0, 0xe7, 0xf, 0xd8, 0x73, 0x87, 0xec, 0x39,
    0xc3, 0xf6, 0x12, 0xac, 0x3f, 0x61, 0x7c, 0x87,
    0x0,

    /* U+4ED8 "付" */
    0xf, 0xfe, 0x44, 0x87, 0xb0, 0xfb, 0xf, 0xb0,
    0xf5, 0x3, 0xec, 0x39, 0xcb, 0xff, 0x82, 0xf0,
    0x17, 0xda, 0x81, 0xf0, 0x7e, 0xc3, 0x66, 0x7,
    0xd, 0x87, 0xb0, 0xb4, 0x2c, 0x3d, 0x84, 0xe1,
    0x61, 0xec, 0x37, 0x3, 0xf, 0x61, 0xfb, 0xf,
    0x61, 0xfb, 0xf, 0x61, 0xf3, 0x87, 0xb0, 0xcf,
    0xd0, 0x40,

    /* U+4EE4 "令" */
    0xf, 0xc8, 0x7f, 0xf0, 0xac, 0x3f, 0xf8, 0x37,
    0xa0, 0xff, 0xbc, 0xb, 0xf, 0xcf, 0x8, 0x1e,
    0xc, 0xf9, 0x7, 0x1, 0xf2, 0xe, 0xe, 0xd0,
    0xac, 0x3f, 0xf8, 0xef, 0xff, 0x90, 0xff, 0xe0,
    0xf0, 0x7f, 0xf0, 0x78, 0x3f, 0xbc, 0xe, 0xf,
    0xfa, 0xf4, 0x1f, 0xfc, 0x17, 0xc1, 0xff, 0xc3,
    0xe0, 0xff, 0xe4, 0x80,

    /* U+4EE5 "以" */
    0xf, 0xfe, 0x2a, 0x1f, 0xb4, 0x27, 0x5, 0x3,
    0x68, 0x4e, 0x16, 0x85, 0xa1, 0x38, 0x4e, 0x16,
    0x19, 0xc3, 0x68, 0x30, 0xce, 0x1f, 0x38, 0x67,
    0xf, 0xa8, 0x19, 0xc3, 0xed, 0xc, 0xe1, 0x20,
    0x70, 0xe7, 0x2e, 0x7, 0x83, 0xaf, 0x41, 0x5d,
    0x86, 0xe0, 0xd6, 0xb, 0xf, 0x9f, 0x6, 0xb0,
    0xf7, 0x7, 0xb0, 0xff, 0xe2, 0x0,

    /* U+4EF6 "件" */
    0xf, 0xfe, 0x46, 0x4, 0x70, 0xfc, 0xe3, 0x8e,
    0x1f, 0xb4, 0xa0, 0xe1, 0xf3, 0x83, 0xff, 0x41,
    0x78, 0x70, 0x38, 0x7b, 0xe3, 0x40, 0xe1, 0xed,
    0xc4, 0x27, 0xf, 0xd8, 0x73, 0x87, 0xec, 0xff,
    0xf0, 0x6c, 0x39, 0xc3, 0xf6, 0x1c, 0xe1, 0xfb,
    0xe, 0x70, 0xfd, 0x87, 0x38, 0x7e, 0xc3, 0x9c,
    0x38,

    /* U+4EFF "仿" */
    0xc, 0x86, 0x50, 0x7e, 0x70, 0xce, 0x1f, 0xa8,
    0x1d, 0x87, 0xec, 0xff, 0xf0, 0x56, 0x2d, 0xaf,
    0x80, 0xf8, 0x36, 0x1f, 0xbe, 0x9, 0xc3, 0xf6,
    0xe1, 0x3f, 0xe0, 0xec, 0x2b, 0xd, 0x87, 0x61,
    0x50, 0x36, 0x1d, 0x85, 0xa1, 0x38, 0x76, 0x7,
    0xc, 0xe1, 0xd8, 0x38, 0x35, 0x3, 0xb2, 0xc3,
    0xb8, 0x3b, 0x30, 0x9f, 0x83, 0xff, 0x8e,

    /* U+4F17 "众" */
    0xf, 0xc8, 0x7f, 0xf0, 0xbc, 0x1f, 0xfc, 0x17,
    0xc8, 0x7f, 0xce, 0xd, 0xf, 0xeb, 0x9, 0xe0,
    0xf3, 0xe0, 0xf7, 0x90, 0xbc, 0xb0, 0x64, 0x7c,
    0x1d, 0xa1, 0xb4, 0x3f, 0x68, 0x6c, 0x3f, 0xbc,
    0x13, 0xa1, 0xf5, 0x58, 0x2f, 0x7, 0xda, 0x59,
    0x9a, 0x1d, 0x61, 0x34, 0x6, 0x84, 0xe1, 0x9c,
    0x27, 0x41, 0xa1, 0xb4, 0x33, 0x87, 0xff, 0x14,

    /* U+4F38 "伸" */
    0xf, 0xfe, 0x46, 0x1d, 0x87, 0xeb, 0xe, 0xc3,
    0xf6, 0xff, 0xf8, 0x2b, 0x34, 0xe, 0x16, 0x7,
    0xc6, 0x85, 0x85, 0x83, 0xb3, 0xff, 0xc0, 0x8c,
    0xe0, 0x38, 0x58, 0x6c, 0xd0, 0xb0, 0xb0, 0xd9,
    0xa0, 0x70, 0xb0, 0xd9, 0xff, 0xe0, 0xd8, 0x86,
    0xc2, 0x43, 0x61, 0xec, 0x3f, 0x61, 0xec, 0x3f,
    0x61, 0xec, 0x38,

    /* U+4F4F "住" */
    0xf, 0xfe, 0x46, 0x85, 0xa1, 0xf9, 0xc3, 0x58,
    0x7e, 0xe0, 0xcc, 0x1f, 0x39, 0x7f, 0xf0, 0x5e,
    0xe, 0x70, 0xf7, 0xc1, 0xce, 0x1e, 0x8c, 0x39,
    0xc3, 0xf6, 0xf, 0xfc, 0x86, 0xc0, 0xb5, 0xac,
    0x1d, 0x87, 0x38, 0x7e, 0xc3, 0x9c, 0x3f, 0x61,
    0xce, 0x1f, 0xb0, 0xeb, 0xf, 0xd9, 0xff, 0xe4,

    /* U+4F5C "作" */
    0xc, 0x84, 0x87, 0xfd, 0xa0, 0xc3, 0xfc, 0xe0,
    0x70, 0xff, 0x68, 0x3f, 0xf2, 0x7, 0x3, 0x9a,
    0x1f, 0x78, 0x1a, 0x68, 0x7b, 0xe2, 0x80, 0xd0,
    0xf6, 0x64, 0x17, 0xf8, 0x36, 0x1d, 0xa1, 0xfb,
    0xe, 0xd0, 0xfd, 0x87, 0x7f, 0x83, 0x61, 0xda,
    0x1f, 0xb0, 0xed, 0xf, 0xd8, 0x76, 0x87, 0xec,
    0x3b, 0x43, 0x80,

    /* U+4F60 "你" */
    0xf, 0xfe, 0x46, 0x94, 0xf, 0xf3, 0x83, 0x43,
    0xfd, 0xa0, 0xd0, 0xfe, 0x70, 0x5f, 0xf9, 0x7,
    0x81, 0x85, 0x85, 0x83, 0xe2, 0x81, 0x61, 0x63,
    0x38, 0x48, 0x31, 0x41, 0xd8, 0x5a, 0x63, 0x87,
    0x60, 0x70, 0x60, 0xd0, 0xd8, 0x28, 0xc, 0xe,
    0x1b, 0x1c, 0x2c, 0x2c, 0x36, 0x28, 0x2c, 0x28,
    0x36, 0x1e, 0xc3, 0xf6, 0x1a, 0xf0, 0x7f, 0xf2,
    0x40,

    /* U+4F73 "佳" */
    0xd, 0x86, 0x60, 0xfc, 0xe1, 0xac, 0x3f, 0x69,
    0xff, 0x90, 0x9c, 0x39, 0x83, 0xef, 0x7, 0x30,
    0x7a, 0xf1, 0x7f, 0xf0, 0x37, 0xf, 0xfe, 0x13,
    0x87, 0x30, 0x7c, 0xe1, 0xd6, 0x1f, 0x38, 0xff,
    0xe8, 0x27, 0xe, 0x60, 0xf9, 0xc3, 0x98, 0x3e,
    0x71, 0x75, 0xae, 0x9, 0xcf, 0xff, 0x20,

    /* U+4F8B "例" */
    0xf, 0xfe, 0x37, 0x7f, 0x4, 0xe0, 0x60, 0x68,
    0x58, 0xe0, 0xd0, 0x61, 0xb1, 0xc7, 0x3, 0xac,
    0x63, 0x9e, 0x5, 0xdc, 0x63, 0xd3, 0x6, 0x9,
    0x31, 0xc1, 0x8e, 0xd, 0x31, 0xc1, 0xba, 0x8c,
    0x18, 0xe0, 0xc4, 0xf4, 0xc, 0x70, 0x61, 0xb4,
    0x18, 0xe0, 0xc2, 0x70, 0xe7, 0x6, 0x16, 0x87,
    0x38, 0x30, 0x70, 0x79, 0xc1, 0x8c, 0x1d, 0x79,
    0xf, 0xfe, 0x18,

    /* U+4FDD "保" */
    0xc, 0x87, 0xff, 0xf, 0x3f, 0xf2, 0x1a, 0x86,
    0x87, 0x68, 0x6c, 0x18, 0x7b, 0x42, 0xf0, 0x30,
    0xf6, 0x82, 0xf0, 0x3f, 0xf2, 0x3b, 0x87, 0x38,
    0x79, 0x30, 0xe7, 0xf, 0xd9, 0xff, 0xe0, 0xd8,
    0xb5, 0xf2, 0xc1, 0xb0, 0xdd, 0xc8, 0x7b, 0xb,
    0x9c, 0xd0, 0xec, 0x78, 0x71, 0xd0, 0xdb, 0xa0,
    0x70, 0xb4, 0x2c, 0x39, 0xc3, 0x80,

    /* U+5019 "候" */
    0x9, 0x41, 0xff, 0xc2, 0xd0, 0x5f, 0xd0, 0x76,
    0x1f, 0xa8, 0x1a, 0x81, 0xfb, 0x43, 0x69, 0xb5,
    0xde, 0x81, 0x60, 0xc7, 0x5f, 0x3, 0xc0, 0xc1,
    0x87, 0xcd, 0x83, 0x2f, 0xf4, 0x16, 0xd, 0xc1,
    0x87, 0xd8, 0x31, 0x6, 0x1f, 0x60, 0xef, 0xfc,
    0x16, 0xc, 0x27, 0x83, 0xd8, 0x7b, 0xb4, 0x3b,
    0xc, 0xf0, 0x39, 0xb, 0xa, 0x81, 0xce, 0x1f,
    0xfc, 0x50,

    /* U+503E "倾" */
    0xb, 0xf, 0xfe, 0x1e, 0x1b, 0xfe, 0xa, 0x86,
    0x19, 0xc3, 0xda, 0x61, 0xa8, 0x1c, 0xe0, 0xc1,
    0x7f, 0x20, 0xf0, 0x3e, 0xa0, 0x5a, 0x53, 0x6,
    0xa, 0x19, 0x24, 0x60, 0xc1, 0x43, 0x24, 0x2c,
    0x18, 0x28, 0x64, 0x85, 0x83, 0x5, 0xc, 0x90,
    0xb0, 0x77, 0x46, 0x24, 0x2c, 0x78, 0x54, 0x90,
    0x6c, 0x3e, 0xd8, 0x3b, 0xe, 0x74, 0x74, 0x2c,
    0x33, 0x7, 0x41, 0xff, 0xc5,

    /* U+505A "做" */
    0xf, 0xfe, 0x3e, 0x92, 0x7, 0xf, 0xb0, 0x48,
    0x28, 0x1e, 0xa0, 0x38, 0x14, 0xf, 0x6f, 0xf5,
    0xfc, 0xb, 0x41, 0x23, 0x83, 0x3, 0xe4, 0x12,
    0x58, 0x30, 0x6e, 0x82, 0x4e, 0x4c, 0x36, 0xaf,
    0xca, 0x98, 0x36, 0xa8, 0x18, 0x3c, 0x86, 0xd5,
    0x3, 0x7, 0x83, 0xb5, 0x40, 0xc1, 0xe0, 0xed,
    0x5f, 0x87, 0xc8, 0x6d, 0x52, 0xec, 0x1a, 0x16,
    0xb0, 0x18, 0x36, 0x1f, 0xfc, 0x50,

    /* U+505C "停" */
    0xf, 0xfe, 0x46, 0x19, 0xc3, 0xf3, 0xdf, 0xfc,
    0x85, 0xa1, 0xff, 0xc1, 0x70, 0x3f, 0xf0, 0x6f,
    0x1, 0x83, 0xb0, 0xbe, 0x3, 0xff, 0x5, 0xb8,
    0x7f, 0xf0, 0xf3, 0xff, 0xc8, 0x59, 0x87, 0xe9,
    0xb, 0x29, 0xff, 0x28, 0x2c, 0x39, 0xc3, 0xf6,
    0x1c, 0xe1, 0xfb, 0xe, 0x70, 0xfd, 0x85, 0x7a,
    0xf, 0xfe, 0x48,

    /* U+50CF "像" */
    0xf, 0xfe, 0x46, 0x8e, 0x1f, 0xe7, 0x7, 0xf2,
    0x1e, 0xd3, 0x41, 0x40, 0xf3, 0xbf, 0xfe, 0x3,
    0xe1, 0xc0, 0xc0, 0x70, 0x7c, 0xe, 0x9e, 0xa7,
    0x81, 0x18, 0x4f, 0x7, 0xf6, 0xb, 0x74, 0x14,
    0xd, 0x92, 0x3e, 0xb8, 0x3b, 0x3, 0xc7, 0x50,
    0x76, 0x70, 0x3d, 0x18, 0x76, 0x15, 0x94, 0x1c,
    0x36, 0x79, 0x6, 0x81, 0x82, 0xc4, 0x17, 0x7,
    0x0,

    /* U+5148 "先" */
    0xd, 0x2, 0x81, 0xfe, 0x70, 0x50, 0x3f, 0xdf,
    0xff, 0x6, 0x70, 0xa8, 0x1f, 0xda, 0x15, 0x3,
    0xfa, 0xd, 0x40, 0xfc, 0xbe, 0xa2, 0xf8, 0x1f,
    0xff, 0xc2, 0xf, 0x68, 0x28, 0x1f, 0xec, 0x2a,
    0x7, 0xf5, 0x2, 0xa0, 0x7e, 0x74, 0x2a, 0x5,
    0x84, 0xe8, 0x6b, 0xb, 0x7, 0x90, 0xf7, 0xe8,
    0x3f, 0xf8, 0xa0,

    /* U+5149 "光" */
    0xf, 0xa8, 0x1f, 0xd4, 0xa, 0x81, 0x50, 0x3b,
    0x41, 0x40, 0xb0, 0xf3, 0x82, 0x80, 0xa0, 0x7d,
    0x82, 0x80, 0x83, 0xfe, 0xa0, 0x7e, 0xff, 0xfe,
    0x10, 0x7b, 0x41, 0x40, 0xff, 0x61, 0x50, 0x3f,
    0x9c, 0x2a, 0x7, 0xf7, 0x5, 0x40, 0x90, 0xd6,
    0x1a, 0x81, 0x68, 0xf8, 0x3a, 0x81, 0x60, 0xe0,
    0xf3, 0xfa, 0xf, 0xfe, 0x28,

    /* U+514B "克" */
    0xf, 0xa8, 0x1f, 0xbf, 0xff, 0x84, 0x1f, 0xa8,
    0x1f, 0xfc, 0x2a, 0x7, 0xfb, 0xff, 0xc1, 0xec,
    0x3f, 0x61, 0xec, 0x3f, 0x61, 0xec, 0x3f, 0x61,
    0xef, 0xff, 0x7, 0xee, 0x6, 0x87, 0xfb, 0x41,
    0xa1, 0xfd, 0x61, 0x68, 0x5a, 0x7, 0xc1, 0xb4,
    0x2c, 0x1e, 0x43, 0xaf, 0xd0, 0x7f, 0xf1, 0x40,

    /* U+5154 "兔" */
    0xf, 0xfe, 0x45, 0x87, 0xff, 0xb, 0xfc, 0x87,
    0xed, 0xa, 0xc3, 0xf7, 0x82, 0x74, 0x3e, 0xff,
    0xfe, 0x8, 0x4e, 0x85, 0xa1, 0x38, 0x6d, 0xb,
    0xc, 0xe1, 0xb4, 0xe, 0x19, 0xc3, 0x7f, 0xff,
    0x0, 0x3f, 0x6e, 0x28, 0x3f, 0xac, 0xc1, 0xc1,
    0xf5, 0x83, 0xa, 0x30, 0xae, 0xb, 0x42, 0x70,
    0x72, 0x1a, 0xfe, 0x83, 0xff, 0x8a,

    /* U+5165 "入" */
    0xf, 0xfe, 0x4e, 0x1f, 0xfc, 0x3b, 0xf, 0xfe,
    0x1d, 0x87, 0xff, 0xf, 0x83, 0xff, 0x85, 0xe0,
    0xff, 0xe0, 0xbd, 0x87, 0xff, 0x2, 0xcd, 0xf,
    0xfb, 0x4b, 0xf, 0xf5, 0x85, 0xc1, 0xfd, 0xa1,
    0x38, 0x7e, 0xf0, 0x77, 0x83, 0xde, 0xf, 0xb8,
    0x27, 0xc1, 0xf9, 0xf0, 0x38, 0x3f, 0xec, 0x3f,
    0xf8, 0xa0,

    /* U+5171 "共" */
    0xc, 0xe1, 0xa8, 0x1f, 0x9c, 0x35, 0x3, 0xf3,
    0x86, 0xa0, 0x73, 0xff, 0xfc, 0x10, 0xe7, 0xd,
    0x40, 0xfc, 0xe1, 0xa8, 0x1f, 0x9c, 0x35, 0x3,
    0xf3, 0x86, 0xa0, 0x77, 0xff, 0xf0, 0x90, 0xff,
    0xe4, 0xe8, 0x5a, 0x1f, 0xb8, 0x33, 0xc1, 0xcf,
    0x7, 0xde, 0xa, 0xd0, 0xfe, 0xf0, 0x7f, 0xf1,
    0x40,

    /* U+5185 "内" */
    0xf, 0x38, 0x7f, 0xf0, 0x1c, 0x3e, 0xff, 0xfe,
    0xb, 0xae, 0xb5, 0xd6, 0xe1, 0xa8, 0x19, 0xdc,
    0x37, 0x6, 0x77, 0xd, 0xf0, 0x4e, 0xe1, 0x71,
    0x60, 0x77, 0x5, 0x85, 0x63, 0xb9, 0xe0, 0xeb,
    0x77, 0x20, 0xf9, 0x5b, 0x87, 0xf9, 0xdc, 0x3f,
    0xd6, 0xe1, 0xfb, 0xe4,

    /* U+518D "再" */
    0x2f, 0xff, 0xe0, 0x87, 0xeb, 0xf, 0xfe, 0x13,
    0x87, 0xfb, 0xff, 0xd0, 0x76, 0x15, 0x85, 0x40,
    0xec, 0x27, 0xa, 0x81, 0xdf, 0xfe, 0x83, 0xb0,
    0xac, 0x2a, 0x7, 0x61, 0x38, 0x54, 0xb, 0xff,
    0xf8, 0x50, 0x1c, 0x3f, 0x50, 0x3b, 0xf, 0xd4,
    0xe, 0xc3, 0xf5, 0x3, 0xb0, 0xf7, 0xc8, 0x0,

    /* U+5199 "写" */
    0xff, 0xfe, 0xb, 0xa2, 0x83, 0xed, 0xd2, 0x81,
    0xf6, 0x85, 0xc1, 0xff, 0xc0, 0xff, 0xc8, 0x76,
    0x1f, 0xfc, 0x7, 0xf, 0xfe, 0x5, 0xff, 0xc1,
    0xff, 0xc0, 0xa0, 0x7f, 0xf0, 0x28, 0xb, 0xff,
    0x1a, 0x1f, 0xfc, 0xc, 0x3f, 0xf8, 0xe, 0x1f,
    0xd7, 0xc8, 0x7f, 0xf1, 0x40,

    /* U+51C6 "准" */
    0xf, 0x90, 0x21, 0xec, 0x33, 0x83, 0xf, 0x58,
    0x52, 0xa, 0x7, 0xb4, 0x1f, 0xfc, 0x15, 0x96,
    0x16, 0x87, 0xf7, 0x82, 0xd0, 0xfd, 0xd8, 0x5a,
    0x1f, 0x31, 0xff, 0xa0, 0xfb, 0xb, 0x43, 0xec,
    0x18, 0x5a, 0x1e, 0xb0, 0x7f, 0xe8, 0x2d, 0x6,
    0x16, 0x87, 0x58, 0x58, 0x5a, 0x1d, 0xa1, 0x7f,
    0xf2, 0x1e, 0xc3, 0xf8,

    /* U+51E0 "几" */
    0xd, 0xff, 0x83, 0xf6, 0x86, 0xb0, 0xfd, 0xa1,
    0x9c, 0x3f, 0x68, 0x67, 0xf, 0xda, 0x19, 0xc3,
    0xf6, 0x86, 0x70, 0xfd, 0x87, 0x38, 0x7e, 0xc3,
    0x9c, 0x3e, 0x70, 0xe7, 0xf, 0xac, 0x39, 0xc3,
    0xed, 0xe, 0x70, 0x68, 0x1c, 0x3c, 0xe0, 0xd1,
    0xd0, 0xf3, 0x83, 0x6, 0x87, 0xef, 0xa0, 0xff,
    0xe2, 0x80,

    /* U+51FA "出" */
    0xf, 0x68, 0x7d, 0x40, 0xb4, 0x27, 0x5, 0x2,
    0xd0, 0x9c, 0x14, 0xb, 0x42, 0x70, 0x50, 0x2d,
    0x9, 0xc1, 0x7f, 0xfc, 0x12, 0xee, 0x5e, 0x4,
    0x1b, 0x43, 0x4a, 0xc3, 0x68, 0x6a, 0x38, 0x6d,
    0xd, 0x47, 0xd, 0xa1, 0xa8, 0xe1, 0xb4, 0x35,
    0x1f, 0xff, 0xe0, 0x41, 0xff, 0xc0, 0xe0,

    /* U+51FB "击" */
    0xf, 0x50, 0x3f, 0xf8, 0x14, 0xf, 0xaf, 0xff,
    0x83, 0xea, 0x7, 0xff, 0x2, 0x81, 0xff, 0xc0,
    0xb0, 0xf7, 0xff, 0xf0, 0x83, 0xd4, 0xf, 0xa8,
    0x15, 0x2, 0xa0, 0x28, 0x15, 0x2, 0xa0, 0x28,
    0x15, 0x2, 0xa0, 0x28, 0x15, 0x2, 0xa0, 0x2f,
    0xff, 0x41, 0xff, 0xc0, 0xa0,

    /* U+521A "刚" */
    0xff, 0xc1, 0xb7, 0x43, 0xb0, 0x66, 0xe8, 0x59,
    0x83, 0x37, 0x70, 0x66, 0xc, 0xdd, 0x53, 0x18,
    0x33, 0x74, 0xf2, 0x60, 0xcd, 0xd1, 0xc1, 0x83,
    0x37, 0x47, 0x6, 0xc, 0xdd, 0x3a, 0x18, 0x33,
    0x75, 0x46, 0x60, 0xcd, 0xdd, 0x27, 0xd, 0xbd,
    0x3, 0x61, 0xb7, 0x43, 0xb0, 0xdb, 0xa1, 0x7a,
    0x5, 0xe0, 0xff, 0xe1, 0x80,

    /* U+522B "别" */
    0x1f, 0xf0, 0x73, 0x8e, 0x1b, 0x4, 0x7, 0x1c,
    0x36, 0xc, 0xe, 0x38, 0x6c, 0x18, 0x1c, 0x7a,
    0xd8, 0x30, 0x38, 0x1a, 0x94, 0xc, 0xe, 0x1b,
    0xe, 0xc0, 0xe5, 0x3e, 0xa2, 0x60, 0x71, 0x6d,
    0x5a, 0x60, 0x70, 0x98, 0x18, 0x30, 0x38, 0x5a,
    0xc, 0x39, 0xc0, 0xe1, 0x61, 0xce, 0x3a, 0x36,
    0x1c, 0xe6, 0x83, 0xc8, 0x5f, 0x21, 0xff, 0xc3,

    /* U+5230 "到" */
    0x3f, 0xf2, 0x16, 0x85, 0x40, 0xec, 0x1a, 0x16,
    0xa, 0x3, 0x6, 0x82, 0x81, 0x60, 0xc1, 0xa3,
    0xff, 0x18, 0x34, 0xb, 0x5, 0x18, 0x34, 0x33,
    0x86, 0xc1, 0xa0, 0x55, 0xac, 0x60, 0xd1, 0xff,
    0x8c, 0x1a, 0x19, 0xc3, 0x60, 0xd0, 0xce, 0x1a,
    0x6, 0x86, 0x7b, 0xc1, 0xb4, 0xbe, 0xa2, 0x1d,
    0xa2, 0x83, 0xf7, 0xc1, 0xff, 0xc4,

    /* U+524D "前" */
    0xc, 0x87, 0x90, 0xfd, 0xa1, 0xda, 0x1f, 0x58,
    0x6b, 0xe, 0xff, 0xfe, 0x10, 0x7f, 0xf4, 0xa0,
    0xdf, 0xd0, 0xe0, 0xc3, 0x61, 0x30, 0xe0, 0xc3,
    0x75, 0x70, 0xe0, 0xc3, 0x6b, 0x50, 0x70, 0x61,
    0xb0, 0x98, 0x70, 0x61, 0xbf, 0xa1, 0xc1, 0x86,
    0xc2, 0x60, 0x20, 0xc3, 0x61, 0x50, 0x33, 0x86,
    0xc7, 0xc8, 0x1f, 0x41, 0xff, 0xc6,

    /* U+529B "力" */
    0xf, 0x61, 0xff, 0xc1, 0xc3, 0xff, 0x83, 0x87,
    0xcf, 0xff, 0xf0, 0x21, 0x75, 0xaf, 0x50, 0x39,
    0xc3, 0xa8, 0x1d, 0x40, 0xed, 0xe, 0xd0, 0xed,
    0xc, 0xe1, 0xed, 0xd, 0xc1, 0xec, 0x37, 0x83,
    0xec, 0x2b, 0xf, 0x9c, 0x1e, 0xf, 0xdc, 0x58,
    0x7b, 0xf0, 0x7f, 0xf1, 0x0,

    /* U+529F "功" */
    0xf, 0xf6, 0x1e, 0xae, 0x42, 0xc3, 0xca, 0xe5,
    0x5, 0x87, 0xe9, 0x7, 0xfe, 0xd, 0x21, 0x9c,
    0xe, 0x1a, 0x43, 0x30, 0x58, 0x69, 0xd, 0x40,
    0xb0, 0xd2, 0x1b, 0x42, 0xc3, 0x51, 0x81, 0x84,
    0xe1, 0x3f, 0x43, 0x84, 0xe0, 0xf2, 0x1b, 0x42,
    0x70, 0xfd, 0x61, 0xa8, 0x1f, 0x78, 0x3b, 0x43,
    0xd4, 0xa, 0xf8, 0x3f, 0xf8, 0xc0,

    /* U+52A0 "加" */
    0xb, 0x43, 0xff, 0x83, 0xa1, 0xff, 0xc1, 0xd0,
    0xdf, 0xe3, 0xfe, 0x30, 0x9c, 0x2c, 0xe, 0x61,
    0x38, 0x58, 0x1c, 0xc2, 0x70, 0xb0, 0x39, 0x84,
    0xe1, 0x60, 0x73, 0x9, 0xc0, 0xe0, 0x73, 0x9,
    0xc1, 0x40, 0x31, 0x84, 0xe0, 0xd0, 0x50, 0xc2,
    0x71, 0xc2, 0xa1, 0xa0, 0xb3, 0x82, 0xd3, 0xfc,
    0xe0, 0xf8, 0x18, 0x4c, 0x1f, 0xfc, 0x30,

    /* U+52A8 "动" */
    0xf, 0xf4, 0x87, 0x5f, 0xd0, 0x34, 0x3f, 0xf8,
    0x5a, 0x1f, 0xfc, 0xa, 0x7a, 0xa0, 0xfe, 0xa7,
    0x56, 0xf, 0xf8, 0x1a, 0xc, 0x36, 0x1e, 0xc2,
    0xc2, 0x70, 0x21, 0x61, 0x61, 0x50, 0x18, 0x1c,
    0x2c, 0x2c, 0x29, 0x28, 0x7, 0x3, 0xb7, 0xc6,
    0x81, 0xc1, 0xe9, 0x6, 0xe1, 0x50, 0x3f, 0xb4,
    0x2d, 0xf, 0xcc, 0x5f, 0x7, 0xff, 0x18,

    /* U+52A9 "助" */
    0x7, 0xf0, 0x52, 0x1d, 0x85, 0x85, 0xa1, 0xd8,
    0x58, 0x5a, 0x1d, 0x85, 0xbf, 0xf0, 0x3f, 0x85,
    0x73, 0x60, 0xc2, 0xc2, 0xc2, 0xc1, 0x85, 0x85,
    0x85, 0x83, 0xf8, 0x2c, 0xe, 0xc, 0x2c, 0x14,
    0x3, 0x83, 0xb, 0x6, 0x81, 0xc1, 0xaa, 0xf3,
    0x84, 0xc7, 0xd2, 0xd, 0xa, 0x82, 0x1d, 0xc1,
    0xb4, 0x3d, 0x40, 0x3f, 0x7, 0xff, 0x10,

    /* U+52B1 "励" */
    0x7, 0xfc, 0x98, 0x7b, 0xf, 0xd8, 0x7b, 0xf,
    0xd8, 0x7b, 0xae, 0x41, 0xa1, 0xdd, 0x3a, 0x37,
    0xf0, 0x58, 0x30, 0xec, 0x18, 0x58, 0x3e, 0x41,
    0x83, 0xb, 0x6, 0x48, 0xe0, 0xc0, 0xe3, 0x1a,
    0x30, 0x30, 0x39, 0x26, 0x9, 0x6, 0x6, 0x34,
    0xc1, 0x85, 0x82, 0x4c, 0x18, 0xe0, 0x70, 0x6d,
    0x1, 0x9a, 0xa, 0x3, 0x32, 0xea, 0x2f, 0x7,
    0xff, 0x18,

    /* U+52C7 "勇" */
    0xf, 0xfe, 0x2f, 0xff, 0xc1, 0xf4, 0x82, 0xe0,
    0xfc, 0xd3, 0xd0, 0x7a, 0xff, 0xf4, 0x14, 0x85,
    0x40, 0xa8, 0x15, 0xff, 0xe8, 0x29, 0xa, 0x81,
    0x50, 0x2b, 0xff, 0xd0, 0x52, 0x12, 0x82, 0x60,
    0xfd, 0xa1, 0xf3, 0xff, 0xfc, 0x0, 0xfb, 0x43,
    0x38, 0x66, 0xd0, 0xea, 0x3, 0xd2, 0x19, 0xf8,
    0x3f, 0xf8, 0xa0,

    /* U+5355 "单" */
    0xc, 0x87, 0x90, 0xfd, 0xc1, 0x9c, 0x3f, 0xb4,
    0x2e, 0xf, 0x5f, 0xfe, 0x83, 0x50, 0x2a, 0x5,
    0x61, 0xa8, 0x15, 0x2, 0x70, 0xd7, 0xff, 0xc1,
    0xa8, 0x15, 0x2, 0x70, 0xd4, 0xa, 0x81, 0x38,
    0x6b, 0xff, 0xd0, 0x7f, 0x50, 0x3f, 0x7f, 0xff,
    0x8, 0x3f, 0x50, 0x3f, 0xf8, 0x54, 0xf, 0xfe,
    0x15, 0x3, 0xe0,

    /* U+5361 "卡" */
    0xf, 0xb4, 0x3f, 0xf8, 0x5a, 0x1f, 0xfc, 0x2f,
    0xf4, 0x1f, 0xda, 0x1f, 0xfc, 0x2d, 0xf, 0xcb,
    0xee, 0x5f, 0x3, 0xff, 0xf8, 0x41, 0xfb, 0x43,
    0xff, 0x85, 0xa8, 0x3f, 0xf8, 0x3b, 0x72, 0x1f,
    0xed, 0x5, 0xe0, 0xfe, 0xd0, 0xc8, 0x7f, 0x68,
    0x7f, 0xf0, 0xb4, 0x3e,

    /* U+5374 "却" */
    0xd, 0x21, 0x3f, 0xc1, 0xa4, 0x27, 0x3, 0x97,
    0xf8, 0x70, 0xb0, 0xdc, 0x13, 0x85, 0x86, 0x90,
    0x9c, 0x2c, 0x37, 0x4, 0xe1, 0x67, 0xfc, 0xac,
    0x2c, 0x27, 0xc, 0xe1, 0x61, 0x50, 0x80, 0xe1,
    0x61, 0x60, 0xd1, 0xc2, 0xc1, 0x40, 0x38, 0xe2,
    0xb1, 0xe9, 0xf2, 0xb3, 0xc9, 0x72, 0x9, 0x58,
    0x7f, 0xf0, 0x5c, 0x30,

    /* U+538B "压" */
    0x7, 0xff, 0xf0, 0x42, 0xc3, 0xff, 0x87, 0x87,
    0x90, 0xfd, 0x87, 0x50, 0x3f, 0x61, 0xd4, 0xf,
    0xd8, 0x75, 0x3, 0xf6, 0x7f, 0xf9, 0xb, 0xe,
    0xa0, 0x7c, 0xe1, 0xd4, 0x20, 0xe7, 0xe, 0xa0,
    0xe1, 0x98, 0x3a, 0x80, 0x70, 0xa4, 0x3a, 0x81,
    0xf6, 0x2f, 0x5a, 0xf0, 0xe5, 0xff, 0xf0, 0x7f,
    0xf1, 0x40,

    /* U+53CA "及" */
    0x2f, 0xfe, 0xf, 0xee, 0x9, 0xc3, 0xfb, 0x82,
    0x60, 0xfe, 0xf0, 0x54, 0xf, 0xef, 0x5, 0xfc,
    0x87, 0x7a, 0xe, 0x70, 0xf6, 0xe1, 0xd6, 0x1c,
    0xe5, 0x3, 0x68, 0x75, 0x1, 0xa0, 0xa0, 0x7b,
    0x40, 0xed, 0x87, 0xac, 0x33, 0xe0, 0xf3, 0xa1,
    0x3f, 0x83, 0xb8, 0xf, 0xa0, 0x5e, 0x41, 0x1,
    0xd0, 0xf5, 0x87, 0xff, 0x14,

    /* U+53CB "友" */
    0xe, 0xa0, 0x7f, 0xf0, 0xa4, 0x3f, 0xdf, 0xff,
    0xc2, 0xf, 0x68, 0x7f, 0xf0, 0xb0, 0xff, 0xe1,
    0x3a, 0xf8, 0x3f, 0x5f, 0xf8, 0x3e, 0xf4, 0x1a,
    0x81, 0xe7, 0x30, 0xd8, 0x7d, 0xc3, 0x83, 0x83,
    0xce, 0x15, 0xd8, 0x7d, 0xc1, 0xbc, 0x87, 0xbc,
    0x15, 0xcf, 0x90, 0xd0, 0x3d, 0x6, 0x7e, 0xe,
    0x43, 0xf9, 0x0,

    /* U+53CC "双" */
    0xf, 0xfe, 0x2f, 0xf8, 0xff, 0x41, 0xf6, 0x50,
    0x2d, 0xf, 0x38, 0xc1, 0x68, 0x28, 0xa, 0x3,
    0xb, 0xd, 0xc6, 0x83, 0x3, 0x87, 0x6e, 0x14,
    0x9a, 0x1c, 0xf8, 0x27, 0x70, 0xfb, 0xc1, 0xbd,
    0x7, 0x9f, 0x21, 0x58, 0x7d, 0xab, 0x3, 0xe4,
    0x3a, 0xc1, 0x83, 0x9c, 0x35, 0x86, 0x78, 0x16,
    0x83, 0xc, 0xe8, 0x6b, 0xf, 0xfe, 0x28,

    /* U+53D1 "发" */
    0xf, 0x94, 0x1f, 0xea, 0x3, 0x41, 0xc1, 0xed,
    0x6, 0x1b, 0x43, 0x38, 0x1c, 0x3f, 0xdf, 0xff,
    0xc1, 0x9, 0xb, 0x83, 0xff, 0x82, 0xe1, 0xff,
    0xc2, 0xbf, 0xe4, 0x3e, 0xf2, 0x13, 0x87, 0xde,
    0xa0, 0x5a, 0x1e, 0xb0, 0x69, 0x61, 0xeb, 0x42,
    0xf8, 0x3d, 0x68, 0x6f, 0x83, 0xd8, 0x4d, 0xc5,
    0xc8, 0x7b, 0xd0, 0x75, 0xe0, 0xff, 0xe2, 0x80,

    /* U+53D7 "受" */
    0xf, 0xfe, 0x52, 0xd4, 0xf4, 0x15, 0xfe, 0xa2,
    0x83, 0xe8, 0x2d, 0xb, 0x43, 0xb4, 0x14, 0x3,
    0x87, 0x98, 0xc, 0xd, 0xd, 0xff, 0xfc, 0x20,
    0x68, 0x7f, 0x9c, 0x18, 0x7f, 0xf0, 0x30, 0x27,
    0xff, 0x42, 0x1d, 0xa1, 0x9c, 0x3f, 0x38, 0x6e,
    0xf, 0xe7, 0x57, 0x7, 0xfd, 0x7a, 0xf, 0xe6,
    0xf2, 0xbd, 0x21, 0xbe, 0x83, 0xd7, 0xc1, 0xff,
    0xc5,

    /* U+53E3 "口" */
    0xff, 0xfe, 0x1, 0xa1, 0xf9, 0xcd, 0xf, 0xce,
    0x68, 0x7e, 0x73, 0x43, 0xf3, 0x9a, 0x1f, 0x9c,
    0xd0, 0xfc, 0xe6, 0x87, 0xe7, 0x34, 0x3f, 0x39,
    0xa1, 0xf9, 0xcf, 0xff, 0xe0, 0x1a, 0xff, 0xb3,
    0x43, 0xfb, 0x0,

    /* U+53E5 "句" */
    0xf, 0xfe, 0x3d, 0x3, 0xff, 0x83, 0xa1, 0xff,
    0xc0, 0xbf, 0xfe, 0xb, 0x43, 0xf3, 0x83, 0x83,
    0xf9, 0xcb, 0x7f, 0xc1, 0x39, 0x83, 0x9, 0xc2,
    0xa0, 0x6c, 0x36, 0x15, 0x3, 0x61, 0xb0, 0xa8,
    0x1b, 0xd, 0x85, 0x40, 0xdf, 0xe0, 0xb4, 0x36,
    0x1f, 0xb4, 0x3f, 0x90, 0x58, 0x7f, 0xbf, 0x21,
    0xff, 0xc4,

    /* U+53EA "只" */
    0xf, 0xfe, 0x33, 0xff, 0xf0, 0x67, 0xf, 0xce,
    0x19, 0xc3, 0xf3, 0x86, 0x70, 0xfc, 0xe1, 0x9c,
    0x3f, 0x38, 0x67, 0xf, 0xce, 0x19, 0xff, 0xf8,
    0x3f, 0xf9, 0x68, 0x64, 0x3f, 0x9d, 0xa, 0xc3,
    0xe7, 0x43, 0xad, 0xd, 0x68, 0x7c, 0xe8, 0x2c,
    0x3f, 0xce, 0x1f, 0xfc, 0x50,

    /* U+53EB "叫" */
    0xf, 0xfe, 0x6, 0xaf, 0xe1, 0xc2, 0xd5, 0x81,
    0xc7, 0xb, 0x56, 0x16, 0x38, 0x5a, 0xb0, 0xb1,
    0xc2, 0xd5, 0x85, 0x8e, 0x16, 0xac, 0x2c, 0x70,
    0xb5, 0x61, 0x63, 0x85, 0xab, 0xb, 0x1c, 0x2d,
    0x5f, 0xc5, 0xdf, 0x2b, 0xe, 0xf2, 0xd, 0x20,
    0xff, 0x68, 0x7f, 0xf0, 0x34, 0x3f, 0xf8, 0x1a,

    /* U+53EE "叮" */
    0xf, 0xfe, 0x1f, 0xf3, 0xff, 0x8d, 0x1c, 0x3b,
    0xd, 0x85, 0x87, 0x61, 0xb0, 0xb0, 0xec, 0x36,
    0x16, 0x1d, 0x86, 0xc2, 0xc3, 0xb0, 0xd8, 0x58,
    0x76, 0x1b, 0xb, 0xe, 0xc3, 0x7f, 0x7, 0x61,
    0xb4, 0x3f, 0x61, 0xa0, 0xfe, 0xc3, 0xfe, 0x47,
    0xf, 0xfb, 0xe8, 0x30,

    /* U+53EF "可" */
    0xf, 0xfe, 0x2f, 0xff, 0xf0, 0x83, 0xff, 0x83,
    0x87, 0xff, 0xf, 0xe, 0x7f, 0xc1, 0x61, 0xce,
    0x13, 0x85, 0x87, 0x30, 0x6c, 0x2c, 0x39, 0x83,
    0x61, 0x61, 0xcc, 0x1b, 0xb, 0xe, 0x7f, 0xc1,
    0x61, 0xce, 0x1f, 0xb0, 0xff, 0xe1, 0xe1, 0xff,
    0xc0, 0x5b, 0xf, 0xfe, 0x7, 0xd0, 0x40,

    /* U+53F3 "右" */
    0xf, 0xfe, 0x55, 0x3, 0xff, 0x85, 0xa1, 0xff,
    0xc1, 0x74, 0x3f, 0xbf, 0xff, 0x84, 0x1e, 0xd0,
    0xff, 0xe0, 0xd8, 0x7f, 0xf0, 0xb4, 0x3f, 0xf8,
    0x37, 0xff, 0x83, 0x5e, 0x43, 0xce, 0x15, 0x92,
    0x1e, 0x70, 0xa0, 0x48, 0x79, 0xc3, 0xd2, 0x1e,
    0x70, 0xf5, 0xff, 0xc1, 0xea, 0x7, 0x9c, 0x0,

    /* U+5408 "合" */
    0xf, 0xfe, 0x5d, 0x87, 0xff, 0x5, 0xf4, 0x1f,
    0xf5, 0xa7, 0x7, 0xf7, 0x83, 0x79, 0xe, 0xbc,
    0x1e, 0xbc, 0x83, 0xcf, 0xfe, 0x2c, 0x8, 0x7f,
    0xf5, 0x7f, 0xfc, 0x1e, 0xd0, 0xfb, 0xf, 0x68,
    0x7d, 0x87, 0xb4, 0x3e, 0xc3, 0xdf, 0xfe, 0xf,
    0x68, 0x79, 0xc2,

    /* U+540C "同" */
    0xff, 0xfe, 0xb, 0xa1, 0xfe, 0xdd, 0xf, 0xf6,
    0xe9, 0xff, 0x8d, 0xd0, 0xff, 0x6e, 0x87, 0xfb,
    0x74, 0x7f, 0xc0, 0xdd, 0x18, 0x36, 0xd, 0xd1,
    0x83, 0x60, 0xdd, 0x18, 0x36, 0xd, 0xd1, 0xff,
    0x3, 0x74, 0x60, 0xfb, 0x74, 0x3f, 0xd9, 0xa1,
    0xfb, 0xd0,

    /* U+540D "名" */
    0xf, 0x28, 0x3f, 0xe7, 0xf, 0xf9, 0xff, 0xc1,
    0x9d, 0xe, 0xe0, 0xad, 0xe, 0xb0, 0xa8, 0x38,
    0x4e, 0x1f, 0xac, 0xb4, 0x3f, 0xae, 0xf, 0xe7,
    0xd0, 0x7c, 0xdf, 0xfe, 0x4a, 0x38, 0x7d, 0xa1,
    0xb0, 0xfb, 0x43, 0x61, 0xf6, 0x86, 0xff, 0xe4,
    0x36, 0x87, 0xb4,

    /* U+540E "后" */
    0xf, 0xfe, 0x4a, 0xd4, 0xfa, 0xd, 0xfa, 0xa5,
    0x7, 0xda, 0x1f, 0xfc, 0x2d, 0xf, 0xfe, 0x17,
    0xff, 0xf0, 0x42, 0xd0, 0xff, 0xe1, 0x68, 0x7f,
    0xf0, 0xb4, 0xff, 0xd0, 0x6c, 0x1a, 0xfa, 0xc3,
    0x60, 0xc3, 0xce, 0x13, 0x83, 0xf, 0x38, 0x5c,
    0xc, 0x3c, 0xe0, 0x70, 0xbf, 0xf8, 0xc, 0x16,
    0x1e, 0x70, 0xff, 0xe3, 0x0,

    /* U+5411 "向" */
    0xf, 0x41, 0xff, 0xc0, 0x70, 0xff, 0xe0, 0x50,
    0x3f, 0x7f, 0xff, 0x5, 0xd7, 0xfd, 0x6e, 0x1f,
    0xe7, 0x70, 0xff, 0x3b, 0x83, 0xfc, 0x7, 0x70,
    0x61, 0xb0, 0x3b, 0x83, 0xd, 0x81, 0xdc, 0x18,
    0x6c, 0xe, 0xe0, 0xff, 0x1, 0xdc, 0x18, 0x7c,
    0xee, 0x4, 0x3e, 0xb7, 0xf, 0x9f, 0x90,

    /* U+5417 "吗" */
    0xf, 0xfe, 0x3d, 0xfe, 0x4f, 0xc1, 0xf6, 0x9a,
    0x60, 0x43, 0x69, 0x83, 0x6, 0x1b, 0x6, 0xc,
    0x18, 0x6c, 0x18, 0x30, 0x61, 0xb0, 0x60, 0xc1,
    0x84, 0xe0, 0xc1, 0x83, 0xff, 0x81, 0x87, 0xe6,
    0xfc, 0x1f, 0xa9, 0xa1, 0x7f, 0x9d, 0x41, 0xff,
    0x61, 0xff, 0xc0, 0x70, 0xff, 0x5e, 0x43, 0xff,
    0x86,

    /* U+5427 "吧" */
    0xf, 0x7f, 0xe3, 0xf0, 0x30, 0x68, 0xe6, 0x98,
    0x30, 0x60, 0x73, 0x6, 0xc, 0x18, 0x1c, 0xc1,
    0x83, 0x6, 0x7, 0x30, 0x60, 0xc1, 0x81, 0xcc,
    0x18, 0x30, 0x68, 0xe6, 0xc, 0x1f, 0xf8, 0xd3,
    0x6, 0x1e, 0x4f, 0xc0, 0xc3, 0xf6, 0x1d, 0x87,
    0xe4, 0x3b, 0xf, 0x48, 0x7b, 0x43, 0xb4, 0x3d,
    0x7f, 0xa0,

    /* U+542C "听" */
    0xf, 0xfe, 0x5b, 0x71, 0xf9, 0x2f, 0x48, 0x5a,
    0x69, 0xa1, 0xec, 0x1a, 0x68, 0x7b, 0x6, 0x9c,
    0x1e, 0xc1, 0xa7, 0xff, 0x3, 0x4d, 0xb, 0x6,
    0xd, 0x34, 0x2c, 0x18, 0x34, 0xd0, 0xb0, 0x7e,
    0x4c, 0x36, 0xd, 0x9, 0xc3, 0x60, 0x83, 0x50,
    0x36, 0x1e, 0x70, 0xec, 0x3c, 0xc1, 0xd8, 0x0,

    /* U+5438 "吸" */
    0xc, 0xff, 0xc1, 0x7e, 0x5, 0x1, 0x40, 0xb4,
    0xc1, 0x20, 0xd0, 0xb0, 0x60, 0xd0, 0x61, 0xb0,
    0x60, 0xd1, 0xc3, 0x60, 0xc1, 0xc5, 0xf2, 0x60,
    0xc1, 0xe0, 0xd8, 0x30, 0x63, 0xe4, 0xc, 0xc,
    0x18, 0xce, 0xd, 0x7, 0xe3, 0x4e, 0x70, 0xb0,
    0xd8, 0x5e, 0xc, 0x85, 0x40, 0xbc, 0x87, 0x9c,
    0xf, 0x3c, 0x1d, 0xc5, 0xa1, 0x78, 0x3f, 0xf8,
    0x80,

    /* U+544A "告" */
    0xd, 0x81, 0xc3, 0xfd, 0x40, 0x38, 0x7f, 0xbf,
    0xfe, 0xd, 0xa1, 0x38, 0x7e, 0xb0, 0xce, 0x1f,
    0x97, 0xed, 0x7c, 0xf, 0xff, 0xe1, 0x7, 0xff,
    0x23, 0xff, 0xc1, 0xed, 0xf, 0xb0, 0xf6, 0x1f,
    0xb0, 0xf6, 0x1f, 0xb0, 0xf7, 0xff, 0x83, 0xda,
    0xfe, 0xc2,

    /* U+5468 "周" */
    0x7, 0xff, 0xf0, 0x1, 0xa1, 0xf9, 0xc1, 0xa1,
    0x61, 0x9c, 0x1b, 0x7f, 0x87, 0x6, 0x85, 0x86,
    0x70, 0x68, 0x5a, 0x13, 0x83, 0x7f, 0xe9, 0xc1,
    0xa1, 0xf9, 0xc1, 0x8f, 0xf8, 0x70, 0x63, 0x4,
    0xe3, 0x8e, 0x30, 0x4e, 0x39, 0x41, 0xff, 0xe,
    0x60, 0x60, 0xf3, 0xb0, 0x7e, 0xf9, 0xf, 0xfe,
    0x10,

    /* U+547C "呼" */
    0xf, 0xfe, 0x4a, 0xa9, 0xf0, 0x3f, 0x1d, 0x5a,
    0x1b, 0x56, 0x19, 0xc0, 0x83, 0x6, 0x30, 0xe0,
    0xc1, 0x83, 0x6, 0x38, 0xe0, 0xc1, 0x83, 0x56,
    0x48, 0x30, 0x60, 0x5b, 0x20, 0xb0, 0x65, 0x6e,
    0xb1, 0xab, 0x2b, 0x75, 0x8f, 0xc1, 0x9c, 0x3b,
    0xf, 0x9c, 0x3f, 0xf8, 0x2e, 0x1f, 0xfc, 0x17,
    0xf, 0xfa, 0xf4, 0x1f, 0xfc, 0x80,

    /* U+548C "和" */
    0xf, 0xfe, 0x33, 0x79, 0xf, 0xde, 0xb4, 0xf,
    0xf2, 0x1b, 0xa, 0x81, 0x68, 0x6c, 0x2a, 0x5,
    0xa7, 0xfd, 0x40, 0xb4, 0x2b, 0x41, 0x40, 0xb4,
    0x2f, 0x81, 0x40, 0xb4, 0xd, 0xd0, 0xa0, 0x5a,
    0xd, 0xce, 0xa0, 0xb4, 0xa1, 0x81, 0xa0, 0x5a,
    0xb0, 0x61, 0x50, 0x2d, 0x10, 0x61, 0x5f, 0xc8,
    0x6c, 0x2a, 0x5, 0xa1, 0xb0, 0x94, 0x12, 0x0,

    /* U+549A "咚" */
    0xf, 0xc8, 0x7f, 0xf0, 0x78, 0x3d, 0xf8, 0xf,
    0xf4, 0xd, 0x31, 0xf2, 0xda, 0xc, 0x1b, 0xba,
    0x58, 0x58, 0x3c, 0x8f, 0x61, 0xb0, 0x61, 0xbc,
    0x86, 0xc1, 0x85, 0xeb, 0x42, 0xc1, 0xb7, 0x5,
    0xe4, 0xc1, 0xd0, 0x10, 0x4c, 0x69, 0x86, 0x78,
    0x37, 0xe0, 0xf4, 0x1b, 0xe, 0xe4, 0x3c, 0x87,
    0xaf, 0x41, 0xff, 0xc2, 0xb4, 0x3f, 0xf8, 0xa0,

    /* U+54C1 "品" */
    0x3, 0xff, 0x83, 0x9c, 0x3d, 0x87, 0x38, 0x7b,
    0xe, 0x70, 0xf6, 0x1c, 0xeb, 0xec, 0x39, 0xff,
    0xc1, 0xff, 0xc5, 0xff, 0x3, 0xf9, 0xd0, 0x38,
    0x30, 0xb7, 0x40, 0xe0, 0xc2, 0xdd, 0x3, 0x83,
    0xb, 0x74, 0xe, 0xc, 0x2d, 0xff, 0x3, 0xf9,
    0xd0, 0x38, 0x30, 0xb4,

    /* U+54EA "哪" */
    0xf, 0xfe, 0x3f, 0xf1, 0xf8, 0xf8, 0x1a, 0x66,
    0x39, 0x98, 0x20, 0x66, 0x50, 0xc8, 0x10, 0x33,
    0x30, 0x64, 0x7f, 0x19, 0x83, 0x20, 0x69, 0x9b,
    0x3, 0x20, 0x60, 0xcc, 0xc1, 0x90, 0x30, 0x66,
    0x31, 0x99, 0xfc, 0x60, 0xcf, 0x81, 0x83, 0x30,
    0x66, 0x13, 0x3, 0x31, 0xc8, 0x2d, 0x6, 0x6e,
    0x86, 0xb0, 0x50, 0xc3, 0xe8, 0x7c, 0x98, 0x7f,
    0xf1, 0xc0,

    /* U+5634 "嘴" */
    0xe, 0xcd, 0x31, 0x47, 0xd1, 0x9e, 0x7d, 0x3,
    0x18, 0xcc, 0x18, 0x13, 0x4, 0xf7, 0x9e, 0x99,
    0x82, 0x5b, 0xf, 0xb0, 0x40, 0xfe, 0x82, 0xc1,
    0x1c, 0x16, 0x1b, 0x5, 0x3f, 0xf0, 0x30, 0x44,
    0x83, 0x6, 0xe, 0xa2, 0xff, 0x81, 0xd1, 0x34,
    0x18, 0x30, 0x61, 0xbf, 0xf0, 0x79, 0xc2, 0xc1,
    0x87, 0xb4, 0x2c, 0xf0, 0x7f, 0xf1, 0x40,

    /* U+56DE "回" */
    0xff, 0xfe, 0xb, 0xa1, 0xfe, 0xdd, 0xf, 0xf6,
    0xe8, 0x7f, 0xb7, 0x41, 0xfe, 0x6, 0xe8, 0x30,
    0x9c, 0x1b, 0xa0, 0xc2, 0x70, 0x6e, 0x83, 0x9,
    0xc1, 0xba, 0xc, 0x27, 0x6, 0xe8, 0x3f, 0xc0,
    0xdd, 0xf, 0xf6, 0xe8, 0x7f, 0xb7, 0xff, 0xf8,
    0x2e, 0x87, 0xfb, 0x40,

    /* U+56F0 "困" */
    0xff, 0xfe, 0xb, 0xa1, 0xfe, 0xdd, 0xd, 0x87,
    0x6e, 0x86, 0xc3, 0xb7, 0x5e, 0xd7, 0x1b, 0xb7,
    0xfe, 0x37, 0x42, 0xf8, 0x36, 0xe8, 0x37, 0x74,
    0x1b, 0xa7, 0x18, 0xe9, 0xbb, 0xc0, 0xc0, 0xe6,
    0xea, 0xb, 0x9, 0x37, 0x43, 0x61, 0xdb, 0xcb,
    0xfe, 0xdf, 0xff, 0xe0, 0xa0,

    /* U+56F4 "围" */
    0xff, 0xfe, 0xb, 0xa1, 0x90, 0xed, 0xc3, 0xb0,
    0xed, 0xcf, 0xfe, 0x37, 0xe, 0xc3, 0xb7, 0x7,
    0xfc, 0x9b, 0x87, 0x61, 0xdb, 0x87, 0x61, 0xdb,
    0xbf, 0xfc, 0x6e, 0x1d, 0x85, 0x9b, 0x87, 0x67,
    0x93, 0x70, 0xec, 0x3b, 0x7f, 0xff, 0x82, 0xeb,
    0xff, 0x68,

    /* U+56FE "图" */
    0xff, 0xfe, 0xb, 0xa1, 0x21, 0xed, 0xd0, 0x38,
    0x7b, 0x74, 0x7f, 0xc9, 0xba, 0xbc, 0x82, 0x80,
    0xdd, 0x81, 0xdc, 0x16, 0xe8, 0x1f, 0xa4, 0x1b,
    0xb7, 0x90, 0x5e, 0x77, 0x50, 0x39, 0xd, 0xba,
    0x1d, 0x40, 0xb7, 0x4b, 0xd2, 0x1b, 0x74, 0x33,
    0x78, 0x1b, 0xaf, 0xfd, 0xbf, 0xff, 0xc1, 0x40,

    /* U+5706 "圆" */
    0xff, 0xfe, 0xb, 0x87, 0xfd, 0xb8, 0x2f, 0xf0,
    0x37, 0x6, 0x86, 0xc1, 0xb8, 0x2f, 0xf0, 0x37,
    0xf, 0xfb, 0x70, 0x7f, 0xd1, 0xb8, 0x30, 0x20,
    0xa1, 0xb8, 0x30, 0x69, 0x43, 0x70, 0x60, 0xc1,
    0x43, 0x70, 0x9e, 0x9a, 0xd, 0xdb, 0xc8, 0x1f,
    0x1b, 0xac, 0x1e, 0x4d, 0xff, 0xfe, 0xa,

    /* U+5708 "圈" */
    0xff, 0xfe, 0xb, 0xa1, 0x94, 0x1b, 0x70, 0x49,
    0x24, 0xd, 0xc2, 0x8c, 0x18, 0x37, 0x1f, 0xfc,
    0x6e, 0x1b, 0x43, 0xb7, 0x69, 0xea, 0x7a, 0x77,
    0x7, 0x97, 0x69, 0xbb, 0xba, 0xd9, 0x4d, 0xc2,
    0xc6, 0xc2, 0xdc, 0x2c, 0x32, 0x8d, 0xc2, 0xbf,
    0x81, 0xba, 0x19, 0x60, 0xb7, 0xff, 0xf8, 0x28,

    /* U+5728 "在" */
    0xf, 0x21, 0xff, 0xc3, 0xd0, 0xff, 0xe0, 0xb8,
    0x7f, 0xbf, 0xff, 0x84, 0x1c, 0xe1, 0xff, 0xc2,
    0xd0, 0x98, 0x3f, 0x58, 0x67, 0xf, 0x9d, 0xc,
    0xe1, 0xe7, 0xc9, 0xff, 0x90, 0x6e, 0x86, 0xb0,
    0xfd, 0xa1, 0x9c, 0x3f, 0x68, 0x67, 0xf, 0xda,
    0x19, 0xc3, 0xf6, 0x86, 0x70, 0xfd, 0xb7, 0xff,
    0x0,

    /* U+5730 "地" */
    0xb, 0xf, 0x61, 0xfb, 0xb, 0x6, 0x1f, 0xb0,
    0xb0, 0x60, 0x60, 0x7e, 0x8c, 0x1f, 0xc0, 0x56,
    0xa3, 0xbd, 0xe, 0x1b, 0x5, 0xe7, 0x3, 0x86,
    0xc7, 0xc0, 0xc0, 0xe1, 0xb0, 0xb0, 0x60, 0x70,
    0xd8, 0x98, 0x34, 0x60, 0xdf, 0x18, 0x37, 0xc8,
    0x2f, 0x20, 0xc1, 0x87, 0xb4, 0x36, 0x1e, 0x90,
    0xfb, 0x43, 0xb4, 0x3e, 0x7f, 0xe0,

    /* U+573A "场" */
    0xf, 0xfe, 0x3e, 0xf, 0xf9, 0xe, 0xc3, 0xcf,
    0x7, 0xb0, 0xe7, 0x83, 0xa9, 0xc8, 0x1d, 0xf,
    0x53, 0xa1, 0x68, 0x7f, 0x60, 0xbf, 0xf0, 0x6c,
    0x3b, 0x28, 0x61, 0xb0, 0xd4, 0x30, 0x61, 0xb0,
    0x9c, 0x71, 0xc3, 0x6d, 0x30, 0x68, 0xe0, 0x7d,
    0x28, 0x14, 0x5, 0x1, 0xa1, 0xce, 0x15, 0x3,
    0xf5, 0x86, 0xd0, 0xf9, 0xc2, 0xf4, 0x1f, 0xfc,
    0x60,

    /* U+5757 "块" */
    0xb, 0xe, 0xd0, 0xfd, 0x87, 0x68, 0x7e, 0xc0,
    0xff, 0xc1, 0x7e, 0x82, 0xd0, 0x61, 0x2b, 0x43,
    0x68, 0x30, 0xec, 0x3b, 0x41, 0x87, 0x61, 0xda,
    0xc, 0x3b, 0x7, 0xff, 0x21, 0x62, 0x17, 0x90,
    0xf3, 0xe8, 0xf, 0x40, 0xef, 0x41, 0xb4, 0xd0,
    0xc8, 0x75, 0x81, 0xc3, 0xfb, 0xc1, 0xad, 0xf,
    0x70, 0x7a, 0xd0, 0xff, 0xe2, 0x0,

    /* U+57FA "基" */
    0xd, 0xa1, 0xda, 0x1d, 0x4f, 0x57, 0x7a, 0x81,
    0xda, 0x1d, 0xa1, 0xf7, 0xfe, 0x43, 0xed, 0xe,
    0xd0, 0xfb, 0xff, 0x21, 0xf6, 0x87, 0x68, 0x6f,
    0xff, 0xe1, 0x21, 0xb4, 0x3b, 0x83, 0xdc, 0x7,
    0xb, 0x82, 0xba, 0x7f, 0xcf, 0x92, 0xe, 0x70,
    0xe4, 0x3f, 0x38, 0x7f, 0x7f, 0xff, 0x1, 0x0,

    /* U+5802 "堂" */
    0x4, 0x15, 0x2, 0xc3, 0x58, 0x28, 0xd, 0x7,
    0xff, 0xf0, 0xd0, 0xff, 0x3e, 0x55, 0x7e, 0x56,
    0x8e, 0x1e, 0xd1, 0x3, 0x7, 0xa4, 0x33, 0xff,
    0x90, 0xfd, 0x40, 0xff, 0xe0, 0x50, 0x3e, 0xbf,
    0xfd, 0x7, 0xd4, 0xf, 0xfe, 0x5, 0x3, 0xdf,
    0xff, 0xc2,

    /* U+58F0 "声" */
    0xf, 0xa8, 0x1f, 0x7f, 0xff, 0x8, 0x3e, 0xa0,
    0x7e, 0x5e, 0xe5, 0xe0, 0xaf, 0xff, 0x83, 0xff,
    0x8d, 0x7f, 0xfc, 0x15, 0x2, 0xa0, 0x4e, 0x15,
    0x2, 0xa0, 0x4e, 0x17, 0xff, 0xf0, 0x2, 0xd0,
    0xfc, 0xe1, 0x61, 0xff, 0xc1, 0xa0, 0x7f, 0xf0,
    0x1c, 0x3f, 0xfa, 0x0,

    /* U+5907 "备" */
    0xf, 0x21, 0xff, 0xc2, 0xe0, 0xff, 0xe0, 0xff,
    0xe4, 0x3d, 0xe8, 0x37, 0x7, 0x3a, 0x50, 0x74,
    0x3f, 0xef, 0xa0, 0xfe, 0x6e, 0x57, 0xa5, 0x1,
    0xf4, 0x87, 0x9b, 0xc1, 0x3f, 0xfe, 0xe, 0x70,
    0xb4, 0x16, 0x1c, 0xe1, 0x68, 0x1c, 0x39, 0xff,
    0xf0, 0x73, 0x85, 0xa0, 0x70, 0xe7, 0xb, 0x40,
    0xe1, 0xcf, 0xff, 0x82,

    /* U+590D "复" */
    0xc, 0x87, 0xff, 0xf, 0xf, 0xfe, 0x17, 0xff,
    0xc8, 0x5c, 0x1f, 0xfc, 0x1e, 0x7f, 0xf9, 0xe,
    0x70, 0xfb, 0x43, 0x9f, 0xfe, 0x43, 0x9c, 0x3e,
    0xd0, 0xe7, 0xff, 0x90, 0xfb, 0x43, 0xff, 0x83,
    0xff, 0xc1, 0xcf, 0x61, 0xac, 0x3d, 0x5, 0xcf,
    0x7, 0xf9, 0xbe, 0x90, 0xef, 0xd2, 0x15, 0xf8,
    0x8, 0x7f, 0xf0, 0x80,

    /* U+5927 "大" */
    0xf, 0xa8, 0x1f, 0xfc, 0x2a, 0x7, 0xff, 0xa,
    0x81, 0xff, 0xc2, 0xd0, 0xfd, 0xff, 0xfc, 0x20,
    0x2f, 0xbc, 0xbe, 0xf, 0x9f, 0x41, 0xff, 0xc0,
    0xe7, 0xf, 0xf9, 0xc1, 0xa1, 0xfe, 0xe0, 0x38,
    0x7f, 0x58, 0x6f, 0x7, 0xd6, 0x1e, 0xf0, 0x67,
    0xc1, 0xfb, 0xc8, 0x38, 0x3f, 0xd6, 0x1f, 0xfc,
    0x50,

    /* U+5929 "天" */
    0xf, 0xfe, 0x2b, 0xff, 0xfc, 0x4, 0x3f, 0x50,
    0x3f, 0xf8, 0x54, 0xf, 0xfe, 0x17, 0x7, 0xf2,
    0xf7, 0x2f, 0x81, 0xff, 0xfc, 0x20, 0xf9, 0xf0,
    0x7f, 0xf0, 0x6b, 0x7, 0xfc, 0xe9, 0xa1, 0xfe,
    0xe0, 0x38, 0x7e, 0x78, 0x35, 0xa1, 0xd7, 0x7,
    0xae, 0xb, 0x83, 0xf9, 0xb0, 0xff, 0xe2, 0x80,

    /* U+592A "太" */
    0xf, 0xa8, 0x1f, 0xfc, 0x2a, 0x7, 0xff, 0xa,
    0x81, 0xff, 0xc2, 0xe0, 0xfd, 0xff, 0xfc, 0x20,
    0xfd, 0xe4, 0x3f, 0xf8, 0xf, 0x40, 0xff, 0xe0,
    0x50, 0xc3, 0xff, 0x81, 0x83, 0x83, 0xfd, 0x40,
    0x38, 0x7f, 0x5c, 0x15, 0x87, 0xd6, 0xd8, 0x5e,
    0xe, 0xf2, 0xb, 0xb, 0xc8, 0x38, 0x3b, 0x42,
    0xb0, 0xff, 0xe2, 0x80,

    /* U+5931 "失" */
    0x9, 0x81, 0x40, 0xff, 0x70, 0x28, 0x1f, 0xef,
    0xff, 0x41, 0xa8, 0xb7, 0x2f, 0x4, 0xe1, 0xa8,
    0x1f, 0xa4, 0x36, 0x87, 0xff, 0xb, 0x83, 0xf7,
    0xff, 0xf0, 0x83, 0xe7, 0xc8, 0x7f, 0xf0, 0x39,
    0xc3, 0xfe, 0xb0, 0x70, 0x7f, 0x78, 0x37, 0x7,
    0xaf, 0x7, 0xbd, 0x5, 0xe4, 0x3f, 0x3e, 0xf,
    0xfe, 0x28,

    /* U+5934 "头" */
    0xf, 0xd4, 0xf, 0xe7, 0x81, 0x40, 0xff, 0xac,
    0xa0, 0x7e, 0x43, 0xa8, 0x1f, 0xae, 0xa, 0x81,
    0xfe, 0xa0, 0x34, 0x3f, 0xf8, 0x5a, 0x1f, 0x7f,
    0xff, 0x8, 0x3f, 0x58, 0x7f, 0xf0, 0xb5, 0x7,
    0xff, 0x3, 0x8f, 0x21, 0xfd, 0xe0, 0x9e, 0xe,
    0x6e, 0xf, 0x5a, 0xf, 0x41, 0xfc, 0xc1, 0xff,
    0xc5,

    /* U+597D "好" */
    0xf, 0xfe, 0x3e, 0x1f, 0xfc, 0x27, 0x9, 0xff,
    0x41, 0x50, 0x3f, 0x38, 0x1f, 0xf0, 0x67, 0xe,
    0xc0, 0xc1, 0x38, 0x7b, 0x4, 0x84, 0xe1, 0xcc,
    0xd, 0xff, 0xc9, 0x40, 0x62, 0xd6, 0xb0, 0x1e,
    0xa0, 0xce, 0x1f, 0x79, 0xc, 0xe1, 0xf5, 0xe0,
    0xce, 0x1e, 0xb2, 0xc2, 0x70, 0xeb, 0xf, 0x9c,
    0x3a, 0xf, 0x5e, 0x43, 0xff, 0x90,

    /* U+5982 "如" */
    0xf, 0xfe, 0x33, 0x87, 0xff, 0x6, 0x81, 0xab,
    0xc1, 0x68, 0x4e, 0xb5, 0x9f, 0xf3, 0x86, 0xc2,
    0xc0, 0xce, 0x1b, 0x3, 0x2, 0x8e, 0x1b, 0x4,
    0x83, 0x56, 0x1b, 0x6, 0x16, 0x38, 0x6c, 0x1c,
    0x38, 0xe1, 0xb0, 0xbe, 0x47, 0xd, 0x86, 0xf2,
    0x38, 0x6c, 0x27, 0xb5, 0x61, 0x38, 0x1d, 0x28,
    0xff, 0x8f, 0x21, 0x9c, 0x34, 0x1f, 0xfc, 0x30,

    /* U+59CB "始" */
    0x9, 0xf, 0x21, 0xf3, 0x87, 0x58, 0x7c, 0xc1,
    0xd8, 0x7e, 0xa0, 0x6a, 0x3, 0x9, 0xfe, 0x6,
    0x15, 0x3, 0x60, 0xcd, 0xd, 0xa1, 0x60, 0xef,
    0xfc, 0x6, 0x1c, 0x50, 0x76, 0x9, 0x28, 0x1f,
    0xf5, 0x9a, 0x7f, 0xc8, 0x57, 0x81, 0xa1, 0xb4,
    0x35, 0xa6, 0x86, 0xd0, 0x9d, 0xcd, 0xd, 0xa1,
    0x68, 0x9a, 0xf6, 0x83, 0xe, 0xff, 0x90,

    /* U+59D3 "姓" */
    0xf, 0xfe, 0x3e, 0x1e, 0x70, 0xf3, 0x6, 0xc7,
    0xf, 0x50, 0x27, 0x1c, 0x33, 0xfc, 0x5f, 0xf0,
    0x58, 0x33, 0x47, 0xf, 0x60, 0xe8, 0x7, 0xe,
    0x61, 0xa2, 0x7, 0xe, 0x92, 0x43, 0x38, 0x75,
    0x98, 0x1f, 0xf8, 0x27, 0xc1, 0xce, 0x1f, 0x7a,
    0xc, 0xe1, 0xe7, 0x70, 0xce, 0x1c, 0xe8, 0x79,
    0xc3, 0xb4, 0x2b, 0xff, 0x21, 0xff, 0xc4,

    /* U+5B50 "子" */
    0xf, 0xfe, 0x35, 0xff, 0xe8, 0x3f, 0xf8, 0xf,
    0x7, 0xff, 0x2, 0xd0, 0xff, 0x9e, 0xf, 0xfe,
    0xd, 0x3, 0xff, 0x85, 0x61, 0xfb, 0xff, 0xf8,
    0x41, 0xfa, 0x81, 0xff, 0xc2, 0xa0, 0x7f, 0xf0,
    0xa8, 0x1f, 0xfc, 0x2a, 0x7, 0xff, 0xa, 0x81,
    0xff, 0x5f, 0x21, 0xff, 0xcb,

    /* U+5B57 "字" */
    0xf, 0x41, 0xff, 0xc1, 0xa0, 0x7a, 0xff, 0xfe,
    0x5, 0x41, 0xfe, 0xa9, 0xf, 0xf5, 0x11, 0xff,
    0xc1, 0xff, 0x5a, 0x1f, 0xeb, 0xf, 0xfa, 0x81,
    0xef, 0xff, 0xe1, 0x7, 0xa8, 0x1f, 0xfc, 0xa,
    0x7, 0xff, 0x2, 0x81, 0xff, 0xc0, 0xa0, 0x7f,
    0xbe, 0x43, 0xc0,

    /* U+5B66 "学" */
    0x9, 0xa, 0xc, 0x87, 0xb4, 0x14, 0xb, 0x43,
    0x9c, 0x2c, 0x14, 0xd, 0x7f, 0xff, 0x4, 0x12,
    0x1f, 0xe7, 0x4, 0x87, 0xf9, 0xc3, 0x3f, 0xf8,
    0x3f, 0xf8, 0x36, 0x1f, 0xfc, 0x7, 0x83, 0xff,
    0x83, 0x40, 0xfd, 0xff, 0xfc, 0x20, 0xfd, 0x40,
    0xff, 0xe1, 0x50, 0x3f, 0xf8, 0x54, 0xf, 0xf9,
    0xf9, 0xf, 0x80,

    /* U+5B83 "它" */
    0xf, 0x21, 0xff, 0xc1, 0xd0, 0xff, 0xe0, 0x58,
    0x7b, 0xff, 0xf8, 0x2e, 0x87, 0xfb, 0x74, 0x43,
    0xf6, 0x81, 0xc3, 0xff, 0x80, 0xe1, 0x9f, 0x7,
    0x38, 0xde, 0x43, 0xcf, 0xc8, 0x7f, 0x38, 0x7f,
    0xf0, 0x1c, 0x3f, 0x21, 0x38, 0x7c, 0xe1, 0x3a,
    0x1e, 0xb0, 0xd7, 0xfe, 0x0,

    /* U+5B8C "完" */
    0xf, 0xa0, 0xff, 0xe1, 0xf0, 0x7e, 0xbf, 0xff,
    0x81, 0x2, 0x8b, 0xfe, 0xa0, 0x28, 0x1f, 0xea,
    0x2, 0x57, 0xfe, 0x58, 0x3f, 0xfa, 0xdf, 0xff,
    0xc2, 0xf, 0x68, 0x38, 0x3f, 0xd8, 0x52, 0x1f,
    0xce, 0x14, 0x87, 0xf7, 0x5, 0x21, 0x61, 0xbc,
    0x1a, 0x81, 0x60, 0xf4, 0x1c, 0xfe, 0x83, 0xff,
    0x8a,

    /* U+5B9A "定" */
    0xf, 0xa0, 0xff, 0xe1, 0x68, 0x7d, 0xff, 0xfc,
    0x14, 0xd7, 0xfe, 0xd3, 0x43, 0xfd, 0xa4, 0x2f,
    0xf1, 0x6, 0xff, 0xe4, 0x3f, 0xb4, 0x3f, 0xb4,
    0x1a, 0x1f, 0xd8, 0x5f, 0xe4, 0x36, 0x83, 0x43,
    0xf5, 0xe0, 0x68, 0x7e, 0xcb, 0x34, 0x3e, 0xa0,
    0x2f, 0x48, 0x73, 0x86, 0x6f, 0xf4, 0x1f, 0xfc,
    0x30,

    /* U+5B9E "实" */
    0xf, 0x41, 0xff, 0xc1, 0xa0, 0x79, 0xff, 0xfe,
    0x3, 0x45, 0xff, 0x75, 0x8, 0x50, 0x6a, 0x8,
    0xe9, 0x86, 0x43, 0xc9, 0x87, 0xce, 0x85, 0x87,
    0xe7, 0x3, 0x87, 0xf2, 0xb, 0xf, 0x7f, 0xff,
    0x8, 0x3a, 0xc4, 0x3f, 0xad, 0x2e, 0xe, 0x7c,
    0x86, 0xb8, 0x7c, 0x87, 0xea, 0x7, 0xff, 0x8,

    /* U+5BB9 "容" */
    0xf, 0x90, 0xff, 0xe1, 0x68, 0x7d, 0xff, 0xfc,
    0x14, 0xd0, 0xff, 0x69, 0xa5, 0x2, 0xa0, 0x34,
    0x2b, 0x2, 0xb, 0x42, 0x7c, 0x7, 0x80, 0xe8,
    0x18, 0xe, 0xd0, 0x24, 0x3a, 0xc2, 0xb0, 0xfb,
    0xc1, 0xcf, 0x5, 0x7f, 0xff, 0x2, 0x23, 0xf,
    0xb4, 0x3b, 0xf, 0xb4, 0x3b, 0x43, 0xda, 0x1d,
    0xff, 0xc8, 0x0,

    /* U+5BDF "察" */
    0xf, 0x90, 0xff, 0xe1, 0xd0, 0x3f, 0x7f, 0xff,
    0x8, 0x18, 0x20, 0xa0, 0xce, 0x4, 0xbe, 0xa7,
    0xf2, 0x15, 0x82, 0x86, 0x94, 0xb, 0x8e, 0xc1,
    0x6e, 0x1c, 0xce, 0x1a, 0xd0, 0xf7, 0xaf, 0xeb,
    0x82, 0xb8, 0x3f, 0xac, 0xa, 0xff, 0xf2, 0x1e,
    0x50, 0xe0, 0x43, 0xeb, 0x3, 0x8f, 0x6, 0x7c,
    0x13, 0x85, 0x68, 0x24, 0xf, 0xa0, 0xe4,

    /* U+5BF9 "对" */
    0xf, 0xfe, 0x5, 0x3, 0xff, 0x85, 0x40, 0xab,
    0xb4, 0x35, 0x3, 0xf6, 0xff, 0xc8, 0x7b, 0x17,
    0x5a, 0x16, 0x7, 0xe, 0xa0, 0x6b, 0x68, 0x28,
    0x14, 0xe, 0xbc, 0x16, 0xa, 0x7, 0xac, 0x2a,
    0x14, 0xf, 0x7c, 0x7, 0x28, 0x1d, 0xc7, 0x6,
    0xa0, 0x6b, 0xa, 0xd, 0x40, 0xad, 0xf, 0xd4,
    0xa, 0xf, 0xdf, 0x21, 0xff, 0xc6,

    /* U+5C0F "小" */
    0xf, 0x9c, 0x3f, 0xf8, 0x4e, 0x1f, 0xfc, 0x27,
    0xf, 0xfe, 0x13, 0x84, 0x87, 0xb8, 0xe, 0x16,
    0x1e, 0xd0, 0x38, 0x54, 0xc, 0xe1, 0x38, 0x6d,
    0xb, 0x82, 0x70, 0xd6, 0x7, 0xc, 0xe1, 0xd8,
    0x38, 0x33, 0x87, 0x70, 0x87, 0x38, 0x72, 0x83,
    0xe7, 0xf, 0xfe, 0x15, 0x87, 0xff, 0x3, 0xe4,
    0x3f, 0xf9, 0x60,

    /* U+5C1D "尝" */
    0x4, 0x15, 0x2, 0x83, 0x58, 0x28, 0xe, 0x9,
    0x5a, 0xbc, 0xad, 0x45, 0xd7, 0xfb, 0xa8, 0x3f,
    0xd5, 0xbf, 0xfd, 0x40, 0xff, 0xe8, 0x7f, 0xff,
    0x8, 0x37, 0x82, 0x43, 0xeb, 0xd, 0xe0, 0xeb,
    0xf, 0x70, 0x57, 0x5d, 0xfa, 0x7, 0xaa, 0x58,
    0xe, 0x1f, 0xfc, 0x30,

    /* U+5C31 "就" */
    0xf, 0xfe, 0x46, 0x1e, 0xc3, 0xe7, 0x83, 0x39,
    0x85, 0xff, 0x1, 0xc6, 0xf, 0xf9, 0xc0, 0x81,
    0xfe, 0x6f, 0xf2, 0x38, 0x52, 0x6, 0xe, 0x70,
    0xa4, 0x15, 0x6, 0x7f, 0x90, 0x76, 0x1f, 0x61,
    0xdb, 0x87, 0x66, 0x60, 0x73, 0xc, 0xe6, 0x31,
    0xa6, 0x1b, 0x4c, 0x13, 0x83, 0x4, 0x40, 0xc2,
    0xd0, 0x63, 0x5, 0xe0, 0x48, 0x5f, 0x21, 0xff,
    0xc4,

    /* U+5C4F "屏" */
    0x7, 0xff, 0xf0, 0x10, 0xb4, 0x3f, 0xb4, 0x2d,
    0xf, 0xed, 0xb, 0xff, 0xf8, 0x8, 0x5a, 0x8,
    0x33, 0x7, 0x68, 0x24, 0x2d, 0xe, 0xdf, 0xff,
    0x41, 0x61, 0x38, 0x58, 0x7b, 0x9, 0xc2, 0xc3,
    0xd8, 0xb6, 0xb6, 0xb0, 0x1d, 0xa7, 0xa9, 0xf5,
    0x1, 0x40, 0xb4, 0x2c, 0x3b, 0x41, 0xc1, 0xb0,
    0xcc, 0xd, 0xe, 0xc3, 0xff, 0x90,

    /* U+5C55 "展" */
    0x7, 0xff, 0xf0, 0x3, 0x68, 0x7f, 0x61, 0xb4,
    0x3f, 0xb0, 0xdf, 0xff, 0xc0, 0xd, 0xa0, 0xd0,
    0x38, 0x7b, 0x41, 0xa0, 0x70, 0xf6, 0xff, 0xf9,
    0xb, 0x41, 0xa1, 0x61, 0xee, 0xff, 0xf8, 0x2c,
    0x1a, 0x5a, 0x32, 0x7, 0x6, 0x17, 0x3a, 0x15,
    0x1, 0x86, 0xf2, 0x1b, 0xb, 0xbd, 0x17, 0x1,
    0x80, 0xf2, 0x19, 0xb0, 0xff, 0xe2, 0x80,

    /* U+5C81 "岁" */
    0x34, 0x2d, 0x9, 0xcd, 0xb, 0x42, 0x73, 0x42,
    0xd0, 0x9c, 0xff, 0xfe, 0x0, 0x67, 0xf, 0xfb,
    0x83, 0xfd, 0xff, 0xc0, 0xb8, 0x3d, 0x63, 0xa4,
    0x19, 0xc3, 0xd6, 0x7, 0x83, 0xeb, 0xb4, 0x3f,
    0x3e, 0x43, 0xcd, 0xe4, 0x3c, 0xfa, 0x43, 0xff,
    0x92,

    /* U+5DF1 "己" */
    0xbf, 0xfc, 0x87, 0xff, 0x3, 0x43, 0xff, 0x81,
    0xa1, 0xff, 0xc0, 0xd0, 0xff, 0xe0, 0x68, 0x7f,
    0xf0, 0x34, 0xf, 0xff, 0x90, 0x38, 0x7e, 0x42,
    0x70, 0xff, 0xe0, 0x38, 0x7f, 0xf0, 0x1c, 0x3f,
    0xda, 0xb0, 0xff, 0x60, 0xd0, 0xfd, 0x60, 0xbf,
    0xfc, 0x0,

    /* U+5DF4 "巴" */
    0xff, 0xf9, 0x34, 0x2d, 0xb, 0x4d, 0xb, 0x42,
    0xd3, 0x42, 0xd0, 0xb4, 0xd0, 0xb4, 0x2d, 0x34,
    0x2d, 0xb, 0x4f, 0xff, 0x93, 0x43, 0xf4, 0xd,
    0xf, 0xfb, 0x43, 0xfe, 0xd0, 0xfe, 0xa6, 0x87,
    0xf5, 0x38, 0x3f, 0x3a, 0x7f, 0xfa, 0x0,

    /* U+5E08 "师" */
    0xb, 0x2f, 0xfd, 0x11, 0x87, 0x68, 0x67, 0x30,
    0xec, 0x39, 0xcc, 0x1f, 0xf8, 0x73, 0x6, 0xad,
    0x6c, 0x73, 0x6, 0xc, 0x2c, 0x73, 0x6, 0xc,
    0x2c, 0x73, 0x6, 0xc, 0x2c, 0x73, 0x6, 0xc,
    0x2c, 0x36, 0xc, 0x18, 0x58, 0x4c, 0xc, 0x18,
    0x1c, 0x2d, 0x6, 0xc, 0xb4, 0x16, 0x1e, 0xc3,
    0xd8, 0x7d, 0x87, 0xff, 0x20,

    /* U+5E0C "希" */
    0xf, 0xfe, 0x3f, 0x90, 0xcf, 0x7, 0xeb, 0xd7,
    0x83, 0xf9, 0xbd, 0x79, 0xf, 0x7d, 0x68, 0x1b,
    0x43, 0x21, 0x68, 0x64, 0x37, 0xff, 0xf0, 0x83,
    0x9c, 0x18, 0x7f, 0x9d, 0x6, 0x87, 0xe7, 0xff,
    0xe0, 0xae, 0xc2, 0xc2, 0x70, 0xa1, 0xc2, 0xc2,
    0x70, 0xe7, 0xb, 0x9, 0xc3, 0x9c, 0x2c, 0x7d,
    0x7, 0xfb, 0xf, 0x80,

    /* U+5E2E "帮" */
    0xf, 0xfe, 0x45, 0x2, 0xbf, 0x81, 0xff, 0x54,
    0xe, 0xe, 0x60, 0xa8, 0x58, 0x4f, 0xf9, 0xa1,
    0xc1, 0xea, 0x5, 0x40, 0x50, 0x1f, 0xf5, 0x40,
    0x70, 0xd6, 0x1a, 0xaf, 0x40, 0x7c, 0x12, 0xd0,
    0x79, 0xd0, 0xa8, 0x1f, 0xcf, 0xff, 0xc1, 0x98,
    0x2a, 0x6, 0xc3, 0x30, 0x54, 0x9, 0xc3, 0x30,
    0x54, 0x2f, 0x83, 0xfa, 0x81, 0xf0,

    /* U+5E38 "常" */
    0x4, 0x16, 0x81, 0x83, 0x50, 0x1a, 0xc, 0x2f,
    0xff, 0xe0, 0xba, 0x1f, 0xed, 0xd3, 0xff, 0x1a,
    0x81, 0x87, 0xb1, 0xd, 0x87, 0xb0, 0xf7, 0xfe,
    0xf, 0xed, 0xf, 0xbf, 0xfe, 0x41, 0xc1, 0x68,
    0x52, 0xe, 0xb, 0x42, 0x90, 0x70, 0x5a, 0x26,
    0x82, 0x42, 0xd2, 0xe0, 0x0,

    /* U+5E55 "幕" */
    0x3f, 0xff, 0x84, 0x1e, 0x83, 0x41, 0xfb, 0xff,
    0xc8, 0x76, 0x1f, 0xa4, 0x3b, 0xff, 0xc8, 0x76,
    0x1f, 0xa4, 0x3b, 0xff, 0xc8, 0x7d, 0x40, 0xff,
    0x7f, 0xff, 0x8, 0x35, 0x82, 0x80, 0xe0, 0xcf,
    0xff, 0xf0, 0x20, 0x6d, 0x1, 0x40, 0x39, 0x6,
    0xa0, 0x28, 0x7, 0xf, 0x48, 0x28, 0x79, 0x8,

    /* U+5E72 "干" */
    0x2, 0xff, 0xf0, 0x2, 0x7f, 0xff, 0x80, 0x87,
    0xea, 0x7, 0xff, 0xa, 0x81, 0xff, 0xc2, 0xa0,
    0x7f, 0xf0, 0xa8, 0x1f, 0xbf, 0xff, 0x84, 0x5,
    0xf7, 0x2f, 0x83, 0xf5, 0x3, 0xff, 0x85, 0x40,
    0xff, 0xe1, 0x50, 0x3f, 0xf8, 0x54, 0xf, 0xfe,
    0x15, 0x3, 0xff, 0x85, 0x40, 0xf8,

    /* U+5E74 "年" */
    0xf, 0xfe, 0x47, 0x7, 0xff, 0x5, 0xd7, 0xf8,
    0x3b, 0xff, 0xe4, 0x2b, 0xd, 0x21, 0xf5, 0x87,
    0x48, 0x7c, 0xb7, 0xff, 0x83, 0x9c, 0x2e, 0xf,
    0xe6, 0xa, 0x43, 0xf9, 0x82, 0x90, 0xf9, 0x56,
    0xb7, 0x2f, 0x3, 0xff, 0xf8, 0x48, 0x7e, 0x90,
    0xff, 0xe1, 0x48, 0x7f, 0xf0, 0xa4, 0x3c,

    /* U+5E76 "并" */
    0xc, 0x87, 0x90, 0xfd, 0xa1, 0xda, 0x1f, 0x58,
    0x6b, 0xf, 0xec, 0x36, 0x87, 0x5f, 0xff, 0xc0,
    0x83, 0x9c, 0x35, 0x3, 0xf3, 0x86, 0xa0, 0x7e,
    0x70, 0xd4, 0xe, 0x5a, 0xd7, 0x72, 0xc0, 0xff,
    0xfe, 0x10, 0x75, 0x3, 0x50, 0x3f, 0x68, 0x6a,
    0x7, 0xd6, 0x1d, 0x40, 0xf7, 0x83, 0xd4, 0xe,
    0xe0, 0xfa, 0x81, 0xff, 0xc8,

    /* U+5E86 "庆" */
    0xf, 0xfe, 0x5b, 0x87, 0xff, 0x9, 0xe0, 0xfd,
    0xff, 0xfc, 0x10, 0xb0, 0xf6, 0x1f, 0xb0, 0xe7,
    0xf, 0xd8, 0x75, 0x87, 0xec, 0xff, 0xf8, 0x2c,
    0x3b, 0xc1, 0xf3, 0x87, 0x79, 0xf, 0x38, 0x6a,
    0x18, 0x7a, 0x81, 0xb0, 0x38, 0x74, 0x85, 0xc1,
    0x78, 0x36, 0x7, 0x83, 0xbc, 0x8e, 0x3a, 0x1f,
    0x58, 0x7f, 0xf1, 0x40,

    /* U+5E94 "应" */
    0xf, 0xfe, 0x5b, 0x87, 0xff, 0xf, 0x83, 0xf7,
    0xff, 0xf0, 0x42, 0xc3, 0xff, 0x87, 0x87, 0x41,
    0xb0, 0xd9, 0x40, 0x61, 0x38, 0x6c, 0x70, 0x50,
    0x14, 0xd, 0x83, 0x47, 0x6, 0x1d, 0x82, 0x80,
    0xc7, 0xc, 0xe0, 0x70, 0x46, 0x86, 0x70, 0x90,
    0x9c, 0x3a, 0x81, 0xf6, 0x87, 0x6d, 0xff, 0xf0,
    0x30, 0x2f, 0xfc, 0x1f, 0xfc, 0x50,

    /* U+5EA6 "度" */
    0xf, 0xc8, 0x7f, 0xf0, 0xf0, 0xfe, 0xff, 0xfe,
    0x8, 0x5a, 0x4, 0x32, 0x1e, 0xc2, 0xc3, 0x68,
    0x77, 0x7f, 0xfc, 0x16, 0x16, 0x85, 0xa1, 0xd8,
    0x58, 0x6d, 0xe, 0xc2, 0xff, 0x21, 0xd8, 0x7f,
    0xf0, 0xf3, 0xff, 0x90, 0x9c, 0xe, 0x1a, 0xc3,
    0x50, 0x27, 0x57, 0x7, 0x68, 0x6b, 0xe4, 0x3b,
    0x2f, 0xa4, 0xbe, 0x83, 0xff, 0x84, 0xa0,

    /* U+5F00 "开" */
    0x2f, 0xff, 0xe0, 0x41, 0xce, 0x1a, 0x81, 0xf9,
    0xc3, 0x50, 0x3f, 0x38, 0x6a, 0x7, 0xe7, 0xd,
    0x40, 0xfc, 0xe1, 0xa8, 0x1d, 0xff, 0xfc, 0x20,
    0xeb, 0xd, 0x40, 0xfd, 0x40, 0xd4, 0xf, 0xda,
    0x1a, 0x81, 0xf3, 0x87, 0x50, 0x3e, 0xd0, 0xea,
    0x7, 0x3c, 0x1e, 0xa0, 0x75, 0x3, 0xea, 0x7,
    0xff, 0x20,

    /* U+5F15 "引" */
    0x3f, 0xe0, 0x9c, 0x3c, 0xe1, 0x38, 0x79, 0xc2,
    0x70, 0xf3, 0x84, 0xe5, 0xfe, 0x9, 0xcd, 0xf,
    0xce, 0x68, 0x7e, 0x73, 0x5e, 0xc, 0xef, 0xfc,
    0x13, 0x87, 0x9c, 0x27, 0xf, 0x50, 0x27, 0xf,
    0x50, 0x27, 0xe, 0x74, 0x27, 0xb, 0xe8, 0x33,
    0x87, 0xff, 0x4,

    /* U+5F20 "张" */
    0x7f, 0x3, 0xd, 0x21, 0x9c, 0x18, 0x4e, 0x1c,
    0xe0, 0xc2, 0xd0, 0xe7, 0x6, 0x3a, 0x1b, 0xf0,
    0x33, 0x43, 0xb0, 0xce, 0x21, 0xce, 0x17, 0xff,
    0x2b, 0xe, 0xc7, 0xc, 0xfe, 0x6, 0xd, 0xf,
    0x38, 0x30, 0x50, 0x3c, 0xc0, 0xc2, 0xc3, 0xd4,
    0x6, 0x15, 0x87, 0x68, 0xfc, 0x9e, 0x1f, 0x81,
    0x44, 0x34, 0x1f, 0xfc, 0x40,

    /* U+5F69 "彩" */
    0xf, 0x94, 0x1f, 0x9a, 0xbe, 0x82, 0x74, 0x14,
    0x50, 0x79, 0xd0, 0x94, 0x48, 0xe7, 0x83, 0x9c,
    0x73, 0x48, 0x3e, 0x92, 0x70, 0xea, 0x7, 0x38,
    0x7a, 0xc3, 0xce, 0x1d, 0x61, 0xbf, 0xf3, 0xe0,
    0xfd, 0xe8, 0x24, 0x3f, 0x7d, 0x61, 0xce, 0x17,
    0x39, 0x40, 0x9d, 0x7, 0xe, 0x1d, 0x68, 0x50,
    0x1c, 0x27, 0xc8, 0x7c, 0xe1, 0x68, 0x7f, 0xf2,
    0x40,

    /* U+5F85 "待" */
    0xf, 0xfe, 0x3d, 0x3, 0x30, 0x7c, 0xe1, 0xd6,
    0x1e, 0xb0, 0xbf, 0xf2, 0xc, 0x10, 0x66, 0xf,
    0xd6, 0x1a, 0xc3, 0xe7, 0x3f, 0xfc, 0x7, 0xc1,
    0xfb, 0x9, 0xec, 0x3e, 0x70, 0xc9, 0x97, 0xff,
    0x6, 0xc2, 0x43, 0x61, 0xec, 0x2d, 0xb, 0xf,
    0x61, 0xb0, 0xb0, 0xf6, 0x1f, 0x38, 0x7b, 0xe,
    0x7d, 0x7, 0xff, 0x1c,

    /* U+5F88 "很" */
    0xc, 0x87, 0xff, 0xb, 0x8f, 0xfc, 0x1b, 0x81,
    0xa1, 0x9c, 0x2e, 0xb, 0x43, 0xb0, 0x90, 0x67,
    0xfe, 0xe, 0xe3, 0x43, 0x38, 0x6b, 0x6, 0x87,
    0x61, 0x5e, 0x7, 0xfe, 0x3, 0xb8, 0x34, 0xd0,
    0xfd, 0x83, 0x4a, 0xe, 0x86, 0xc1, 0xa0, 0xed,
    0xe, 0xc1, 0xa0, 0x70, 0xfb, 0x6, 0x85, 0x61,
    0xec, 0x1f, 0x81, 0x70, 0x6c, 0x1c, 0x1c, 0xc1,
    0xff, 0xc5,

    /* U+5F97 "得" */
    0xf, 0xfe, 0x3f, 0x17, 0xfc, 0x1a, 0x80, 0xa0,
    0x76, 0x17, 0x5, 0x7f, 0xc1, 0x20, 0xca, 0x7,
    0x61, 0xdc, 0x5d, 0x76, 0x1a, 0xc3, 0xff, 0x83,
    0x78, 0x7f, 0xf4, 0x3b, 0x87, 0xd6, 0x1e, 0xc3,
    0xe7, 0xf, 0x67, 0xff, 0x83, 0x61, 0x41, 0x30,
    0x7b, 0xa, 0x80, 0x60, 0xf6, 0x1a, 0x5, 0x3,
    0xd8, 0x73, 0xe4, 0x20,

    /* U+5FC3 "心" */
    0xf, 0x41, 0xff, 0xc3, 0xb0, 0xff, 0xe1, 0xda,
    0x1f, 0xfc, 0x27, 0x43, 0xf9, 0xc2, 0x43, 0xf4,
    0x38, 0x7a, 0x43, 0x63, 0x87, 0x9c, 0x36, 0x38,
    0x7d, 0xa0, 0x71, 0xc3, 0xea, 0x2, 0x83, 0x87,
    0xce, 0xd, 0x1c, 0x3b, 0x4c, 0x10, 0x1c, 0x3b,
    0x43, 0xf6, 0x84, 0xe1, 0xfd, 0x7f, 0x41, 0x80,

    /* U+5FD9 "忙" */
    0xb, 0xe, 0x60, 0xfd, 0x87, 0xb4, 0x3e, 0xe0,
    0xe5, 0x7, 0x6f, 0x4f, 0xfe, 0x4c, 0xcc, 0x60,
    0xfd, 0x98, 0x8c, 0x1f, 0x31, 0x84, 0xc1, 0xfe,
    0xc2, 0x60, 0xff, 0x61, 0x30, 0x7f, 0xb0, 0x98,
    0x3f, 0xd8, 0x4c, 0x1f, 0xec, 0x26, 0xf, 0xf6,
    0x13, 0xff, 0x6, 0xc3, 0xff, 0x80,

    /* U+5FEB "快" */
    0x3, 0x87, 0x68, 0x7c, 0xe1, 0xda, 0x1e, 0x57,
    0x1f, 0xf8, 0x2d, 0xe4, 0x2d, 0x1c, 0x2d, 0xdc,
    0x2d, 0x1c, 0x2d, 0xc3, 0xb4, 0x70, 0x33, 0x87,
    0x68, 0xe1, 0x9c, 0xff, 0xf0, 0x4e, 0x1d, 0xe0,
    0xf9, 0xc3, 0x56, 0xf, 0x38, 0x6c, 0x1a, 0x1c,
    0xe1, 0x70, 0x2c, 0x39, 0xc7, 0x83, 0x5a, 0x13,
    0x9a, 0x1e, 0x70, 0xff, 0xe2, 0x80,

    /* U+6001 "态" */
    0xf, 0xa8, 0x1f, 0xfc, 0x2e, 0xf, 0xdf, 0xff,
    0xc2, 0xf, 0x9e, 0x81, 0xff, 0xc0, 0xd3, 0x43,
    0xfd, 0xc0, 0x74, 0x3e, 0x7a, 0x60, 0x78, 0x35,
    0xe4, 0xe, 0x8f, 0xa0, 0x48, 0x69, 0xc, 0xa0,
    0x92, 0x4a, 0x5, 0x21, 0xb2, 0x41, 0xc0, 0x70,
    0x9c, 0x90, 0x92, 0x74, 0x1c, 0x50, 0x3b, 0x6c,
    0x8, 0x1f, 0xf8, 0x8,

    /* U+600E "怎" */
    0xd, 0x7, 0xff, 0x9, 0xc3, 0xff, 0x85, 0x7f,
    0xfa, 0xd, 0xa3, 0x87, 0xfb, 0x80, 0xe1, 0xfd,
    0x61, 0x3f, 0xf0, 0x50, 0x67, 0xf, 0xfe, 0x13,
    0xff, 0x21, 0xf3, 0x87, 0xff, 0x9, 0xc3, 0xfc,
    0x88, 0x3c, 0x14, 0x86, 0xcd, 0x5, 0x81, 0xc2,
    0xa1, 0xa1, 0xca, 0xd0, 0x69, 0xa1, 0xda, 0xb0,
    0x20, 0x7f, 0xe0, 0x20,

    /* U+601D "思" */
    0x7, 0xff, 0xc1, 0xb4, 0x2d, 0xb, 0xd, 0x86,
    0xd0, 0xb0, 0xdf, 0xff, 0x6, 0xd0, 0xb4, 0x2c,
    0x36, 0x1b, 0x42, 0xc3, 0x7f, 0xfc, 0x19, 0x7f,
    0xe0, 0xfd, 0xe0, 0xfe, 0x89, 0x2d, 0x6, 0x1b,
    0x34, 0xc, 0xa, 0x2, 0x86, 0x86, 0x63, 0x4c,
    0x1c, 0x1a, 0x85, 0x4, 0xf, 0xf8, 0x30,

    /* U+60C5 "情" */
    0x6, 0x87, 0x68, 0x7d, 0xa7, 0xff, 0x41, 0x72,
    0x1b, 0x43, 0xde, 0x77, 0xff, 0x1, 0xb6, 0xd,
    0xa1, 0xcd, 0xab, 0xff, 0xc4, 0xe8, 0x7f, 0xf0,
    0xb4, 0x1d, 0x77, 0x83, 0x68, 0x30, 0xe7, 0xd,
    0xa0, 0xff, 0xc1, 0xb4, 0x18, 0x73, 0x86, 0xd0,
    0x7f, 0xe0, 0xda, 0xc, 0x39, 0xc3, 0x68, 0x30,
    0xde, 0x80,

    /* U+60D1 "惑" */
    0xf, 0xda, 0x68, 0x7f, 0xda, 0x3c, 0x17, 0xff,
    0xf0, 0x83, 0xf9, 0xc0, 0x87, 0x75, 0x60, 0xc1,
    0xa1, 0xb0, 0xb0, 0x75, 0x7, 0x7f, 0x1, 0xf0,
    0x7f, 0xf0, 0x5f, 0x3, 0x5, 0x5f, 0xad, 0xf3,
    0x82, 0x50, 0x4a, 0xa, 0xd0, 0xa2, 0x4b, 0x40,
    0xa0, 0xd9, 0x20, 0x61, 0x30, 0xa8, 0x50, 0x33,
    0x94, 0x4, 0x7, 0xfd, 0x2, 0x0,

    /* U+60F3 "想" */
    0xd, 0x85, 0xfe, 0x43, 0x38, 0x5a, 0x16, 0x83,
    0xfd, 0x68, 0x5a, 0x1a, 0xc2, 0xff, 0x21, 0xbd,
    0x3, 0x42, 0xd0, 0xb7, 0x77, 0xfc, 0x82, 0x86,
    0x26, 0x85, 0xa0, 0xc1, 0x85, 0xa1, 0x68, 0x76,
    0x15, 0xfc, 0x87, 0x20, 0xd0, 0xfe, 0xc6, 0x1c,
    0x2b, 0x9, 0xc6, 0x2, 0x8, 0xd0, 0x68, 0xe1,
    0x9c, 0x70, 0x21, 0x7f, 0x90, 0xc0,

    /* U+610F "意" */
    0xf, 0xfe, 0x55, 0x3, 0xf7, 0xff, 0xf0, 0x3,
    0x98, 0x35, 0x3, 0x35, 0x75, 0xba, 0xc2, 0xff,
    0xf0, 0x82, 0xff, 0xf0, 0x76, 0x1f, 0xb0, 0xef,
    0xff, 0x7, 0x61, 0xfb, 0xe, 0xff, 0xf0, 0x72,
    0x27, 0x5, 0x6, 0xa1, 0x82, 0x40, 0xe0, 0x70,
    0x61, 0xa8, 0x50, 0x42, 0xff, 0x6,

    /* U+611F "感" */
    0xf, 0xfe, 0x6d, 0x9, 0xd, 0xff, 0xfc, 0x10,
    0xb0, 0xf3, 0x87, 0xdb, 0xfc, 0x60, 0xc3, 0x61,
    0xf6, 0x50, 0x36, 0x7e, 0x8a, 0x61, 0xd9, 0x85,
    0xf, 0x6, 0x63, 0x3, 0x16, 0x90, 0x34, 0xae,
    0xf3, 0xb8, 0x20, 0xe4, 0x40, 0xf0, 0x51, 0xa5,
    0x84, 0xc1, 0xb3, 0x41, 0x42, 0x74, 0x1a, 0x68,
    0x76, 0xac, 0x8, 0x2f, 0xf4, 0x18,

    /* U+6162 "慢" */
    0xb, 0x3, 0xff, 0x7, 0x60, 0x60, 0xec, 0x3b,
    0x47, 0xae, 0xc2, 0x9d, 0x9d, 0x7b, 0xb, 0x33,
    0x17, 0xe0, 0xb3, 0x7, 0xff, 0x2, 0x30, 0x66,
    0xc, 0x18, 0x6c, 0x1d, 0xd3, 0xa6, 0x1b, 0xf,
    0xfe, 0x1e, 0x3f, 0xf9, 0xd, 0x85, 0x40, 0xb8,
    0x3b, 0xd, 0x76, 0x87, 0xb0, 0x37, 0xe9, 0xe,
    0xcf, 0x48, 0x4d, 0xa1, 0xff, 0xc4,

    /* U+6210 "成" */
    0xf, 0xce, 0x50, 0x3f, 0xf8, 0x18, 0x1c, 0x37,
    0xff, 0xf0, 0x42, 0xd0, 0xce, 0x87, 0xda, 0x1d,
    0x87, 0xed, 0xe, 0xd1, 0xc3, 0x7f, 0x26, 0x94,
    0xd, 0xa0, 0xd2, 0x86, 0x1d, 0x85, 0xa3, 0xd0,
    0x3b, 0xb, 0x41, 0xe0, 0xe7, 0xb, 0x3, 0xc0,
    0x81, 0x67, 0xa1, 0xf8, 0x18, 0x34, 0x35, 0xa7,
    0x38, 0x30, 0xce, 0x1a, 0xe0, 0xff, 0xe2, 0x80,

    /* U+6211 "我" */
    0xe, 0x68, 0x62, 0x83, 0x5f, 0x90, 0x69, 0xc1,
    0xea, 0x5, 0xa0, 0xd0, 0xea, 0x5, 0xa1, 0xef,
    0xff, 0xe1, 0x7, 0x70, 0x54, 0xf, 0xea, 0x5,
    0x60, 0xc3, 0xd4, 0x65, 0x67, 0x4, 0xdf, 0x48,
    0x3b, 0xd, 0xcf, 0x6, 0xf0, 0x7e, 0xa0, 0x57,
    0x2, 0xe, 0xa0, 0x3c, 0xe0, 0x90, 0xda, 0xb8,
    0x16, 0xe1, 0x7c, 0x1f, 0x5c, 0x1f, 0xfc, 0x50,

    /* U+6216 "或" */
    0xf, 0xec, 0xa0, 0x7f, 0xf0, 0x30, 0x38, 0x5f,
    0xff, 0xc2, 0xf, 0xf6, 0x87, 0xff, 0xb, 0x40,
    0x86, 0xfe, 0x8d, 0x6, 0x1b, 0xa, 0x85, 0xa,
    0x6, 0xc2, 0xa1, 0x66, 0x86, 0xd0, 0x50, 0x7a,
    0x7, 0x7f, 0x20, 0xf0, 0x7f, 0xc8, 0x38, 0x8,
    0x15, 0x7d, 0x3d, 0x83, 0x4a, 0x28, 0x16, 0x9e,
    0x70, 0xf9, 0x83, 0x5c, 0x0,

    /* U+6218 "战" */
    0xb, 0xe, 0xc4, 0x3d, 0x87, 0x65, 0x3, 0xb0,
    0xec, 0x1a, 0x1b, 0xf0, 0x30, 0xfd, 0x86, 0x7b,
    0xe0, 0xd8, 0x54, 0xe4, 0x39, 0xc3, 0xa4, 0x63,
    0xfe, 0x3, 0x18, 0x30, 0xec, 0xf, 0x40, 0x61,
    0xd8, 0x5e, 0xb, 0xe, 0xc2, 0xd0, 0xb0, 0xec,
    0x1e, 0x88, 0xff, 0x8e, 0x3b, 0x34, 0x27, 0x90,
    0x3c, 0x1f, 0xfc, 0x40,

    /* U+624B "手" */
    0xf, 0xfe, 0x2, 0x1f, 0x2e, 0xbf, 0x21, 0xbf,
    0x5e, 0x43, 0xff, 0x83, 0x40, 0xff, 0xe1, 0x50,
    0x3f, 0xbf, 0xff, 0x80, 0x87, 0xea, 0x7, 0xff,
    0xa, 0x81, 0xff, 0xc2, 0xa0, 0x7e, 0xff, 0xfe,
    0x10, 0x7e, 0xa0, 0x7f, 0xf0, 0xa8, 0x1f, 0xfc,
    0x2a, 0x7, 0xff, 0xa, 0x81, 0xff, 0x5f, 0x7,
    0xe0,

    /* U+624D "才" */
    0xf, 0xea, 0x7, 0xff, 0xa, 0x81, 0xff, 0xc2,
    0xb0, 0xf7, 0xff, 0xf0, 0x83, 0xfb, 0xd0, 0x7f,
    0xf0, 0x3a, 0x83, 0xfe, 0xb2, 0x81, 0xfe, 0xb0,
    0x50, 0x3f, 0xad, 0x5, 0x3, 0xf5, 0xa1, 0x50,
    0x3c, 0xf8, 0x3a, 0x81, 0xee, 0xf, 0x50, 0x3f,
    0xf8, 0x54, 0xf, 0xf9, 0xf9, 0xf, 0xfe, 0x48,

    /* U+6253 "打" */
    0xa, 0x81, 0xff, 0xc2, 0xa0, 0x3f, 0xf4, 0x15,
    0x3, 0xd6, 0x1b, 0xfa, 0xc, 0xe1, 0xea, 0x7,
    0x9c, 0x3d, 0x40, 0xf3, 0x87, 0xa8, 0xa0, 0xce,
    0x1c, 0xfd, 0x6, 0x70, 0xdf, 0x41, 0xe7, 0xf,
    0x50, 0x3c, 0xe1, 0xea, 0x7, 0x9c, 0x3d, 0x40,
    0xf3, 0x87, 0xa8, 0x1e, 0xb0, 0xcf, 0x83, 0x3f,
    0x21, 0xff, 0xc7,

    /* U+626C "扬" */
    0xf, 0xfe, 0x3e, 0xf, 0xf9, 0xe, 0xc3, 0xcf,
    0x6, 0x56, 0xa0, 0x9e, 0xe, 0xfe, 0x3, 0xa1,
    0xfb, 0xa, 0xd0, 0xfe, 0xc1, 0x7f, 0xe0, 0xd8,
    0x82, 0x85, 0xc, 0x2b, 0xd0, 0x30, 0x60, 0xc7,
    0xe0, 0xb4, 0x71, 0xc3, 0x60, 0xe0, 0x60, 0x60,
    0xd8, 0x10, 0x50, 0x14, 0xd, 0x86, 0xa0, 0x5a,
    0x13, 0x85, 0xc1, 0x38, 0x5e, 0x81, 0x40, 0xbd,
    0x7, 0xff, 0x18,

    /* U+6280 "技" */
    0xb, 0xf, 0x61, 0xfb, 0xf, 0x61, 0xfb, 0x4b,
    0xff, 0x3, 0xf8, 0x27, 0x43, 0xec, 0x3d, 0x87,
    0xec, 0x3d, 0xa1, 0xf6, 0x7, 0xfe, 0x42, 0x7e,
    0x34, 0x36, 0x17, 0xc8, 0x58, 0x5c, 0x1d, 0x86,
    0xa1, 0x61, 0xec, 0x3b, 0xe0, 0xfb, 0xc, 0xfc,
    0x87, 0xb0, 0x3e, 0x47, 0x90, 0x7a, 0x1d, 0xe,
    0xb0, 0xff, 0xe2, 0x80,

    /* U+628A "把" */
    0x3, 0x81, 0xff, 0xc1, 0x38, 0x1c, 0x1a, 0x58,
    0x4e, 0x7, 0x6, 0x7, 0x7, 0xe9, 0xc1, 0x81,
    0xc2, 0x70, 0x38, 0x30, 0x38, 0x4e, 0x7, 0x6,
    0x7, 0x9, 0xc0, 0xe0, 0xd2, 0xc2, 0x7e, 0x7f,
    0xf0, 0x29, 0x81, 0xc3, 0xc8, 0x4e, 0x7, 0xf,
    0xf3, 0x81, 0xc3, 0xca, 0x3, 0x81, 0xc3, 0xd4,
    0x3, 0x85, 0xa1, 0xda, 0x5c, 0x15, 0xfe, 0x80,

    /* U+62C7 "拇" */
    0xb, 0xb, 0xfe, 0x43, 0x61, 0x61, 0xd2, 0x13,
    0x85, 0x94, 0x6, 0x83, 0xf4, 0x60, 0xd3, 0x43,
    0x61, 0x61, 0x26, 0x86, 0xc7, 0xff, 0x90, 0xb5,
    0xb5, 0xed, 0x3, 0x79, 0x59, 0xa0, 0xd0, 0x76,
    0x6, 0x6, 0x98, 0x76, 0xa, 0x7, 0x61, 0xd8,
    0x2f, 0xfc, 0x1b, 0x9, 0x7d, 0xa1, 0xb0, 0xfd,
    0x61, 0x5c, 0x1e, 0xbc, 0x87, 0xff, 0x18,

    /* U+62DB "招" */
    0xb, 0x3, 0xff, 0x83, 0x61, 0xd4, 0xb, 0x9,
    0xc3, 0xb4, 0x2c, 0x1f, 0xc0, 0x70, 0x9c, 0x36,
    0x1b, 0x82, 0x70, 0xd8, 0x56, 0x1a, 0x81, 0xb0,
    0x78, 0x2b, 0x83, 0x3f, 0x7, 0xfd, 0xf0, 0x5f,
    0xf8, 0x36, 0x16, 0x86, 0x70, 0xd8, 0x5a, 0x19,
    0xc3, 0x61, 0x68, 0x67, 0x9, 0xc2, 0xff, 0xc0,
    0xf4, 0x16, 0xbe, 0xc0,

    /* U+62DC "拜" */
    0xe, 0x50, 0x7f, 0x9b, 0xe6, 0xff, 0x81, 0x34,
    0xe, 0x70, 0xfa, 0x81, 0xce, 0x1f, 0x50, 0x2f,
    0xf4, 0xf, 0xf0, 0xab, 0x58, 0x35, 0x3, 0x9c,
    0x3e, 0xa0, 0x73, 0x87, 0xd4, 0x3, 0xff, 0x2,
    0x9e, 0xa0, 0x4e, 0x1c, 0xdc, 0xa0, 0x9c, 0x3e,
    0xc2, 0xff, 0xc8, 0x28, 0x1e, 0x70, 0xe7, 0xf,
    0x9c, 0x3b, 0x43, 0xe7, 0xf, 0xfe, 0x40,

    /* U+62E2 "拢" */
    0xb, 0xd, 0xa2, 0x83, 0xd8, 0x6c, 0x2b, 0xc,
    0xe8, 0x58, 0x64, 0x2f, 0xeb, 0xff, 0x41, 0x61,
    0xb1, 0xc3, 0xec, 0x36, 0xc, 0x8, 0x6c, 0x47,
    0x6, 0x58, 0x4f, 0xc3, 0x3, 0x34, 0x1f, 0x20,
    0x90, 0x7a, 0xe, 0xc2, 0xc2, 0xf0, 0x7b, 0x5,
    0x0, 0xe1, 0xf6, 0xc, 0xf, 0x82, 0x42, 0xce,
    0x28, 0xe0, 0x62, 0xe6, 0x2, 0xf, 0xc8, 0x7f,
    0xf1, 0x0,

    /* U+62F3 "拳" */
    0xf, 0x98, 0x3f, 0xce, 0xa, 0x2, 0x43, 0xed,
    0x34, 0x70, 0xf7, 0xff, 0xf0, 0x3, 0xf7, 0x7,
    0xff, 0x5, 0xd0, 0xfe, 0xff, 0xfe, 0x10, 0x67,
    0x40, 0xaf, 0x7, 0xae, 0xfc, 0x96, 0x85, 0xc1,
    0xa8, 0x13, 0xe4, 0x47, 0xff, 0x42, 0x1f, 0xa8,
    0x1f, 0xdf, 0xff, 0xc0, 0xf, 0xea, 0x7, 0xff,
    0x3, 0xe4, 0x3e,

    /* U+62FC "拼" */
    0xf, 0xfe, 0x3e, 0x1a, 0xd, 0x87, 0x61, 0xa8,
    0x7, 0xc, 0xe1, 0xd8, 0x30, 0xdf, 0xa7, 0xff,
    0x6, 0xc3, 0x38, 0x30, 0xf6, 0x19, 0xc1, 0x87,
    0xb4, 0x27, 0x6, 0x19, 0xbc, 0xff, 0xf2, 0x76,
    0x1a, 0xc7, 0x43, 0xb0, 0xd4, 0x6, 0x1e, 0xc3,
    0x68, 0x30, 0xf6, 0x15, 0x85, 0x87, 0x38, 0x1c,
    0x36, 0x1a, 0xe0, 0x68, 0x6c, 0x3f, 0xf8, 0xe0,

    /* U+6301 "持" */
    0xf, 0xfe, 0x3e, 0x1e, 0xc3, 0xf6, 0x1e, 0xd0,
    0xfb, 0xb, 0xfe, 0x81, 0xfc, 0x1b, 0xf, 0xd8,
    0x7b, 0x43, 0xec, 0x1f, 0xfc, 0x85, 0x87, 0xed,
    0xc, 0xfa, 0xf, 0x68, 0x5f, 0x27, 0xff, 0x21,
    0x61, 0x90, 0xb4, 0x3b, 0xd, 0x85, 0xa1, 0xd8,
    0x66, 0x6, 0x87, 0x61, 0xfb, 0x42, 0xb8, 0x3d,
    0xf0, 0x40,

    /* U+6307 "指" */
    0xf, 0xfe, 0x3e, 0x16, 0x1f, 0xf6, 0x16, 0x6,
    0xe0, 0xec, 0x2f, 0xa4, 0x33, 0xfc, 0x68, 0x76,
    0x1b, 0xb, 0x43, 0x38, 0x6c, 0x27, 0xfc, 0x86,
    0xd4, 0x1f, 0xf3, 0x7a, 0x3f, 0xe4, 0x7b, 0xb,
    0x43, 0x68, 0x6c, 0x2c, 0x3b, 0x43, 0x61, 0x7f,
    0xc8, 0x6c, 0x2c, 0x3b, 0x43, 0x61, 0x68, 0x6d,
    0x7, 0xa0, 0xbd, 0x5b, 0x43, 0xff, 0x8a,

    /* U+6309 "按" */
    0xf, 0xfe, 0x3e, 0x1e, 0xc3, 0xf6, 0x1e, 0xd0,
    0xfb, 0x4b, 0xaf, 0x60, 0xfe, 0x91, 0x41, 0x61,
    0xb0, 0x28, 0xd0, 0xa0, 0xd8, 0x67, 0xf, 0xec,
    0x1f, 0xfc, 0x85, 0xd8, 0x30, 0xa8, 0x15, 0xe8,
    0x16, 0x16, 0x84, 0x98, 0x5e, 0x47, 0xf, 0x61,
    0x9f, 0x90, 0xf6, 0x1c, 0xfa, 0xf, 0x61, 0x3e,
    0x5, 0xa0, 0xbc, 0xa, 0x21, 0x9c, 0x3f, 0xf8,
    0xa0,

    /* U+6311 "挑" */
    0xb, 0xd, 0x83, 0xf, 0xb0, 0xd8, 0x30, 0x21,
    0xb1, 0xcc, 0x18, 0x30, 0x7e, 0xa3, 0x83, 0x28,
    0x1b, 0xb, 0xc0, 0xec, 0x3b, 0xd, 0x83, 0xf,
    0xb5, 0x3, 0x6, 0x86, 0x6f, 0x23, 0x83, 0xd0,
    0x5d, 0x83, 0xe0, 0x65, 0x86, 0xce, 0x30, 0x60,
    0x90, 0xb0, 0xa8, 0xc, 0x3e, 0xc2, 0xc2, 0xc0,
    0xe0, 0x71, 0xd0, 0xb9, 0xa1, 0x71, 0x21, 0x9f,
    0x80,

    /* U+6325 "挥" */
    0x3, 0x8f, 0xff, 0x4, 0xe3, 0x87, 0x9c, 0x14,
    0xea, 0x1c, 0x27, 0x7, 0xe4, 0x14, 0xf, 0xce,
    0xb, 0xfe, 0xc, 0xe1, 0x39, 0x7, 0xce, 0x16,
    0x9a, 0x1e, 0x7c, 0xad, 0x5c, 0xa0, 0xbe, 0x47,
    0xfe, 0x42, 0x70, 0xf6, 0x87, 0x9c, 0xbf, 0xf9,
    0x3, 0x81, 0x76, 0xb8, 0x27, 0xf, 0x68, 0x75,
    0xa1, 0xed, 0xc,

    /* U+6362 "换" */
    0xf, 0xfe, 0x33, 0x86, 0xd0, 0xfc, 0xe1, 0x3f,
    0xc8, 0x67, 0xb, 0xa, 0xc3, 0x7e, 0xb8, 0xe,
    0x87, 0x38, 0xff, 0xe0, 0xce, 0xa, 0xe, 0xc,
    0x33, 0x82, 0x83, 0x83, 0x9, 0xbc, 0x50, 0x60,
    0x61, 0x76, 0x5f, 0xfc, 0x13, 0x86, 0x7c, 0x87,
    0x9c, 0x35, 0x1c, 0x3c, 0xe1, 0x58, 0x2c, 0x39,
    0xc7, 0x83, 0x5a, 0xb, 0x8d, 0xf, 0x38, 0x7f,
    0xf1, 0x40,

    /* U+636E "据" */
    0xb, 0x3, 0xff, 0x83, 0x60, 0x60, 0xf6, 0x5,
    0x6b, 0x41, 0xec, 0x14, 0xe8, 0xff, 0xe0, 0xd8,
    0x1c, 0xe, 0x1f, 0x60, 0xa0, 0x58, 0x7d, 0x8d,
    0xff, 0x91, 0xbd, 0x50, 0x58, 0x77, 0x60, 0x90,
    0xb0, 0xfb, 0x6, 0xff, 0xc1, 0xb0, 0x66, 0x1d,
    0x86, 0xc7, 0x30, 0xec, 0x27, 0x28, 0x61, 0xd8,
    0x2e, 0x30, 0x7f, 0xc0,

    /* U+638C "掌" */
    0xa, 0x41, 0x40, 0x38, 0x79, 0xc1, 0x40, 0x68,
    0x6b, 0xff, 0xf8, 0x20, 0x90, 0xff, 0x38, 0x25,
    0x75, 0xee, 0x70, 0xcc, 0x1e, 0xa0, 0x79, 0xff,
    0xc8, 0x79, 0x75, 0x6e, 0xf, 0x2e, 0xa0, 0x7f,
    0x7f, 0xff, 0x0, 0x3f, 0xa8, 0x1f, 0xbf, 0xff,
    0x84, 0x1f, 0xa8, 0x1f, 0xfc, 0xf, 0x90, 0xf8,

    /* U+63A5 "接" */
    0x4, 0x87, 0x48, 0x7d, 0x20, 0xab, 0xd5, 0x21,
    0x50, 0xc, 0xbb, 0x41, 0x7e, 0x5, 0x0, 0xe1,
    0xd2, 0x1b, 0x6, 0x1e, 0x92, 0xff, 0xe0, 0xa4,
    0x3b, 0xf, 0xdf, 0x5, 0x40, 0xf5, 0xe8, 0xff,
    0xf0, 0x52, 0x16, 0x85, 0x87, 0x48, 0x2d, 0x7,
    0x7, 0x48, 0x6b, 0xe0, 0xf4, 0x81, 0x5e, 0x6e,
    0xb, 0xc0, 0xf4, 0x86, 0xd0, 0xff, 0xe2, 0x80,

    /* U+63D0 "提" */
    0xb, 0xb, 0xfe, 0xe, 0xc2, 0xc3, 0xb0, 0xce,
    0x17, 0x5d, 0x85, 0xfa, 0x30, 0xec, 0x3b, 0xb,
    0xae, 0xc3, 0xb0, 0xff, 0xe1, 0xea, 0xaf, 0xe0,
    0x37, 0x97, 0xb5, 0xc0, 0xec, 0x2c, 0x18, 0x7e,
    0xc0, 0xe0, 0xfc, 0x86, 0xc1, 0x60, 0xc3, 0xf6,
    0xe, 0x86, 0x1f, 0xb1, 0xcb, 0xc1, 0xef, 0x46,
    0x13, 0xfc, 0x87, 0xff, 0x10,

    /* U+63E1 "握" */
    0x6, 0x8f, 0xfe, 0x42, 0xd1, 0xc3, 0xda, 0x16,
    0x8e, 0x1e, 0xd2, 0xfc, 0xf5, 0xf2, 0x16, 0x8e,
    0x1f, 0xf6, 0x8f, 0xfe, 0x42, 0xd1, 0x81, 0x82,
    0xe, 0xfa, 0x86, 0x82, 0x80, 0xbd, 0x14, 0xff,
    0x90, 0xb4, 0x90, 0xb4, 0x3d, 0xa6, 0xff, 0xc8,
    0x5a, 0x61, 0xb4, 0x3d, 0xb4, 0xd, 0xa1, 0x9f,
    0x19, 0xff, 0xc1, 0xff, 0xc5,

    /* U+642D "搭" */
    0xb, 0xa, 0x40, 0xe1, 0xec, 0x6f, 0x55, 0xd0,
    0x27, 0x15, 0xca, 0xb5, 0x3, 0xf2, 0x48, 0xac,
    0x3d, 0x86, 0x7c, 0x87, 0xd8, 0x4e, 0xad, 0xf,
    0x6a, 0xb4, 0xf, 0x83, 0x5f, 0x53, 0xf5, 0x30,
    0x7c, 0x1f, 0xfc, 0x3c, 0xf, 0xfa, 0xe, 0xc0,
    0xc1, 0x9c, 0x3b, 0x3, 0x6, 0x70, 0xce, 0x6,
    0xc, 0xe1, 0x7a, 0x3, 0xff, 0x7, 0xff, 0x18,

    /* U+6444 "摄" */
    0xb, 0x2f, 0xfe, 0xd, 0x82, 0x43, 0x30, 0x54,
    0xe2, 0xff, 0x41, 0x53, 0x89, 0xc, 0xc1, 0xd8,
    0x2e, 0xb7, 0x7, 0x60, 0x90, 0xce, 0x1d, 0xd3,
    0xff, 0x40, 0xbc, 0x87, 0xff, 0x2, 0x73, 0xf5,
    0xfc, 0x1b, 0x10, 0x64, 0x92, 0x1b, 0x1e, 0x80,
    0xdc, 0x3b, 0x5, 0xc0, 0xb0, 0xe7, 0x2c, 0x9b,
    0xb4, 0x17, 0x30, 0x5c, 0x7, 0xf, 0xfe, 0x28,

    /* U+6447 "摇" */
    0xf, 0xfe, 0x3e, 0x19, 0x6b, 0xd0, 0x6c, 0x1d,
    0x65, 0x7, 0x38, 0x14, 0x30, 0x28, 0xf, 0xc9,
    0x83, 0x6, 0x1d, 0x85, 0x21, 0x28, 0x3b, 0xb,
    0xff, 0x6, 0xc1, 0xa0, 0xc3, 0xeb, 0xca, 0xb,
    0xf, 0x7c, 0x3f, 0xfd, 0x5, 0x81, 0xb, 0x9,
    0xd, 0x83, 0x41, 0x81, 0xc3, 0x60, 0xd0, 0x60,
    0x70, 0x9c, 0x1e, 0xbd, 0x4f, 0x3, 0xd0, 0x4b,
    0xf6, 0x0,

    /* U+644A "摊" */
    0xf, 0xfe, 0x2e, 0x1f, 0x6a, 0xd, 0x87, 0xd9,
    0xa1, 0x6a, 0xf8, 0x91, 0x8b, 0xe8, 0x1b, 0xfe,
    0x6, 0x1b, 0xe0, 0x61, 0xb0, 0x66, 0xe0, 0xc3,
    0x75, 0x71, 0xfd, 0x37, 0x93, 0x4c, 0x18, 0x15,
    0x85, 0xc6, 0xc, 0x36, 0x17, 0x8f, 0xe8, 0x18,
    0x26, 0x70, 0x61, 0xb2, 0xc2, 0xc1, 0x86, 0xc4,
    0x37, 0xf9, 0xf0, 0x7b, 0x43, 0xff, 0x8e,

    /* U+64AD "播" */
    0xf, 0xfe, 0x3e, 0xf, 0xe9, 0x41, 0xd8, 0x50,
    0x30, 0x61, 0x2b, 0x41, 0x43, 0x24, 0x2f, 0xd0,
    0xc6, 0x61, 0xec, 0x7f, 0xf8, 0x36, 0x1a, 0xf5,
    0x3, 0xda, 0x8b, 0x32, 0x81, 0x37, 0xe8, 0x18,
    0x2d, 0x3b, 0x3, 0xff, 0x21, 0xb0, 0x38, 0x30,
    0x68, 0x6c, 0xf, 0xfc, 0x86, 0xc0, 0xe0, 0xc1,
    0xa1, 0xb0, 0x38, 0x30, 0x68, 0x2e, 0x3, 0xff,
    0x21, 0xff, 0xc5,

    /* U+64CD "操" */
    0xb, 0xd, 0xfd, 0x7, 0x61, 0xb0, 0x98, 0x26,
    0xd0, 0xb5, 0xa8, 0x15, 0xe9, 0x2, 0xf8, 0x3b,
    0x5, 0xf1, 0x7c, 0x1b, 0x6, 0xc, 0xc1, 0x21,
    0x69, 0x82, 0x30, 0x48, 0xde, 0x7f, 0x3f, 0x93,
    0xb0, 0xf6, 0x87, 0xd8, 0x3f, 0xfa, 0xb, 0xc,
    0xfd, 0x7, 0xb0, 0xad, 0xde, 0xc, 0xe5, 0xc0,
    0xd2, 0xd1, 0xe2, 0xd, 0xa1, 0xff, 0xc8,

    /* U+6536 "收" */
    0xf, 0xfe, 0x3e, 0x83, 0x43, 0xc8, 0x34, 0x18,
    0x79, 0xc1, 0xa3, 0x87, 0x9c, 0x1a, 0x7f, 0xca,
    0xc1, 0xa6, 0x81, 0xc0, 0xe0, 0xdb, 0x81, 0x40,
    0x38, 0x3b, 0x30, 0x68, 0x1c, 0x1a, 0x8a, 0x18,
    0x4e, 0xd, 0xb, 0xa0, 0x4f, 0xe4, 0x2b, 0xd,
    0x69, 0xa1, 0x79, 0xf, 0xb4, 0x1c, 0xe8, 0x7b,
    0x57, 0x1, 0xe0, 0xed, 0x90, 0xe8,

    /* U+653E "放" */
    0xf, 0xfe, 0x3b, 0x86, 0x70, 0xfe, 0xc3, 0x50,
    0x3d, 0x5f, 0x1c, 0x1e, 0x6d, 0x71, 0xfe, 0x40,
    0xe1, 0xac, 0x2c, 0x33, 0xf9, 0xf2, 0x38, 0x67,
    0x57, 0x46, 0x28, 0x19, 0xc1, 0x85, 0x9a, 0x19,
    0x81, 0x85, 0x78, 0x3a, 0x80, 0xc2, 0x74, 0x3b,
    0x41, 0x85, 0x70, 0x76, 0x16, 0xb, 0x74, 0x2e,
    0x3, 0x9e, 0x3, 0xc0, 0xc7, 0xcd, 0x3, 0x38,
    0x7f, 0xf1, 0x40,

    /* U+6562 "敢" */
    0xf, 0xf4, 0x87, 0x3f, 0xc1, 0x61, 0xff, 0x60,
    0x70, 0xff, 0x38, 0x2d, 0x70, 0x3f, 0xeb, 0xfc,
    0x83, 0x41, 0xab, 0x41, 0x86, 0xd0, 0x6d, 0xc3,
    0x86, 0xfe, 0x7b, 0x18, 0x36, 0x83, 0x51, 0x9a,
    0x1b, 0xf9, 0x5, 0x30, 0xed, 0x6, 0x85, 0xc1,
    0xda, 0xde, 0x81, 0xc1, 0x3f, 0xae, 0x7, 0x68,
    0x48, 0x6d, 0x5c, 0xe, 0xf, 0xb6, 0x43, 0x61,
    0xff, 0xc5,

    /* U+6570 "数" */
    0x2, 0x69, 0x2, 0xf, 0xb3, 0x68, 0xc, 0x3c,
    0xcf, 0x44, 0x70, 0xf5, 0x3e, 0xa3, 0x7f, 0x21,
    0x7d, 0x3, 0x81, 0x86, 0xed, 0xb7, 0xc0, 0xc2,
    0xd3, 0x41, 0x38, 0xc1, 0xcc, 0x14, 0x54, 0x85,
    0x7f, 0x80, 0xf8, 0x39, 0xc1, 0x21, 0x70, 0x77,
    0x87, 0xd, 0xe0, 0xf3, 0xe4, 0x2d, 0xe0, 0xeb,
    0x71, 0xe0, 0x70, 0x3c, 0x84, 0xe8, 0x6d, 0xf,
    0xfe, 0x20,

    /* U+6574 "整" */
    0xf, 0xfe, 0x2f, 0xfc, 0x9a, 0x1f, 0xb4, 0x27,
    0xf9, 0x1f, 0xe8, 0xe5, 0x68, 0x18, 0xd3, 0xd6,
    0x58, 0x4f, 0xf8, 0x14, 0xc3, 0xd7, 0x90, 0xdc,
    0x1d, 0x4d, 0xa0, 0xf7, 0x5, 0xc6, 0x82, 0xd0,
    0x58, 0x5f, 0xff, 0xc0, 0x43, 0xf5, 0x3, 0xfc,
    0xa0, 0x50, 0x3f, 0xcc, 0xb, 0xac, 0x1e, 0x60,
    0x50, 0x3f, 0x7f, 0xff, 0x9,

    /* U+6587 "文" */
    0xf, 0xa0, 0xff, 0xe1, 0xf0, 0x7f, 0xf0, 0x9c,
    0x3f, 0x7f, 0xff, 0x8, 0xa, 0xb5, 0xf7, 0x28,
    0x3b, 0xf, 0x61, 0xfa, 0x81, 0xa8, 0x1f, 0xda,
    0x16, 0x1f, 0xe7, 0x7, 0x7, 0xfd, 0x76, 0x1f,
    0xfc, 0x1f, 0x7, 0xff, 0x1, 0xfc, 0x87, 0xf5,
    0xa0, 0x79, 0xc, 0xfa, 0xf, 0x5e, 0x81, 0xc1,
    0xfe, 0xb0, 0xff, 0xe2, 0x80,

    /* U+65AD "断" */
    0xf, 0xfe, 0x1e, 0x16, 0x21, 0x36, 0x99, 0x99,
    0x9e, 0x43, 0x64, 0xea, 0x30, 0xf6, 0x26, 0x83,
    0xf, 0x6d, 0x3a, 0x38, 0x7b, 0x55, 0xa8, 0xff,
    0x18, 0x3d, 0x3, 0x6, 0x83, 0x1f, 0x50, 0xc1,
    0xa0, 0xdd, 0xcd, 0xc1, 0xa0, 0xe8, 0x60, 0x70,
    0x68, 0x34, 0x18, 0x18, 0x1a, 0xd, 0x4, 0x9,
    0x6, 0x83, 0xff, 0x5, 0xa1, 0xfd, 0x5, 0xa1,
    0xff, 0xc5,

    /* U+65B0 "新" */
    0xc, 0x87, 0xff, 0xf, 0xe, 0x6f, 0x20, 0xff,
    0x8e, 0x43, 0xd0, 0x58, 0x30, 0xfd, 0x23, 0x83,
    0xf, 0xd4, 0x24, 0x18, 0x7d, 0xff, 0x3f, 0xe4,
    0x36, 0x1b, 0x6, 0x87, 0xb4, 0xe, 0xd, 0xb,
    0xfe, 0x60, 0x68, 0x64, 0xc4, 0x60, 0x68, 0x4e,
    0x66, 0xd0, 0x1a, 0x16, 0xc, 0x6d, 0x6, 0x84,
    0x83, 0x3, 0x85, 0xa1, 0xde, 0x3, 0x5, 0xa0,

    /* U+65B9 "方" */
    0xf, 0x94, 0x1f, 0xfc, 0x1b, 0xf, 0xfe, 0x16,
    0x1f, 0x7f, 0xff, 0x8, 0x5d, 0x6b, 0xf8, 0x3a,
    0x81, 0xff, 0xc1, 0xa0, 0x7f, 0xf0, 0x7f, 0xf2,
    0x1e, 0xd0, 0xed, 0xe, 0x70, 0xf6, 0x1e, 0xe0,
    0xf6, 0x1c, 0xe1, 0xe7, 0xe, 0xe0, 0xf3, 0x84,
    0xf8, 0x3e, 0xe0, 0xb8, 0x3b, 0xe8, 0x3f, 0xf8,
    0xc0,

    /* U+65C1 "旁" */
    0xf, 0x90, 0xff, 0xe1, 0xd0, 0x3f, 0x5f, 0xff,
    0xc0, 0x83, 0xa8, 0x1a, 0x81, 0xfd, 0x86, 0xd0,
    0xeb, 0xff, 0xf8, 0x10, 0x24, 0x32, 0x1d, 0x40,
    0x28, 0x35, 0x86, 0x50, 0x3f, 0xff, 0x84, 0x1e,
    0xe0, 0xff, 0xe1, 0x68, 0x7f, 0xf0, 0x6f, 0xfc,
    0x1e, 0x78, 0x39, 0xc3, 0x37, 0x7, 0xac, 0x27,
    0x83, 0xaf, 0x90, 0xff, 0xe3, 0x80,

    /* U+65E5 "日" */
    0xf, 0xfe, 0xf, 0xff, 0x93, 0xf, 0xda, 0x61,
    0xfb, 0x4c, 0x3f, 0x69, 0x87, 0xed, 0x3f, 0xfc,
    0x9a, 0x1f, 0x69, 0x87, 0xed, 0x30, 0xfd, 0xa6,
    0x1f, 0xb4, 0xc3, 0xf6, 0x9f, 0xfe, 0x4c, 0x3f,
    0x68,

    /* U+65F6 "时" */
    0xf, 0xfb, 0xb, 0xf8, 0x3d, 0x85, 0xa0, 0xc3,
    0xda, 0xc, 0x2d, 0xff, 0xc6, 0x16, 0x1e, 0xc2,
    0xd6, 0xc0, 0x85, 0x85, 0xfc, 0x38, 0x58, 0x58,
    0x58, 0x2c, 0x18, 0x58, 0x58, 0x5c, 0x61, 0x61,
    0x61, 0xec, 0x2f, 0xe0, 0xf6, 0x16, 0x87, 0xf6,
    0x14, 0x1f, 0xce, 0x1f, 0xf7, 0xd0, 0x40,

    /* U+660E "明" */
    0xfe, 0x7, 0xfe, 0x41, 0x83, 0xc, 0xf8, 0x2c,
    0x18, 0x67, 0xc1, 0x60, 0xc3, 0x3e, 0x41, 0x83,
    0xff, 0xf8, 0x0, 0xd7, 0x5e, 0xb, 0x6, 0x19,
    0xf0, 0x58, 0xe1, 0x9f, 0x5, 0x8f, 0xff, 0xf0,
    0xa, 0x6, 0x7c, 0x86, 0xd0, 0xce, 0x1d, 0x61,
    0xce, 0x19, 0xd0, 0xeb, 0xd, 0xa1, 0xbe, 0x43,
    0xff, 0x84,

    /* U+661F "星" */
    0x3, 0xff, 0xe4, 0x27, 0xf, 0xda, 0x13, 0x87,
    0xed, 0x9, 0xeb, 0xf6, 0x84, 0xe1, 0xfb, 0x42,
    0x7f, 0xfc, 0x86, 0xa0, 0x14, 0x1f, 0xdc, 0xa,
    0x7, 0xef, 0xff, 0xe0, 0x3, 0x83, 0x50, 0x3f,
    0xbf, 0xfc, 0x87, 0xea, 0x7, 0xff, 0x6, 0x81,
    0xf7, 0xff, 0xf0, 0x80,

    /* U+662F "是" */
    0x3, 0xff, 0xe4, 0x33, 0x87, 0xed, 0xc, 0xff,
    0xf9, 0xc, 0xe1, 0xfb, 0x43, 0x38, 0x7e, 0xd0,
    0xcd, 0x7f, 0x83, 0xff, 0x91, 0xff, 0xfc, 0x20,
    0xe4, 0xc, 0x1f, 0xea, 0x1, 0xd7, 0x83, 0xb8,
    0xf, 0x5c, 0x1a, 0xf4, 0x30, 0x7e, 0x74, 0xf5,
    0x87, 0xed, 0x9, 0xbf, 0xe0, 0xff, 0xe2, 0x80,

    /* U+666F "景" */
    0x3, 0xff, 0xe4, 0x33, 0x87, 0xed, 0xc, 0xff,
    0xf9, 0xc, 0xe1, 0xfb, 0x43, 0xbf, 0xfc, 0x19,
    0x7d, 0xcb, 0xe0, 0x57, 0xff, 0x8, 0x35, 0x7f,
    0x83, 0xda, 0x1e, 0x70, 0xf6, 0x1f, 0xb0, 0xf7,
    0xff, 0x83, 0xe9, 0x28, 0x28, 0x39, 0xb4, 0x14,
    0x5, 0xc1, 0x48, 0x2f, 0x21, 0x94, 0x0,

    /* U+66F4 "更" */
    0x3f, 0xff, 0x84, 0x1f, 0xa8, 0x1f, 0xfc, 0x2a,
    0x7, 0xf3, 0xff, 0xf0, 0x66, 0xa, 0x81, 0xb0,
    0xcf, 0x57, 0xaa, 0xf0, 0x66, 0xa, 0xc2, 0x70,
    0xcc, 0x15, 0x3, 0x61, 0x9f, 0xff, 0x83, 0xa4,
    0x1a, 0x1f, 0xe7, 0x6c, 0x3f, 0xf8, 0xf, 0x90,
    0xff, 0x37, 0x4f, 0x4b, 0x6, 0xf4, 0x19, 0xa7,
    0xe0, 0xff, 0xe2, 0x80,

    /* U+6700 "最" */
    0xb, 0xff, 0xc1, 0xec, 0x3f, 0x61, 0xef, 0xff,
    0x7, 0xb0, 0xfd, 0x87, 0xbf, 0xfc, 0x1f, 0xfc,
    0x8f, 0xff, 0xe1, 0x5, 0x20, 0x90, 0xff, 0x5f,
    0x9f, 0xf4, 0x14, 0x82, 0x4c, 0x2c, 0x35, 0xf9,
    0x1c, 0x90, 0xd2, 0xa, 0x2, 0xe0, 0xdf, 0xae,
    0x6e, 0xe0, 0xfd, 0x52, 0x13, 0x80,

    /* U+6708 "月" */
    0xb, 0xff, 0xc1, 0x68, 0x79, 0xc2, 0xd0, 0xf3,
    0x85, 0xa1, 0xe7, 0xb, 0xff, 0xc1, 0x68, 0x79,
    0xc2, 0xc3, 0xe7, 0xb, 0xf, 0x9c, 0x2f, 0xff,
    0x1, 0xc3, 0xe7, 0x6, 0x87, 0xce, 0x38, 0x7e,
    0x73, 0x83, 0xf5, 0xb0, 0x7a, 0xf9, 0xf, 0xfe,
    0x8,

    /* U+6709 "有" */
    0xf, 0xfe, 0x56, 0x87, 0xff, 0x5, 0xc3, 0xfd,
    0xff, 0xfc, 0x20, 0xe7, 0xf, 0xfe, 0x17, 0x7,
    0xff, 0x6, 0xff, 0xe0, 0xeb, 0xc8, 0x7b, 0xd,
    0xe3, 0xff, 0x83, 0x40, 0xd0, 0xf6, 0x1f, 0x68,
    0x7b, 0xf, 0xbf, 0xf8, 0x3e, 0xd0, 0xf6, 0x1f,
    0x68, 0x7b, 0xf, 0xb4, 0x27, 0xd0, 0x40,

    /* U+670B "朋" */
    0x7, 0xf0, 0x3f, 0x90, 0x61, 0x60, 0xc2, 0xd0,
    0x61, 0x60, 0xc2, 0xd0, 0x61, 0x60, 0xc2, 0xd0,
    0x7f, 0x3, 0xf9, 0x6, 0x16, 0xc, 0x2d, 0x6,
    0x16, 0xc, 0x2d, 0x6, 0x16, 0xc, 0x2d, 0x7,
    0xf0, 0xff, 0x20, 0xc2, 0xc7, 0xb, 0x47, 0xb,
    0x28, 0x16, 0x94, 0xb, 0x34, 0x2d, 0x30, 0x9d,
    0xc3, 0x63, 0x2, 0xe8, 0x83, 0xe0, 0xff, 0xe2,
    0x0,

    /* U+6717 "朗" */
    0xa, 0xf, 0xfe, 0xe, 0x85, 0xfe, 0x15, 0xca,
    0x34, 0xe, 0xff, 0x8d, 0xb, 0x70, 0xd9, 0xa1,
    0x6f, 0xf8, 0xff, 0x38, 0x4e, 0x68, 0x1d, 0xc2,
    0x73, 0x42, 0xdf, 0xf1, 0xa0, 0x77, 0x2, 0x17,
    0xf9, 0xc1, 0xa0, 0xc2, 0x77, 0x3, 0x83, 0xd,
    0xbb, 0x7a, 0x60, 0xdd, 0xe8, 0x6d, 0x9, 0xe4,
    0x3b, 0x3, 0xe8, 0x3f, 0xf8, 0x40,

    /* U+671B "望" */
    0xc, 0x87, 0xff, 0xb, 0x9, 0xfe, 0x4f, 0xf9,
    0xc2, 0xd0, 0x50, 0x33, 0xfc, 0x82, 0x81, 0x98,
    0x2d, 0x5, 0x0, 0x8f, 0xf2, 0xf, 0xd1, 0xa1,
    0x68, 0x24, 0x2b, 0x3, 0x68, 0x7c, 0x84, 0xc8,
    0x5f, 0xff, 0xc0, 0xf, 0xd4, 0xf, 0xea, 0xde,
    0xac, 0x1f, 0xd4, 0xf, 0xfe, 0xd, 0x3, 0xef,
    0xff, 0xe1, 0x0,

    /* U+671D "朝" */
    0xd, 0x86, 0xff, 0x1f, 0xf1, 0xa0, 0x70, 0x9c,
    0x36, 0x13, 0x84, 0xe1, 0xb0, 0x9c, 0xbf, 0xa3,
    0xad, 0x92, 0x13, 0x1a, 0xd6, 0x5f, 0xd1, 0x84,
    0xe4, 0x84, 0xc6, 0x13, 0x97, 0xf4, 0x7f, 0x83,
    0x61, 0x38, 0x4e, 0xff, 0xd4, 0x9, 0xc5, 0xb5,
    0xb4, 0x27, 0xd, 0x82, 0xc3, 0x38, 0x6c, 0x18,
    0x4f, 0xa0, 0xff, 0xe1, 0x80,

    /* U+6728 "木" */
    0xf, 0xa8, 0x1f, 0xfc, 0x2a, 0x7, 0xff, 0xa,
    0x81, 0xf9, 0x7d, 0x45, 0xf0, 0x3f, 0xff, 0x84,
    0x1f, 0x5e, 0x83, 0xff, 0x81, 0xf8, 0x3f, 0xed,
    0xa3, 0x87, 0xf7, 0x14, 0x2c, 0x3e, 0xf0, 0x28,
    0xf, 0x6, 0x7c, 0x15, 0x2, 0xb4, 0x78, 0x35,
    0x3, 0x58, 0x7e, 0xa0, 0x7f, 0xf0, 0xa8, 0x1f,
    0x0,

    /* U+672C "本" */
    0xf, 0xa8, 0x1f, 0xfc, 0x2a, 0x7, 0xff, 0xa,
    0x81, 0xfb, 0xff, 0xf8, 0x41, 0xe7, 0xa6, 0x87,
    0xfb, 0x6b, 0x7, 0xf3, 0x94, 0x34, 0x3f, 0x69,
    0x41, 0xc3, 0xee, 0x5, 0x1, 0x61, 0xde, 0xa,
    0x81, 0x78, 0x2f, 0x3f, 0xf9, 0xf0, 0x10, 0xea,
    0x7, 0x21, 0xfa, 0x81, 0xff, 0xc2, 0xa0, 0x7c,

    /* U+672F "术" */
    0xf, 0xa8, 0x41, 0xff, 0xc0, 0xa1, 0x68, 0x7f,
    0xa8, 0x7, 0xf, 0xf5, 0x84, 0x86, 0xff, 0xfe,
    0x10, 0x7c, 0xfa, 0xf, 0xfe, 0x7, 0xe4, 0x3f,
    0xdd, 0x46, 0x1f, 0xd6, 0x50, 0x70, 0xfb, 0xc0,
    0xa0, 0x2d, 0x9, 0xf0, 0x54, 0xa, 0xe0, 0x70,
    0x6a, 0x6, 0x70, 0xfd, 0x40, 0xff, 0xe1, 0x50,
    0x3e,

    /* U+6735 "朵" */
    0xc, 0xff, 0xa0, 0xfd, 0x61, 0xa8, 0x1f, 0xa8,
    0x1a, 0x81, 0xfb, 0x43, 0x50, 0x3e, 0xf0, 0x75,
    0x3, 0x9f, 0x5, 0x23, 0xf8, 0xc, 0x1a, 0x81,
    0xf9, 0x7d, 0xcb, 0xe0, 0x7f, 0xff, 0x6, 0xf,
    0x3f, 0x90, 0xfe, 0xb2, 0x87, 0x7, 0xae, 0x5,
    0x1, 0x70, 0x5c, 0x1a, 0x81, 0xac, 0x3f, 0x50,
    0x3e,

    /* U+675F "束" */
    0xf, 0xa8, 0x1f, 0xaf, 0xff, 0xe0, 0x87, 0xea,
    0x7, 0xff, 0xa, 0x81, 0xfd, 0x7f, 0xfc, 0x1a,
    0x81, 0x50, 0x27, 0xd, 0x40, 0xa8, 0x13, 0x86,
    0xa0, 0x54, 0x9, 0xc3, 0x5f, 0xff, 0x7, 0xeb,
    0xe0, 0xff, 0xba, 0x9d, 0xf, 0xad, 0x28, 0xf,
    0x21, 0x5c, 0x15, 0x2, 0x7c, 0x4, 0x3a, 0x81,
    0xc8,

    /* U+6761 "条" */
    0xf, 0x21, 0xff, 0xc2, 0xe0, 0xff, 0xe0, 0xff,
    0xe0, 0xfb, 0xd0, 0x6d, 0xe, 0xb4, 0xa0, 0xf0,
    0x7f, 0xd7, 0x90, 0xff, 0x5e, 0x6f, 0x21, 0x9f,
    0xa4, 0x40, 0xdf, 0x1, 0xe, 0xd0, 0xfe, 0xbf,
    0xfc, 0x87, 0x2e, 0xe5, 0xc1, 0xf6, 0xd, 0x34,
    0x3e, 0xd0, 0x68, 0x38, 0x33, 0xa1, 0x68, 0x5a,
    0x1f, 0x3e, 0xf, 0xc0,

    /* U+6765 "来" */
    0xf, 0xa8, 0x1f, 0xcb, 0xd4, 0x5e, 0x9, 0xff,
    0xfe, 0x2, 0x1a, 0xa, 0x81, 0x41, 0xeb, 0x5,
    0x1, 0x61, 0xf6, 0x94, 0x6, 0x1f, 0xa4, 0xa0,
    0xc1, 0xdf, 0xff, 0xc2, 0xf, 0xbf, 0x7, 0xfd,
    0xb4, 0x70, 0xfc, 0xe9, 0x41, 0xc3, 0xd6, 0x82,
    0x80, 0x78, 0x2f, 0x6, 0xa0, 0x6f, 0x7, 0xea,
    0x7, 0xc0,

    /* U+6781 "极" */
    0xb, 0x7, 0xfc, 0x1e, 0xc3, 0x60, 0x70, 0xf6,
    0x85, 0x81, 0x83, 0x7f, 0x3, 0x4, 0x87, 0xb4,
    0x2c, 0x18, 0x79, 0xf0, 0x1c, 0x1f, 0x41, 0x7a,
    0x83, 0xc1, 0x48, 0x56, 0x45, 0xe0, 0xb0, 0xa7,
    0xb, 0x68, 0x38, 0x1c, 0xc2, 0xc1, 0xb8, 0x64,
    0xc1, 0x40, 0x5c, 0x1e, 0xc1, 0xa0, 0xbc, 0x1e,
    0xcb, 0x1e, 0x2d, 0xd, 0xb8, 0x34, 0x27, 0xf,
    0xfe, 0x28,

    /* U+679C "果" */
    0x3, 0xff, 0xe8, 0x33, 0x85, 0x40, 0xa8, 0x19,
    0xc2, 0xa0, 0x54, 0xc, 0xff, 0xfa, 0xc, 0xe1,
    0x50, 0x2a, 0x6, 0x70, 0xa8, 0x17, 0x6, 0x7f,
    0xfd, 0x7, 0xf5, 0x3, 0xf7, 0xff, 0xf0, 0x83,
    0xcf, 0xe4, 0x3f, 0x9d, 0xa3, 0xc1, 0xe7, 0xc0,
    0xa0, 0x3c, 0x85, 0xe4, 0x2a, 0x4, 0xf8, 0x8,
    0x75, 0x3, 0xe0,

    /* U+67D4 "柔" */
    0xf, 0xfe, 0x33, 0xff, 0xe0, 0xfc, 0x84, 0xf0,
    0x7f, 0x37, 0xc1, 0xf5, 0xff, 0xfc, 0x8, 0x3d,
    0x76, 0x13, 0x87, 0xac, 0x18, 0x5a, 0x1a, 0xe0,
    0x38, 0x18, 0x35, 0x2, 0xf4, 0x1f, 0xfc, 0x2a,
    0x7, 0xef, 0xff, 0xe1, 0x7, 0xaf, 0xc8, 0x7e,
    0x78, 0xa1, 0xe4, 0x33, 0xe4, 0x14, 0x3, 0xe8,
    0x12, 0x1a, 0x81, 0xd0,

    /* U+67E5 "查" */
    0xf, 0xa8, 0x1f, 0xfc, 0x2a, 0x7, 0xef, 0xff,
    0xe1, 0x7, 0xae, 0x9c, 0x1f, 0xdc, 0x50, 0xa0,
    0x7a, 0xd0, 0x50, 0xe, 0x85, 0xaa, 0xaf, 0x54,
    0xa8, 0x33, 0x87, 0xb4, 0x3c, 0xc1, 0xed, 0xf,
    0x3d, 0x7b, 0x43, 0xcc, 0x1e, 0xd0, 0xf3, 0xff,
    0x90, 0xff, 0xe4, 0x7f, 0xff, 0x8,

    /* U+6807 "标" */
    0xa, 0x81, 0xff, 0xc2, 0xa0, 0x1f, 0xf2, 0x1a,
    0x81, 0xff, 0xc0, 0xfe, 0x83, 0xfe, 0x78, 0x3f,
    0xf8, 0x2f, 0x93, 0xff, 0x5, 0x7c, 0x1b, 0x43,
    0xdd, 0x18, 0x2d, 0xe, 0x9a, 0x1, 0x8d, 0x58,
    0x1c, 0xa0, 0x24, 0xd3, 0x43, 0x50, 0x18, 0x34,
    0xa0, 0x6a, 0x1a, 0xd, 0x6, 0x1a, 0x82, 0x16,
    0x81, 0xd, 0x40, 0xaf, 0x7, 0xff, 0x24,

    /* U+6837 "样" */
    0xf, 0xfe, 0x3e, 0x14, 0x86, 0xc3, 0xb0, 0xd8,
    0x54, 0xe, 0xc3, 0x48, 0xe8, 0x5f, 0xd7, 0xfe,
    0xd, 0x87, 0xb0, 0xfa, 0xf0, 0x76, 0x87, 0xbd,
    0x27, 0xfc, 0x85, 0xe2, 0xd, 0xa1, 0xd3, 0x87,
    0xb0, 0xe7, 0x30, 0x7f, 0xf0, 0x13, 0xf, 0x68,
    0x7d, 0x87, 0xb0, 0xfd, 0x87, 0xb0, 0xfd, 0x87,
    0xb0, 0xe0,

    /* U+6839 "根" */
    0xa, 0x41, 0xff, 0x7, 0x48, 0x30, 0xec, 0x2a,
    0x74, 0x70, 0xec, 0x2a, 0x74, 0x7f, 0xe0, 0xed,
    0x6, 0x1d, 0x86, 0x7c, 0xc, 0x3b, 0xd, 0xeb,
    0x3f, 0xe0, 0xdc, 0xc6, 0x38, 0x7a, 0x64, 0x18,
    0x34, 0xe1, 0xc9, 0x6, 0x7, 0xc8, 0x49, 0x20,
    0xc2, 0xd0, 0xf4, 0x83, 0x9, 0xd0, 0xe9, 0x1e,
    0xf0, 0xf0, 0x69, 0x1d, 0xe, 0x83, 0xff, 0x8a,

    /* U+6846 "框" */
    0xb, 0x5, 0xff, 0x83, 0x60, 0xa0, 0x7f, 0xd8,
    0x24, 0x3f, 0x3f, 0xd3, 0xff, 0x6, 0xd2, 0x40,
    0xe1, 0xeb, 0xc4, 0x85, 0x87, 0xbc, 0xf2, 0xbf,
    0x90, 0xac, 0x64, 0xe, 0x1d, 0x38, 0x24, 0x2c,
    0x33, 0x98, 0x24, 0xe, 0x1c, 0x98, 0x27, 0xfe,
    0xd, 0x82, 0x43, 0xfe, 0xc1, 0x7f, 0xe4, 0x2c,
    0x25, 0xfc, 0x0,

    /* U+6848 "案" */
    0xf, 0xfe, 0x5e, 0x87, 0xeb, 0xff, 0xf8, 0x20,
    0x90, 0xa4, 0x39, 0xc1, 0xea, 0x7d, 0x5d, 0xe0,
    0xea, 0x6, 0xe0, 0xfa, 0xe4, 0x16, 0x1f, 0xeb,
    0xf4, 0x87, 0x5f, 0xa4, 0xd, 0xe4, 0x3f, 0x50,
    0x32, 0x17, 0xff, 0xf0, 0x83, 0xcf, 0xe4, 0x3f,
    0xac, 0xa1, 0xc1, 0xcf, 0xa0, 0x50, 0x17, 0xa0,
    0x48, 0x6a, 0x6, 0x60,

    /* U+68C0 "检" */
    0xf, 0xfe, 0x3e, 0x1c, 0xe1, 0xfb, 0xe, 0xf2,
    0x1f, 0x68, 0x54, 0x34, 0x37, 0xe8, 0xb0, 0xb8,
    0x33, 0x83, 0xcb, 0xde, 0xa, 0xea, 0x7f, 0x89,
    0x7, 0xc8, 0x7f, 0xcd, 0xb2, 0x86, 0x4, 0x82,
    0x70, 0xb0, 0x60, 0xc2, 0xcc, 0x2c, 0x18, 0xc1,
    0xd8, 0x52, 0x26, 0x1e, 0xc3, 0xe6, 0xf, 0x63,
    0xff, 0xc1, 0xb0, 0x2f, 0xf0,

    /* U+68D2 "棒" */
    0xf, 0xfe, 0x3e, 0x1e, 0xd0, 0xfb, 0x7, 0xff,
    0x6, 0xc3, 0x9c, 0x3d, 0xfa, 0x7f, 0xe4, 0x27,
    0xe, 0xc3, 0xf5, 0xe3, 0xff, 0x82, 0xf4, 0x8e,
    0x46, 0x86, 0xf0, 0xad, 0x30, 0x61, 0x4e, 0x3d,
    0xfc, 0xe9, 0x98, 0xa0, 0xb0, 0x91, 0x8c, 0x3d,
    0x87, 0xec, 0x17, 0xfc, 0x86, 0xc3, 0xd8, 0x7e,
    0xc3, 0xd8, 0x70,

    /* U+695A "楚" */
    0xd, 0x87, 0xb0, 0xef, 0xf3, 0xff, 0x6, 0xf4,
    0x1b, 0xd0, 0x75, 0x3a, 0x3, 0xba, 0x5, 0x43,
    0x23, 0x8c, 0xa0, 0x20, 0x60, 0x60, 0x60, 0x83,
    0x30, 0x73, 0x7, 0x7f, 0xff, 0x6, 0xe, 0x41,
    0xa1, 0xb0, 0xea, 0x3, 0x82, 0x50, 0x77, 0x3,
    0xfc, 0x1c, 0xf9, 0x34, 0x3f, 0x3a, 0xbe, 0x83,
    0xe7, 0x42, 0xbf, 0xf0, 0x7f, 0xf1, 0x40,

    /* U+6A21 "模" */
    0xb, 0xd, 0x85, 0x87, 0xb0, 0x53, 0xab, 0xa0,
    0x6c, 0xa, 0xd6, 0xd4, 0x6, 0xe5, 0x7f, 0xc8,
    0x4e, 0x8c, 0x1d, 0xa1, 0x5e, 0x1f, 0xf9, 0xb,
    0xd2, 0xa0, 0xed, 0xb, 0xc4, 0xf5, 0xda, 0x9,
    0xc3, 0x9c, 0x3d, 0x98, 0x75, 0x87, 0xa3, 0x1f,
    0xfe, 0xd, 0x86, 0x77, 0x43, 0xd8, 0x56, 0x8f,
    0x7, 0x65, 0xa1, 0xce, 0x87, 0xff, 0x10,

    /* U+6A2A "横" */
    0xb, 0xd, 0x85, 0x87, 0xb0, 0x5f, 0xf8, 0x36,
    0x1b, 0xb, 0xd, 0xfc, 0xd, 0x6, 0x19, 0x5a,
    0xbf, 0xf9, 0x3, 0xa1, 0xd8, 0x7d, 0xf0, 0xff,
    0xe0, 0xbd, 0x46, 0x6, 0x7, 0x4, 0xe4, 0xff,
    0xe0, 0x66, 0x6, 0x6, 0x7, 0x14, 0x60, 0x7f,
    0xf0, 0x6c, 0x32, 0x12, 0x1e, 0xc0, 0xf8, 0x2b,
    0x43, 0x60, 0xd0, 0xf6, 0x1f, 0xfc, 0x50,

    /* U+6B21 "次" */
    0xf, 0xa0, 0xfe, 0x43, 0xb4, 0x3f, 0x5a, 0x7,
    0xf, 0xf3, 0xa5, 0xff, 0x41, 0xf6, 0x87, 0x70,
    0x7a, 0xc1, 0xa0, 0xc3, 0xed, 0x6, 0x8e, 0x1f,
    0x21, 0x68, 0xa0, 0xea, 0x6, 0xe0, 0xfd, 0xa1,
    0x5e, 0xf, 0xb8, 0x36, 0xd0, 0x3a, 0xc3, 0x58,
    0x30, 0xed, 0xa, 0xc2, 0xb0, 0xfd, 0xe0, 0xeb,
    0x83, 0xb8, 0x3e, 0x60, 0xff, 0xe2, 0x80,

    /* U+6B62 "止" */
    0xf, 0xd8, 0x7f, 0xf0, 0xf0, 0xff, 0xe1, 0xe1,
    0xfe, 0xc3, 0x61, 0xfe, 0xc3, 0x68, 0x7f, 0x61,
    0xbf, 0xc8, 0x6c, 0x36, 0x87, 0xf6, 0x1b, 0xf,
    0xf6, 0x1b, 0xf, 0xf6, 0x1b, 0xf, 0xf6, 0x1b,
    0xf, 0xf6, 0x1b, 0xf, 0xdf, 0xff, 0xc2, 0x2,
    0xff, 0xf0, 0x80,

    /* U+6B63 "正" */
    0xf, 0xfe, 0x2d, 0xff, 0xfc, 0x8, 0x3f, 0xb0,
    0xff, 0xe1, 0xe1, 0xfe, 0x43, 0x61, 0xfe, 0xc3,
    0x61, 0xfe, 0xc3, 0x7f, 0x83, 0xb0, 0xd8, 0x7f,
    0xb0, 0xd8, 0x7f, 0xb0, 0xd8, 0x7f, 0xb0, 0xd8,
    0x7f, 0xb0, 0xd8, 0x7e, 0xff, 0xfe, 0x10, 0x17,
    0xff, 0x84, 0x0,

    /* U+6BD4 "比" */
    0xf, 0xfe, 0x26, 0x86, 0x70, 0xfb, 0x43, 0x38,
    0x7d, 0xa1, 0x9c, 0x3e, 0xd0, 0xce, 0x17, 0x3,
    0x96, 0x1c, 0x1e, 0xb, 0xf9, 0x5d, 0xc1, 0xb4,
    0x33, 0xe0, 0xf6, 0x86, 0x70, 0xfb, 0x43, 0x38,
    0x7d, 0xa1, 0x9c, 0x34, 0xd, 0xc, 0xe1, 0xb0,
    0x68, 0xc3, 0x86, 0xc1, 0xfa, 0x1c, 0x2a, 0xf,
    0x21, 0xbf, 0x83, 0xff, 0x8a,

    /* U+6C42 "求" */
    0xf, 0xa8, 0x50, 0x3f, 0xea, 0x1, 0xd0, 0xbf,
    0xff, 0x84, 0x1f, 0xac, 0x3f, 0xa0, 0xd6, 0x1b,
    0xc, 0xe1, 0x5c, 0xe, 0xe, 0x70, 0x5e, 0x78,
    0x3e, 0x81, 0x57, 0x7, 0xf3, 0xe8, 0xe0, 0xfd,
    0x6d, 0x1, 0xa1, 0xd7, 0x2, 0x80, 0x78, 0x2f,
    0x6, 0xa0, 0x4f, 0x83, 0xf7, 0x7, 0x21, 0xef,
    0x83, 0xff, 0x98,

    /* U+6CA1 "没" */
    0xf, 0xfe, 0x2b, 0xc1, 0x7f, 0x21, 0xee, 0x6,
    0x83, 0x43, 0xfd, 0x85, 0xa1, 0xfc, 0xe1, 0x68,
    0x6d, 0xb, 0x82, 0xbe, 0x5, 0xe3, 0x83, 0xff,
    0x81, 0x8, 0x7f, 0xf0, 0xef, 0xfa, 0xf, 0xd4,
    0xd, 0x87, 0xa8, 0xd, 0x5, 0x3, 0x9c, 0x27,
    0x6c, 0x3d, 0xc1, 0xaf, 0x7, 0x9c, 0x26, 0xef,
    0x21, 0xa4, 0x7d, 0x4, 0xfc, 0x1e, 0x43, 0xf2,
    0x0,

    /* U+6CB9 "油" */
    0x4, 0x87, 0xb0, 0xf3, 0xe0, 0xec, 0x3f, 0x21,
    0x9c, 0x3f, 0xdf, 0xfc, 0x48, 0x58, 0x1c, 0xe,
    0x5c, 0xc, 0x2c, 0x2c, 0x28, 0x18, 0x58, 0x58,
    0x7b, 0x5b, 0x5b, 0xf, 0x7f, 0xf0, 0x4a, 0x30,
    0xb0, 0xb0, 0xb0, 0x61, 0x61, 0x60, 0xa0, 0x30,
    0xb0, 0xb1, 0xc2, 0xff, 0xe1, 0x41, 0x61, 0xe7,

    /* U+6CE8 "注" */
    0xf, 0xfe, 0x36, 0x87, 0x68, 0x7c, 0xf8, 0x33,
    0x87, 0xf2, 0x1d, 0xa1, 0xfd, 0x7f, 0xf0, 0x20,
    0xf9, 0xc3, 0xcf, 0x7, 0x38, 0x7e, 0x43, 0x9c,
    0x3f, 0xef, 0xfc, 0x87, 0x62, 0xd6, 0xb0, 0x75,
    0x86, 0x70, 0xfd, 0xa1, 0x9c, 0x3e, 0xb0, 0xe7,
    0xf, 0xb0, 0xf3, 0x87, 0xa8, 0xf, 0xff, 0x21,
    0xff, 0xc4,

    /* U+6D41 "流" */
    0xf, 0xfe, 0x2b, 0x7, 0xb4, 0x3e, 0xb4, 0x35,
    0x3, 0xf2, 0xbf, 0xfc, 0x1f, 0x9c, 0x28, 0x34,
    0x1d, 0xa1, 0x70, 0x4f, 0xf, 0xfe, 0x43, 0x20,
    0x50, 0x7a, 0xf, 0xa4, 0x93, 0xf, 0xa2, 0x4d,
    0x30, 0xf7, 0x12, 0x69, 0x87, 0x38, 0x34, 0xd3,
    0xe, 0xe0, 0x60, 0xd3, 0x14, 0x58, 0x38, 0x1a,
    0x64, 0x92, 0x58, 0x48, 0x2f, 0x7, 0xff, 0x14,

    /* U+6D6A "浪" */
    0xf, 0xe8, 0x3f, 0x68, 0x75, 0x3, 0xf7, 0x3f,
    0xf8, 0x3e, 0x70, 0xe7, 0xf, 0x9c, 0x3d, 0x85,
    0x20, 0x7f, 0xf0, 0x4f, 0xe, 0x1e, 0xc3, 0xa1,
    0xc3, 0xd8, 0x7c, 0xff, 0xe0, 0xe4, 0x70, 0x50,
    0x3f, 0x6a, 0xc2, 0xc7, 0x42, 0x71, 0xc2, 0xbc,
    0x1d, 0xa3, 0x86, 0xe0, 0xce, 0x7, 0xbc, 0xf,
    0x20, 0x50, 0x2e, 0x43, 0x58, 0x7f, 0xf1, 0x40,

    /* U+6E05 "清" */
    0x14, 0x1e, 0xd0, 0xfa, 0xcf, 0xfe, 0x43, 0x21,
    0xda, 0x1f, 0xeb, 0xff, 0x4, 0x87, 0xda, 0x1e,
    0xf3, 0x7f, 0xf8, 0x25, 0x7, 0xff, 0x15, 0xeb,
    0xb8, 0x39, 0x1c, 0x39, 0x83, 0xb1, 0xff, 0xa0,
    0xd4, 0x1c, 0x39, 0x83, 0x60, 0x7f, 0xe8, 0x2a,
    0x1, 0xc3, 0xa8, 0x12, 0x13, 0x84, 0xf9, 0x0,

    /* U+6E29 "温" */
    0x2, 0x1f, 0xfc, 0x3f, 0x27, 0xfd, 0x7, 0x59,
    0x87, 0x30, 0x7e, 0xc3, 0x98, 0x3f, 0x7f, 0xd0,
    0x52, 0x16, 0x1c, 0xc1, 0x3e, 0x7, 0xfd, 0x7,
    0x21, 0xff, 0xd4, 0x6f, 0xfc, 0x86, 0xea, 0x31,
    0x8d, 0x9, 0xca, 0x18, 0xc6, 0x85, 0xc5, 0xc,
    0x63, 0x40, 0xe0, 0xa1, 0x8c, 0x68, 0x24, 0xff,
    0xf9, 0xf, 0xfe, 0x20,

    /* U+70B9 "点" */
    0xf, 0xa8, 0x1f, 0xfc, 0x2b, 0xfd, 0x7, 0xea,
    0x7, 0xff, 0xa, 0x81, 0xfe, 0xff, 0xf0, 0x7b,
    0x5f, 0xda, 0x1d, 0x87, 0xed, 0xe, 0xc3, 0xf6,
    0x87, 0x7f, 0xf9, 0xe, 0x5f, 0xf0, 0x7a, 0xe,
    0x41, 0x7, 0x50, 0x70, 0x68, 0xe1, 0x38, 0x58,
    0x28, 0xe, 0x6, 0x85, 0x85, 0x5, 0x7, 0xff,
    0x14,

    /* U+7136 "然" */
    0xf, 0xfe, 0x3b, 0x87, 0x3a, 0x83, 0xaf, 0xc0,
    0x73, 0x42, 0x70, 0x38, 0x1c, 0x8, 0x5b, 0xb4,
    0xff, 0x81, 0xc0, 0xb0, 0xac, 0x3a, 0x62, 0x81,
    0x79, 0xf, 0x5e, 0x9, 0xec, 0x3c, 0xe8, 0x5c,
    0x68, 0x6b, 0x42, 0xe0, 0x3a, 0xe, 0x9, 0xe0,
    0xce, 0x1f, 0xfc, 0x7a, 0xc, 0xc, 0x16, 0x13,
    0x81, 0xc1, 0x40, 0x70, 0x34, 0x2c, 0xe, 0x16,
    0x1f, 0xfc, 0x50,

    /* U+718A "熊" */
    0xf, 0xfe, 0x3e, 0x86, 0xc3, 0xf5, 0x7, 0x6,
    0xdc, 0x15, 0xd3, 0xe3, 0x43, 0xcb, 0x5, 0x18,
    0x6c, 0x2f, 0xe4, 0xfe, 0x82, 0xc2, 0xd2, 0xf,
    0xda, 0xda, 0x6d, 0xc1, 0xba, 0xb4, 0xe4, 0x3d,
    0x85, 0xa6, 0x1b, 0xb, 0xb, 0x4d, 0x3, 0x85,
    0x8d, 0x1, 0x4f, 0x90, 0x94, 0x1c, 0x81, 0x41,
    0xb4, 0x60, 0x68, 0xe1, 0x50, 0xe, 0xa, 0x2,
    0xc0, 0x86, 0x43, 0xe4,

    /* U+7231 "爱" */
    0xf, 0xf2, 0xa0, 0x9f, 0xfd, 0x44, 0x39, 0x40,
    0x82, 0xc3, 0xcc, 0xc, 0xe, 0x19, 0x6d, 0x5c,
    0xf2, 0x81, 0xea, 0xff, 0x69, 0x84, 0xa0, 0xf4,
    0x8d, 0xff, 0xe4, 0x39, 0xc3, 0xff, 0x83, 0x61,
    0xff, 0xc1, 0xff, 0xc8, 0x75, 0xb8, 0x54, 0xe,
    0x70, 0x3b, 0xc1, 0xce, 0x81, 0xfa, 0x42, 0x74,
    0xf4, 0x81, 0xf8, 0x3f, 0xf8, 0x80,

    /* U+7247 "片" */
    0xb, 0xc, 0xe1, 0xfb, 0xc, 0xe1, 0xfb, 0xc,
    0xe1, 0xfb, 0x5d, 0x6b, 0x83, 0x7f, 0xfc, 0x85,
    0x87, 0xff, 0xb, 0xf, 0xfe, 0x16, 0xbf, 0x83,
    0x9f, 0xfe, 0xe, 0xb0, 0xf3, 0x87, 0x70, 0x79,
    0xc3, 0x38, 0x7c, 0xe1, 0xb8, 0x3e, 0x70, 0xd8,
    0x7e, 0x70, 0xff, 0xe3, 0x0,

    /* U+7269 "物" */
    0xf, 0xfe, 0x46, 0x13, 0x7, 0xcc, 0x61, 0x68,
    0x7c, 0xce, 0x17, 0x5e, 0x4b, 0xf5, 0x4e, 0xf6,
    0x98, 0x30, 0x63, 0x19, 0xa6, 0xc, 0xd3, 0x4c,
    0xd0, 0xd8, 0x83, 0x18, 0xc3, 0x3e, 0x8d, 0x34,
    0xc1, 0xf8, 0xe, 0xc, 0x18, 0x10, 0x63, 0x82,
    0x41, 0x87, 0x61, 0x9c, 0xe, 0x1d, 0x86, 0xd0,
    0x50, 0x3b, 0xb, 0x82, 0xd0, 0xec, 0xc, 0xf,
    0x41, 0xff, 0xc6,

    /* U+72B6 "状" */
    0xf, 0xfe, 0x46, 0x1b, 0x44, 0x3e, 0xc3, 0x69,
    0xa1, 0x69, 0x86, 0xd0, 0x61, 0x3b, 0x86, 0xd0,
    0xfa, 0x77, 0xff, 0x83, 0xb0, 0x9f, 0x7, 0xf6,
    0x1b, 0xc1, 0xfb, 0xc1, 0x3e, 0xf, 0xbb, 0xa,
    0xb0, 0x76, 0x98, 0x5a, 0x61, 0xc8, 0x30, 0x58,
    0x28, 0x1f, 0x60, 0xd0, 0xb8, 0x3d, 0xbc, 0x19,
    0xe0, 0xee, 0x81, 0xf6, 0x0,

    /* U+72D0 "狐" */
    0xf, 0xfe, 0xa, 0x14, 0x94, 0x15, 0x4f, 0x90,
    0xbb, 0x7, 0x4c, 0xc3, 0x9d, 0x6, 0xc, 0xc3,
    0xbc, 0x83, 0x6, 0x48, 0x5c, 0xe0, 0xc1, 0x92,
    0x12, 0xc, 0x18, 0x32, 0x43, 0xac, 0x18, 0x31,
    0x83, 0x3e, 0x6, 0x38, 0xc1, 0x39, 0x8c, 0x30,
    0x30, 0xb4, 0xca, 0x15, 0x18, 0x7b, 0x34, 0xd8,
    0xd0, 0xec, 0xc1, 0x93, 0x40, 0xd7, 0x42, 0xfa,
    0x30, 0x5e, 0x24, 0x50, 0x22, 0xf, 0xfe, 0x28,

    /* U+731C "猜" */
    0xf, 0xfe, 0x2c, 0x9, 0x9, 0xc3, 0xee, 0xca,
    0xdd, 0x48, 0x56, 0x6, 0x9e, 0xa8, 0x2b, 0xa0,
    0x67, 0xf, 0x43, 0xb5, 0x7a, 0xb0, 0x76, 0x1f,
    0xfc, 0x2f, 0x3, 0xfe, 0xd, 0x4c, 0x18, 0x67,
    0xa, 0xcc, 0x1f, 0xf0, 0x58, 0x30, 0x61, 0xd8,
    0x7b, 0x7, 0xfc, 0x1e, 0xc1, 0x86, 0x70, 0xea,
    0x3, 0xe, 0xc2, 0xbc, 0x16, 0x17, 0xa0, 0xff,
    0xe3, 0x0,

    /* U+738B "王" */
    0x1f, 0xff, 0xe0, 0x21, 0xfa, 0x81, 0xff, 0xc2,
    0xa0, 0x7f, 0xf0, 0xa8, 0x1f, 0xfc, 0x2a, 0x7,
    0xff, 0xa, 0x81, 0xfd, 0x7f, 0xfc, 0x1f, 0xd4,
    0xf, 0xfe, 0x15, 0x3, 0xff, 0x85, 0x40, 0xff,
    0xe1, 0x50, 0x3f, 0xf8, 0x54, 0xf, 0xdf, 0xff,
    0xc2, 0x2, 0xff, 0xf0, 0x80,

    /* U+73B0 "现" */
    0xf, 0xbf, 0xe0, 0xbf, 0x9c, 0x3b, 0xe, 0xc2,
    0xc3, 0xb0, 0xec, 0x2c, 0x18, 0x30, 0xec, 0x2c,
    0x18, 0x30, 0xbf, 0x8c, 0x18, 0x30, 0xed, 0x6,
    0xc, 0x18, 0x76, 0x16, 0xc, 0x18, 0x76, 0x14,
    0x38, 0x20, 0xec, 0x3b, 0xa0, 0x7d, 0xf2, 0x3b,
    0x2, 0x7, 0xc8, 0x5a, 0xa0, 0x60, 0x43, 0xb4,
    0x60, 0x61, 0xe7, 0x42, 0xfa, 0xf, 0xfe, 0x28,

    /* U+7403 "球" */
    0xf, 0xf6, 0x48, 0x57, 0xa8, 0x1b, 0x4, 0x86,
    0xc1, 0x7f, 0xe4, 0x2c, 0x3d, 0xa1, 0xf6, 0x12,
    0xd, 0x4, 0xf, 0xc9, 0x83, 0x8a, 0x4, 0xe1,
    0x39, 0xe7, 0xe, 0xc3, 0x27, 0xc1, 0xec, 0x3b,
    0xe8, 0x3d, 0x84, 0xee, 0xe8, 0x67, 0xeb, 0x4c,
    0x70, 0xbd, 0xe, 0x83, 0x3, 0xa1, 0xfe, 0xc2,
    0x50, 0x7e, 0xf4, 0x1f, 0xfc, 0x90,

    /* U+7406 "理" */
    0xf, 0x3f, 0xf8, 0x1f, 0xce, 0xc, 0xe, 0x1b,
    0x3, 0x3, 0xb, 0xd, 0x81, 0xff, 0xc1, 0xb0,
    0x38, 0x30, 0x38, 0x3f, 0x2a, 0x6, 0x16, 0x13,
    0x81, 0xff, 0xc1, 0xb0, 0xe7, 0x43, 0xec, 0x3d,
    0x87, 0xec, 0x57, 0xfe, 0x9, 0xf8, 0x36, 0x87,
    0x7c, 0x87, 0x61, 0xe8, 0x3f, 0x68, 0x7f, 0x7f,
    0xfa,

    /* U+7528 "用" */
    0xf, 0xfe, 0x27, 0xff, 0xf0, 0x1, 0xa1, 0x68,
    0x6c, 0x1a, 0x16, 0x86, 0xc1, 0xff, 0xfc, 0x0,
    0x72, 0xdc, 0xbb, 0x6, 0x85, 0xa1, 0xb0, 0x68,
    0x5a, 0x1b, 0x7, 0xff, 0xf0, 0x1, 0xa1, 0x68,
    0x4e, 0xc, 0x36, 0x86, 0xca, 0x6, 0xd0, 0xd9,
    0x87, 0x68, 0x4e, 0xc1, 0xda, 0x7d, 0x7, 0xff,
    0x8,

    /* U+7535 "电" */
    0xe, 0xd0, 0xff, 0xe0, 0x68, 0x7d, 0xff, 0xfc,
    0x0, 0x68, 0x5a, 0x13, 0x83, 0x42, 0xd0, 0x9c,
    0x1f, 0xff, 0xc0, 0x6, 0x85, 0xc1, 0x38, 0x34,
    0x2d, 0x9, 0xc1, 0xa1, 0x68, 0x4e, 0xf, 0xff,
    0xe0, 0x3, 0xd, 0xa1, 0xd0, 0x7b, 0x43, 0xb4,
    0x3b, 0x83, 0x38, 0x79, 0xff, 0x40,

    /* U+753B "画" */
    0x7f, 0xff, 0x82, 0x1f, 0xfd, 0xf8, 0xf5, 0xeb,
    0xc0, 0x9c, 0xc2, 0xc1, 0x8e, 0xe6, 0x8e, 0xc,
    0x77, 0x3f, 0xf0, 0xee, 0x61, 0x60, 0xc7, 0x73,
    0xb, 0x6, 0x3b, 0x9f, 0xf8, 0x77, 0xf, 0xf3,
    0xbf, 0xff, 0xc1, 0xf, 0xfe, 0x3, 0x80,

    /* U+7684 "的" */
    0x9, 0xc, 0x87, 0xd4, 0xd, 0xa1, 0xed, 0xd,
    0x87, 0x7f, 0x8b, 0xf9, 0xd0, 0x39, 0xa1, 0x4e,
    0x85, 0xb8, 0x69, 0xd0, 0xb9, 0xd, 0x3a, 0x7,
    0x6, 0x16, 0xff, 0x81, 0x40, 0x6e, 0x85, 0x85,
    0xa6, 0x68, 0x58, 0x4e, 0x66, 0x85, 0x87, 0xb3,
    0x5d, 0x87, 0xb3, 0xfa, 0xe, 0xb3, 0x43, 0xcf,
    0xc8, 0x7f, 0xf0, 0xc0,

    /* U+76D8 "盘" */
    0xf, 0xfe, 0x5e, 0x87, 0xfa, 0xff, 0xe0, 0xf5,
    0x6, 0xd, 0x87, 0xa8, 0x7, 0xb, 0xd, 0xff,
    0xfc, 0x24, 0x2d, 0x14, 0x1b, 0xe, 0x70, 0x3c,
    0x16, 0x19, 0xd0, 0xd1, 0x4c, 0x33, 0x7, 0xcb,
    0x7, 0x3f, 0xfe, 0x43, 0x30, 0x30, 0x60, 0x90,
    0xcc, 0xc, 0x18, 0x24, 0x35, 0x7, 0x6, 0xa,
    0x1, 0xff, 0xfe, 0x12,

    /* U+76EE "目" */
    0x7f, 0xfc, 0xac, 0x3f, 0x6a, 0xc3, 0xf6, 0xac,
    0x3f, 0x6a, 0xff, 0xf2, 0xb5, 0xfd, 0xab, 0xf,
    0xda, 0xb0, 0xfd, 0xab, 0xff, 0xca, 0xc3, 0xf6,
    0xac, 0x3f, 0x6a, 0xc3, 0xf6, 0xaf, 0xff, 0x2b,
    0xf, 0xda,

    /* U+76F4 "直" */
    0xf, 0xc8, 0x7f, 0xf0, 0xa8, 0x1f, 0xaf, 0xff,
    0xe0, 0x87, 0xed, 0xf, 0xf5, 0xff, 0xc8, 0x76,
    0x87, 0xda, 0x1d, 0xa1, 0xf6, 0x87, 0x7f, 0xf9,
    0xe, 0xd0, 0xfb, 0x43, 0xbf, 0xfc, 0x87, 0x68,
    0x7d, 0xa1, 0xdf, 0xfe, 0x43, 0xb4, 0x3e, 0xd0,
    0xee, 0xf, 0xb4, 0x2f, 0xff, 0xe1, 0x20,

    /* U+76F8 "相" */
    0xa, 0x80, 0x7f, 0xe0, 0xa8, 0x7, 0xc, 0xe2,
    0xad, 0x6c, 0x33, 0x9f, 0xe7, 0xc, 0xe1, 0x70,
    0x1f, 0xf8, 0x2f, 0x1, 0xc3, 0x38, 0x2f, 0x43,
    0x86, 0x70, 0x74, 0xd5, 0x86, 0x71, 0xa8, 0x9f,
    0xf8, 0xca, 0x1, 0xc3, 0x3b, 0x14, 0x3, 0x86,
    0x70, 0xa8, 0x7, 0xc, 0xe1, 0x50, 0xf, 0xfc,
    0x15, 0x0, 0xe1, 0x9c, 0x3f, 0xf8, 0x60,

    /* U+770B "看" */
    0xf, 0xf2, 0xa4, 0x37, 0xfe, 0xa2, 0x83, 0xf5,
    0x3, 0xfd, 0x7f, 0xfc, 0x1f, 0x38, 0x7f, 0xf0,
    0xac, 0x3f, 0xdf, 0xff, 0xc2, 0xe, 0xe0, 0xff,
    0xe0, 0xdf, 0xfc, 0x86, 0xbc, 0x87, 0xa4, 0x2b,
    0x3f, 0xf9, 0xa, 0x6, 0x87, 0xa4, 0x3d, 0xea,
    0xf6, 0x87, 0xb4, 0x3d, 0x21, 0xef, 0xfe, 0x40,

    /* U+771F "真" */
    0xf, 0xc8, 0x7f, 0xf0, 0xa8, 0x1f, 0xaf, 0xff,
    0xe0, 0x41, 0xfb, 0x43, 0xfd, 0xff, 0xe0, 0xf6,
    0x87, 0x9c, 0x3d, 0xcb, 0xeb, 0xf, 0x7a, 0xbd,
    0xe0, 0xf6, 0x87, 0x9c, 0x3d, 0xff, 0xe0, 0xf6,
    0x87, 0x9c, 0x37, 0xff, 0xf0, 0x83, 0xd0, 0x69,
    0xf, 0x37, 0x6, 0x7c, 0x85, 0x70, 0x7e, 0x7c,
    0x1f, 0xfc, 0x50,

    /* U+773C "眼" */
    0xfc, 0x9f, 0xf0, 0x30, 0x69, 0x87, 0x60, 0xc1,
    0x26, 0x1d, 0x83, 0x6, 0x9f, 0xf0, 0x3f, 0x26,
    0xbd, 0x83, 0x4, 0x98, 0x76, 0xc, 0x12, 0x7f,
    0xc0, 0xfc, 0x98, 0xe1, 0xd8, 0x34, 0xc1, 0xa5,
    0x98, 0x24, 0xc0, 0xde, 0x6, 0x9a, 0x61, 0x70,
    0x5f, 0x81, 0x86, 0xd0, 0x21, 0xaf, 0xa1, 0xf0,
    0x79, 0x41, 0xe4,

    /* U+7740 "着" */
    0xd, 0x7, 0xa0, 0xf9, 0xc3, 0x70, 0x77, 0xff,
    0xf0, 0x3, 0xe7, 0xf, 0xe6, 0xaf, 0x57, 0x21,
    0xe7, 0x43, 0xf5, 0x6f, 0x57, 0xe1, 0x6b, 0x5f,
    0xe0, 0xdf, 0xfc, 0x86, 0xf4, 0x1e, 0xd0, 0xba,
    0x7f, 0xe4, 0x1c, 0x48, 0x7b, 0x40, 0x82, 0xff,
    0xc8, 0x74, 0x87, 0xb4, 0x3a, 0xff, 0xc8,

    /* U+775B "睛" */
    0xfc, 0x19, 0xc3, 0xb0, 0x67, 0xfe, 0x8c, 0x18,
    0x67, 0xe, 0xc1, 0x8f, 0xfc, 0xf, 0xc1, 0x9c,
    0x3b, 0x6, 0xff, 0xf1, 0x83, 0xf, 0xfb, 0xa6,
    0x3f, 0xf0, 0x39, 0xc7, 0xc, 0xe0, 0xc1, 0x8f,
    0xfc, 0xd, 0x31, 0xc3, 0x38, 0x3f, 0xf, 0xfc,
    0x4, 0x33, 0x86, 0x70, 0xf9, 0xc2, 0xf4, 0x0,

    /* U+77E5 "知" */
    0xf, 0xfe, 0x2e, 0x87, 0xff, 0x7, 0x43, 0x3f,
    0xc8, 0xff, 0x4e, 0x16, 0x9a, 0x61, 0x30, 0x5a,
    0xb0, 0x61, 0x30, 0x5a, 0x1b, 0x9, 0x82, 0xd5,
    0xff, 0x30, 0x5a, 0x13, 0x84, 0xc1, 0x68, 0x4e,
    0x13, 0x5, 0xa1, 0x53, 0x3, 0x5, 0xa1, 0x63,
    0x8c, 0x16, 0x83, 0x81, 0x6f, 0xf2, 0x58, 0x65,
    0x6b, 0x6a, 0xd0, 0xe6, 0xb, 0xf, 0xfe, 0x20,

    /* U+77ED "短" */
    0x4, 0x1f, 0xfc, 0x3c, 0x35, 0xff, 0x40, 0xe5,
    0x83, 0xfc, 0xfd, 0x40, 0xff, 0x6a, 0x82, 0xff,
    0x81, 0x8c, 0x16, 0x19, 0xc3, 0x38, 0x58, 0x76,
    0xf, 0xf1, 0x87, 0x61, 0xa8, 0x17, 0xfc, 0x1a,
    0x81, 0xf9, 0xe, 0xf2, 0xa, 0x5, 0xa1, 0x39,
    0x85, 0x81, 0xc3, 0x69, 0x40, 0x69, 0x40, 0x9c,
    0x3c, 0xa3, 0xd, 0x86, 0x7f, 0xf4, 0x1f, 0xfc,
    0x40,

    /* U+7840 "础" */
    0x3f, 0x90, 0xb4, 0x39, 0xc2, 0xc1, 0xa6, 0x15,
    0x2, 0xc1, 0xa6, 0x16, 0x85, 0x83, 0x4c, 0x2c,
    0x36, 0xd, 0x30, 0x3f, 0x8f, 0xf8, 0x1e, 0x1c,
    0x36, 0x84, 0xf8, 0x19, 0x3, 0x45, 0xe, 0xd,
    0xc1, 0xa3, 0x3, 0x6, 0xe0, 0xd1, 0x81, 0x83,
    0x70, 0x68, 0xc0, 0xfc, 0xe0, 0xd1, 0x81, 0x84,
    0xff, 0xd0, 0x7f, 0xf0, 0x68,

    /* U+786E "确" */
    0xf, 0xca, 0xf, 0x7f, 0x26, 0x87, 0xce, 0x13,
    0xfc, 0x1a, 0x81, 0x68, 0x28, 0x1b, 0x41, 0x60,
    0x70, 0xec, 0x2f, 0xfe, 0x1e, 0x89, 0x83, 0xb,
    0x3c, 0x39, 0xff, 0x9f, 0x3, 0x34, 0xd1, 0xc7,
    0x6, 0x60, 0xc2, 0xc1, 0x83, 0x3f, 0xf0, 0x30,
    0x66, 0xd, 0x1c, 0x1f, 0x98, 0x18, 0x58, 0x30,
    0xb4, 0x18, 0x1c, 0x10, 0x18, 0x2c, 0xf4, 0x1f,
    0xfc, 0x30,

    /* U+793A "示" */
    0xf, 0xfe, 0x35, 0xff, 0xe8, 0x3f, 0xfc, 0xff,
    0xff, 0xc2, 0xf, 0xd4, 0xf, 0xf9, 0x5, 0x0,
    0x87, 0xdc, 0xa, 0x2, 0xc3, 0x9c, 0x2a, 0x5,
    0xc1, 0xb4, 0x2a, 0x4, 0xe1, 0x70, 0x6a, 0x6,
    0xe0, 0x21, 0xdc, 0x1c, 0x87, 0xbe, 0x43, 0xe0,

    /* U+793C "礼" */
    0xf, 0xfe, 0x3d, 0x3, 0x61, 0xfe, 0xd0, 0xb0,
    0xfa, 0xfe, 0x6, 0x1f, 0xf5, 0x1, 0x87, 0xfd,
    0x85, 0x87, 0xfb, 0x42, 0xc3, 0xfb, 0xd0, 0x58,
    0x7e, 0xfd, 0x3, 0xf, 0xb8, 0xcd, 0x30, 0xf9,
    0x6, 0x20, 0xc3, 0xfd, 0x86, 0xc3, 0x48, 0x6c,
    0x36, 0x1b, 0x43, 0x61, 0xb4, 0x2c, 0x3b, 0xd,
    0x7e, 0x80,

    /* U+795D "祝" */
    0x3, 0x7, 0xff, 0xf, 0x41, 0xff, 0x21, 0x94,
    0xc, 0x3b, 0x41, 0xfc, 0xe1, 0xda, 0x1d, 0x66,
    0x1d, 0xa1, 0xda, 0x61, 0xda, 0x1a, 0xc1, 0x87,
    0x68, 0x4f, 0x3, 0xfe, 0x40, 0xfd, 0x2, 0x86,
    0x19, 0xdd, 0xd2, 0x4c, 0x3e, 0xc3, 0x69, 0x87,
    0xd8, 0x6c, 0x18, 0x7d, 0x85, 0xc0, 0xc1, 0x86,
    0xc1, 0x61, 0x69, 0x86, 0xca, 0x6, 0xbd, 0x7,
    0xff, 0x14,

    /* U+79EF "积" */
    0xf, 0xfe, 0x2a, 0xae, 0xf, 0xcf, 0xd0, 0x1f,
    0xf2, 0x15, 0x0, 0xc1, 0xb4, 0x2a, 0x1, 0x83,
    0x6a, 0xff, 0x50, 0x36, 0x85, 0xc0, 0x60, 0xda,
    0x7, 0xc8, 0xc1, 0xb4, 0x1e, 0xb1, 0xff, 0x23,
    0xd1, 0xc3, 0xfb, 0x68, 0x12, 0x80, 0x81, 0x8a,
    0x5, 0xa0, 0xe0, 0xd4, 0x3, 0x86, 0xc3, 0x50,
    0x1a, 0x1a, 0x81, 0x50, 0x60, 0xe6,

    /* U+7A0B "程" */
    0xe, 0x43, 0xfe, 0x55, 0xe5, 0x7f, 0xc0, 0xac,
    0x7, 0xc, 0xe1, 0x98, 0xe, 0x19, 0xc3, 0x50,
    0xe, 0x19, 0xc1, 0xfd, 0x3f, 0xf0, 0x6e, 0xf,
    0xfe, 0x17, 0x83, 0xff, 0x83, 0x7c, 0x7f, 0xe4,
    0x1d, 0x60, 0x9c, 0x3a, 0x8c, 0x1c, 0xe1, 0x9c,
    0x60, 0x5f, 0xf0, 0x66, 0xe, 0x70, 0xf9, 0x83,
    0x9c, 0x3e, 0x63, 0xff, 0xc0,

    /* U+7A7A "空" */
    0xf, 0xfe, 0x3b, 0x87, 0xe5, 0xee, 0x5e, 0x3f,
    0xff, 0x86, 0x87, 0xf9, 0xf2, 0xd, 0x7, 0x1,
    0xd2, 0xd0, 0xd7, 0x1, 0xf0, 0x7e, 0xb4, 0x5f,
    0xfe, 0x0, 0x5f, 0xfe, 0xf, 0xda, 0x1f, 0xfc,
    0xd, 0xf, 0xfe, 0x6, 0x87, 0xff, 0x3, 0x43,
    0xdf, 0xff, 0xc2,

    /* U+7A81 "突" */
    0xf, 0xa0, 0xff, 0xe1, 0xd8, 0x7e, 0xbf, 0xff,
    0x81, 0x3, 0x83, 0xfd, 0x40, 0x68, 0x34, 0x16,
    0x8c, 0x1a, 0xd0, 0xcf, 0x7, 0x70, 0x4a, 0x12,
    0x81, 0xfd, 0x43, 0x43, 0xfe, 0xd1, 0xc3, 0xbf,
    0xff, 0x84, 0x1f, 0x5e, 0x43, 0xff, 0x81, 0xab,
    0xf, 0xf3, 0xc0, 0xb0, 0xf9, 0xb4, 0x33, 0xc8,
    0x5e, 0x83, 0xf5, 0xe0, 0xff, 0xe2, 0x80,

    /* U+7B14 "笔" */
    0x9, 0xe, 0x43, 0xf5, 0x87, 0x61, 0xfb, 0xfa,
    0x9f, 0xe0, 0x59, 0xa3, 0x8e, 0x1d, 0x81, 0xcd,
    0x4, 0x87, 0xf9, 0x54, 0xf2, 0x1a, 0xfe, 0xa2,
    0x1f, 0xfc, 0xc, 0x3f, 0xca, 0xa7, 0xfc, 0x86,
    0xa2, 0xd8, 0x7f, 0xf0, 0xf5, 0xaa, 0xc1, 0x7f,
    0xd5, 0x2c, 0x5, 0x6, 0xc3, 0xc8, 0x7e, 0xc3,
    0xa8, 0x1f, 0xaf, 0xf2, 0x0,

    /* U+7B2C "第" */
    0x9, 0xe, 0x43, 0xfb, 0xe, 0xd0, 0xfa, 0xfe,
    0x7f, 0xc0, 0x72, 0x80, 0xd2, 0x81, 0xb0, 0xa1,
    0x82, 0x83, 0xbf, 0xff, 0x80, 0x1f, 0xda, 0x13,
    0x87, 0xf6, 0x84, 0xe1, 0x9f, 0xff, 0x41, 0xa8,
    0x16, 0x87, 0xf7, 0xff, 0xf0, 0x10, 0xf3, 0xe4,
    0x36, 0x87, 0x39, 0xa1, 0xb0, 0xea, 0x3, 0x45,
    0x58, 0x4c, 0x1b, 0x4b, 0xc8, 0x7f, 0xf1, 0x80,

    /* U+7B49 "等" */
    0x9, 0xe, 0x43, 0xf3, 0x87, 0x68, 0x7d, 0xfe,
    0xbf, 0xc9, 0x43, 0x47, 0x6, 0x1d, 0x1, 0x45,
    0x0, 0xa0, 0xe7, 0xff, 0xe0, 0xfe, 0xb0, 0xff,
    0xe1, 0x58, 0x7e, 0xff, 0xfe, 0x12, 0x1f, 0xf6,
    0x1d, 0x7f, 0xff, 0x4, 0x3b, 0x43, 0x38, 0x7e,
    0x74, 0x36, 0x1f, 0xce, 0x13, 0x87, 0xff, 0x2,
    0xf4, 0x18,

    /* U+7B54 "答" */
    0x9, 0xe, 0x43, 0xf5, 0x86, 0x70, 0xfd, 0xfd,
    0x4f, 0xe8, 0x1c, 0x68, 0xe3, 0x86, 0x70, 0x50,
    0x90, 0x68, 0x7f, 0x5c, 0x1f, 0xfc, 0xb, 0x2d,
    0xf, 0xcf, 0x82, 0x7c, 0x86, 0xbd, 0x7f, 0x9f,
    0x40, 0x83, 0xfe, 0x50, 0x6f, 0xfe, 0x43, 0xda,
    0x1e, 0xd0, 0xf6, 0x87, 0xb4, 0x3d, 0xa1, 0xed,
    0xf, 0x7f, 0xf2, 0x10,

    /* U+7EA2 "红" */
    0xf, 0xfe, 0x3d, 0x3, 0xff, 0x85, 0x81, 0xff,
    0xa0, 0xa8, 0x1e, 0xd0, 0xe7, 0x6, 0x1b, 0x43,
    0xb9, 0xb0, 0xda, 0x1a, 0xfc, 0x1d, 0xa1, 0xf6,
    0x87, 0x68, 0x7b, 0x43, 0xda, 0x1d, 0xeb, 0xc1,
    0xb4, 0x33, 0xca, 0xe, 0xd0, 0xff, 0xe1, 0x68,
    0x7c, 0xd8, 0x6d, 0xc, 0xfd, 0x37, 0xfe, 0xf,
    0xfe, 0x28,

    /* U+7EA6 "约" */
    0xf, 0xfe, 0x33, 0x86, 0xc3, 0xf7, 0x4, 0xe1,
    0xf3, 0x86, 0xa2, 0xe0, 0xb4, 0x41, 0xff, 0x14,
    0x1c, 0xe0, 0xce, 0x7e, 0x4c, 0x39, 0xc2, 0xa0,
    0x54, 0x9, 0x81, 0x40, 0xee, 0x3, 0x17, 0x4e,
    0xb, 0x8a, 0x1c, 0xa0, 0xf2, 0x50, 0x3f, 0xf8,
    0x34, 0x2, 0xaf, 0x7, 0xb4, 0xf4, 0x87, 0xce,
    0x1f, 0xf7, 0xd0,

    /* U+7EB7 "纷" */
    0xf, 0xfe, 0x3d, 0x3, 0x63, 0x7, 0xb0, 0xce,
    0xc, 0x3a, 0x81, 0xb4, 0x1a, 0x1b, 0x6, 0xc,
    0x27, 0xb, 0x8b, 0x38, 0x36, 0x8f, 0xe2, 0xc3,
    0x9d, 0xb, 0x46, 0xff, 0x21, 0x50, 0x3b, 0x41,
    0x85, 0x77, 0x82, 0xc2, 0xc2, 0xe4, 0x3b, 0x3,
    0x87, 0xfa, 0x80, 0x70, 0xcd, 0xe0, 0x61, 0x50,
    0xf, 0xa4, 0x1a, 0x16, 0x87, 0xed, 0x7, 0xc1,
    0xff, 0xc7,

    /* U+7EB8 "纸" */
    0xf, 0xfe, 0x3d, 0x3, 0x2a, 0xf2, 0x1b, 0x41,
    0xf5, 0xa1, 0xce, 0x16, 0x16, 0x1e, 0xc1, 0x18,
    0x58, 0x75, 0x7, 0x30, 0xb0, 0xef, 0xc0, 0xd0,
    0x68, 0x7b, 0x41, 0xff, 0x82, 0xa0, 0x58, 0x5a,
    0x1a, 0xef, 0x38, 0x52, 0x1b, 0x90, 0xb0, 0xa8,
    0x1f, 0xec, 0x27, 0x10, 0x9b, 0xce, 0x1b, 0x20,
    0x7a, 0x41, 0xf8, 0xec, 0x3e, 0x78, 0x37, 0x7,
    0xff, 0x14,

    /* U+7EBF "线" */
    0x9, 0x83, 0x50, 0x43, 0xd4, 0xd, 0x42, 0xc3,
    0xb0, 0xe6, 0x2, 0x1a, 0x44, 0x6f, 0xe4, 0xe,
    0x39, 0x56, 0x1e, 0xfc, 0x84, 0xe0, 0x50, 0x6a,
    0x4, 0xdf, 0xa0, 0x9c, 0x2e, 0x9a, 0x4, 0xf,
    0x78, 0x36, 0x96, 0xe, 0x43, 0xd5, 0x61, 0xff,
    0xc0, 0x7c, 0x1c, 0xde, 0x41, 0x79, 0x10, 0x72,
    0x6, 0xe1, 0xd9, 0xf, 0x30, 0x67, 0xc0,

    /* U+7EC3 "练" */
    0x9, 0xe, 0x83, 0xfb, 0xc, 0xe1, 0xf9, 0xc1,
    0xff, 0xa0, 0xb4, 0xa, 0xe5, 0xe0, 0x39, 0x20,
    0xc3, 0xf6, 0x99, 0xfc, 0x87, 0x7d, 0x3, 0x4d,
    0xf, 0xb0, 0xb0, 0x68, 0x7b, 0x41, 0x7f, 0xd0,
    0x2f, 0xa0, 0xda, 0x1d, 0x44, 0x29, 0x35, 0x41,
    0xe5, 0x18, 0x34, 0xc2, 0x6e, 0x34, 0x1a, 0x38,
    0x34, 0x14, 0xb, 0x41, 0x87, 0xf7, 0xc1, 0xc0,

    /* U+7EC6 "细" */
    0xd, 0x7, 0xff, 0x6, 0x80, 0xff, 0xc1, 0x61,
    0x60, 0xd1, 0xc1, 0x40, 0xb0, 0x61, 0x63, 0x82,
    0x98, 0x30, 0xb3, 0x9b, 0x30, 0x61, 0x6f, 0x4d,
    0x30, 0x61, 0x61, 0x68, 0x3f, 0xf0, 0x28, 0x16,
    0xd, 0x1c, 0xbb, 0xd6, 0xc, 0x2c, 0xe4, 0x2c,
    0x18, 0x58, 0x7d, 0x83, 0xb, 0x9, 0xab, 0x6,
    0x8e, 0xfd, 0x27, 0xfe, 0xf, 0xb0, 0xf6,

    /* U+7ECD "绍" */
    0x9, 0xf, 0xfe, 0x16, 0x97, 0xfc, 0x81, 0xc3,
    0xb4, 0x1a, 0xd, 0xe, 0xc2, 0xd1, 0xc1, 0x81,
    0xc2, 0xd3, 0x5, 0x1, 0xa1, 0x65, 0xf8, 0x1c,
    0x13, 0x86, 0xd3, 0x82, 0xf2, 0x16, 0x87, 0xff,
    0x2, 0xe9, 0x9f, 0xf2, 0xb9, 0x40, 0xc3, 0xb4,
    0x3e, 0xc3, 0xb4, 0xd, 0xe3, 0xe, 0xdb, 0x90,
    0xbf, 0xe4, 0x3e, 0xd7, 0xb4,

    /* U+7ED3 "结" */
    0xa, 0x43, 0xb4, 0x3e, 0xc3, 0xdc, 0x1e, 0xa0,
    0x1f, 0xfc, 0x7, 0x6, 0x1b, 0x43, 0xb9, 0xf0,
    0x6d, 0xc, 0xf7, 0x81, 0xff, 0x41, 0xb4, 0xb,
    0xf0, 0x6d, 0xf, 0xfe, 0xf, 0xf3, 0x7f, 0x90,
    0x72, 0x15, 0x3, 0x68, 0x7e, 0x90, 0xda, 0x19,
    0x53, 0x21, 0xb4, 0x7f, 0x45, 0x17, 0x68, 0x10,
    0xeb, 0xfc, 0x80,

    /* U+7ED9 "给" */
    0xf, 0xfe, 0x3e, 0x86, 0x74, 0x3c, 0xe1, 0xd7,
    0x83, 0xdc, 0x19, 0xce, 0xc, 0xe0, 0xc1, 0x85,
    0xa1, 0x69, 0xc7, 0x4, 0xe8, 0xfe, 0x3b, 0xf9,
    0xc3, 0x68, 0x7f, 0xf0, 0x78, 0x3f, 0xf8, 0x37,
    0x4c, 0xff, 0x82, 0xe5, 0x3, 0xc, 0xe1, 0xfd,
    0x86, 0x70, 0xcd, 0xe3, 0xc, 0xe0, 0x79, 0xb,
    0xfe, 0xf, 0xed, 0xa, 0xc0,

    /* U+7EDC "络" */
    0xf, 0xe8, 0x3f, 0xac, 0x27, 0xf, 0xed, 0xb,
    0xfd, 0x4, 0xe1, 0x5a, 0x7, 0xd, 0x83, 0xbb,
    0x7, 0x5, 0x6d, 0xa8, 0xa7, 0x6, 0xfc, 0x19,
    0xf0, 0x7d, 0xa0, 0x7c, 0xae, 0x42, 0xa0, 0xda,
    0x19, 0xc1, 0x7d, 0xf, 0xf9, 0x4, 0x86, 0x70,
    0xda, 0x1e, 0x47, 0xd, 0xa1, 0x37, 0x95, 0x86,
    0xd0, 0x79, 0x9, 0xff, 0x21, 0xf9, 0xc3, 0x68,

    /* U+7EE7 "继" */
    0xf, 0xfe, 0x3d, 0x1, 0x85, 0x87, 0xd8, 0x59,
    0x18, 0xc1, 0x30, 0x59, 0x99, 0x86, 0xc1, 0x39,
    0x1b, 0x4, 0xc3, 0x98, 0x58, 0x77, 0xe0, 0x77,
    0xf8, 0x9, 0x20, 0xc1, 0x70, 0x75, 0x2, 0xc1,
    0xea, 0x4, 0xf4, 0xdc, 0xdc, 0x90, 0x72, 0x16,
    0xc6, 0x8, 0x3f, 0x61, 0x61, 0xe6, 0xf3, 0x84,
    0x87, 0x72, 0x17, 0xfe, 0xf, 0xfe, 0x28,

    /* U+7EED "续" */
    0xa, 0x43, 0xb0, 0xfd, 0x85, 0xff, 0x6, 0x60,
    0xf6, 0x1f, 0x60, 0x85, 0xb5, 0x82, 0x93, 0x57,
    0xfe, 0x7, 0xe0, 0xa2, 0x49, 0xd, 0x86, 0x79,
    0x20, 0xd2, 0x16, 0x92, 0x1d, 0x7c, 0x82, 0x34,
    0x3b, 0x90, 0x7f, 0xf0, 0x79, 0xa, 0xc3, 0xeb,
    0xc8, 0x1c, 0xb0, 0xdc, 0x1a, 0xd0, 0x38, 0x7e,
    0xf0, 0x73, 0x87, 0xff, 0x14,

    /* U+7F13 "缓" */
    0xa, 0x43, 0x96, 0x83, 0xb0, 0x7e, 0xa9, 0xd,
    0x61, 0x23, 0x3, 0xd, 0xa1, 0x63, 0xc, 0x13,
    0x8c, 0x40, 0x8d, 0xb, 0x4d, 0xff, 0xe2, 0xfc,
    0x16, 0x1f, 0xec, 0x7f, 0xf8, 0x2c, 0x33, 0x87,
    0xef, 0xd1, 0x7f, 0x80, 0xc8, 0x6f, 0x5, 0x40,
    0xf9, 0x5b, 0x8e, 0x19, 0xbc, 0xe8, 0xf8, 0x33,
    0xc0, 0xa0, 0xfe, 0x83, 0xcc, 0x79, 0x3, 0xe0,
    0xff, 0xe2, 0x80,

    /* U+7F24 "缤" */
    0x9, 0xf, 0x41, 0xfb, 0xf, 0x68, 0x7a, 0x80,
    0xff, 0xe0, 0xb4, 0x1a, 0x1e, 0xc0, 0xe3, 0x44,
    0x5a, 0x98, 0x34, 0xd2, 0xea, 0x42, 0x7e, 0x81,
    0x40, 0xff, 0x61, 0x5f, 0xe4, 0x2d, 0xa, 0x80,
    0x90, 0xd7, 0xc9, 0x40, 0x48, 0x4f, 0x21, 0x50,
    0x12, 0x1f, 0xaf, 0xfe, 0x9, 0xb0, 0x90, 0x90,
    0x9f, 0x21, 0x78, 0x2e, 0xf, 0x9e, 0xe, 0xb0,
    0xff, 0xe2, 0x80,

    /* U+7F51 "网" */
    0x7f, 0xff, 0x82, 0xe1, 0xfe, 0x77, 0x9, 0x41,
    0x43, 0xb8, 0x54, 0x41, 0x8e, 0xee, 0x6d, 0xc,
    0x77, 0x2f, 0x3, 0xa0, 0xee, 0xf, 0x5, 0xa3,
    0xb8, 0x2c, 0x2e, 0x1d, 0xc1, 0xd9, 0x4d, 0x5b,
    0x94, 0x33, 0x1d, 0xdd, 0xc2, 0xe0, 0x2b, 0x79,
    0xb, 0xc, 0xee, 0x1f, 0xe7, 0x70, 0xfd, 0xf2,

    /* U+7FFB "翻" */
    0xc, 0xa9, 0xf, 0xeb, 0xb9, 0x3e, 0x7e, 0xa,
    0x32, 0x41, 0x20, 0xc2, 0xcc, 0xc2, 0x90, 0x60,
    0xff, 0x50, 0x9c, 0xc3, 0x5e, 0x3, 0x46, 0x70,
    0x9f, 0x58, 0x39, 0x56, 0x7, 0x31, 0xc1, 0x20,
    0xc1, 0x82, 0xe, 0xd1, 0xc1, 0x7f, 0x47, 0x93,
    0xc0, 0x93, 0x1b, 0x67, 0x70, 0x5f, 0xd2, 0x48,
    0x30, 0x49, 0x8c, 0x9, 0x6, 0xb, 0xfa, 0x6,
    0x83, 0x5, 0x2, 0x63, 0xc3, 0xc0,

    /* U+8001 "老" */
    0xf, 0x50, 0x39, 0xf, 0xdc, 0x1a, 0xc3, 0x5f,
    0xfe, 0xf, 0xea, 0x1, 0xd0, 0xfe, 0xa1, 0x61,
    0xef, 0xff, 0xe1, 0x7, 0xd7, 0x7, 0xff, 0x3,
    0xc8, 0x7f, 0xd7, 0x90, 0xae, 0xd, 0xe8, 0xe9,
    0xe8, 0x3c, 0x85, 0xe4, 0x3f, 0xf8, 0x3a, 0x1e,
    0xa0, 0x7b, 0x83, 0xda, 0x1e, 0x7f, 0xe8, 0x0,

    /* U+8005 "者" */
    0xf, 0x50, 0x39, 0xf, 0xd4, 0xd, 0x61, 0xaf,
    0xff, 0x7, 0xf5, 0x1, 0x61, 0xfe, 0xa1, 0xe0,
    0xf7, 0xff, 0xf0, 0x83, 0xeb, 0x43, 0xfc, 0xdf,
    0x57, 0x6, 0xbe, 0x97, 0xd8, 0x6d, 0x34, 0x3d,
    0x87, 0xdf, 0xfc, 0x1f, 0x68, 0x7b, 0xf, 0xb4,
    0x3d, 0x87, 0xdf, 0xfc, 0x10,

    /* U+8033 "耳" */
    0x3f, 0xff, 0x84, 0x1a, 0xc3, 0xdc, 0x1e, 0x70,
    0xf7, 0x7, 0x9c, 0x3d, 0xc1, 0xe7, 0xff, 0x41,
    0xe7, 0xf, 0x70, 0x79, 0xc3, 0xdc, 0x1e, 0x70,
    0xf7, 0x7, 0x9f, 0xfd, 0x7, 0x9c, 0x3d, 0xc1,
    0xe7, 0x2, 0xef, 0x50, 0x1f, 0xfd, 0x7a, 0x40,
    0xa0, 0xfd, 0xc1, 0xff, 0xc2, 0xe0, 0x80,

    /* U+8038 "耸" */
    0xc, 0xa0, 0xe4, 0x3f, 0x68, 0x6e, 0xf, 0x9c,
    0x3b, 0x43, 0xef, 0x82, 0xed, 0xe, 0xe1, 0xdf,
    0x3, 0x82, 0x60, 0x95, 0x6, 0x82, 0xff, 0xfe,
    0x10, 0x6d, 0xf, 0x38, 0x7a, 0xeb, 0xde, 0xf,
    0x50, 0x3c, 0xe1, 0xeb, 0xaf, 0x78, 0x3d, 0x40,
    0xf5, 0x87, 0xb4, 0x39, 0xba, 0x3, 0xff, 0xf8,
    0x14, 0xf, 0xfe, 0x3, 0x84,

    /* U+804A "聊" */
    0xf, 0xe4, 0x39, 0xfe, 0x7, 0x83, 0xcc, 0x51,
    0xd0, 0x7e, 0x18, 0x95, 0x11, 0x83, 0x18, 0x95,
    0x19, 0x83, 0x1f, 0x95, 0x19, 0x83, 0x18, 0x95,
    0x19, 0x83, 0x18, 0x95, 0x19, 0x83, 0x1f, 0x95,
    0x19, 0x83, 0x18, 0x95, 0x19, 0x83, 0x18, 0x95,
    0xd9, 0x83, 0x2e, 0xf5, 0x63, 0xb9, 0x95, 0x20,
    0xc1, 0x87, 0xd2, 0x70, 0x30, 0xfa, 0x64, 0x2c,
    0x3f, 0xf8, 0xc0,

    /* U+80A9 "肩" */
    0xf, 0x90, 0xff, 0xe0, 0xe8, 0x7d, 0xff, 0xf2,
    0xd, 0xf, 0xda, 0xd, 0xf, 0xda, 0xf, 0xff,
    0x90, 0x68, 0x7f, 0xf0, 0x33, 0xff, 0xa0, 0x66,
    0x87, 0xa8, 0xc, 0xff, 0xe8, 0x73, 0x43, 0xd4,
    0x28, 0x68, 0x7a, 0x86, 0x9f, 0xfd, 0x38, 0x34,
    0x3d, 0x40, 0xda, 0x1a, 0xf2,

    /* U+80F8 "胸" */
    0xf, 0xc8, 0x7f, 0x7e, 0x6, 0x1f, 0xd8, 0x32,
    0xc3, 0xfb, 0x6, 0x7f, 0xe0, 0xb0, 0x76, 0x1e,
    0xc2, 0xfe, 0x21, 0x81, 0x85, 0x83, 0x26, 0x84,
    0x61, 0x60, 0xc8, 0xe2, 0x30, 0x38, 0xe4, 0x59,
    0x18, 0x1f, 0xc4, 0xd1, 0x8c, 0xc, 0xc, 0xf0,
    0x3c, 0x60, 0x60, 0x66, 0x1b, 0x30, 0x48, 0x33,
    0xfc, 0x60, 0xc0, 0xe1, 0xf3, 0x82, 0x3d, 0x7,
    0x5e, 0x43, 0xff, 0x8a,

    /* U+80FD "能" */
    0xf, 0xfe, 0x2e, 0x86, 0xc3, 0xe7, 0x24, 0x18,
    0x1d, 0x6, 0x16, 0xe, 0xe4, 0x1f, 0xf1, 0xa1,
    0xff, 0x26, 0x1b, 0x5, 0x70, 0x39, 0x6c, 0x1a,
    0xda, 0x5f, 0xa0, 0x61, 0x69, 0x87, 0xdf, 0xc9,
    0x85, 0x20, 0xc2, 0xd3, 0xbd, 0x5, 0xfc, 0x9c,
    0x1e, 0xc2, 0xd3, 0xd, 0x26, 0x16, 0x9a, 0x16,
    0x98, 0xf8, 0xf, 0xe8,

    /* U+8111 "脑" */
    0xf, 0xe4, 0x3d, 0xf8, 0x36, 0x87, 0x69, 0x86,
    0x70, 0xed, 0x37, 0xff, 0x46, 0x98, 0x79, 0xd,
    0xf8, 0xd8, 0x19, 0x83, 0x4c, 0xdd, 0x51, 0x83,
    0x4c, 0xc7, 0xc9, 0x83, 0x4c, 0xc1, 0x60, 0xc1,
    0xf8, 0xc1, 0x69, 0x83, 0x6, 0x63, 0xb9, 0x83,
    0x6, 0x6e, 0x9, 0xc1, 0x83, 0x30, 0xf6, 0x30,
    0x33, 0xff, 0x12, 0x78, 0x3f, 0x61, 0xff, 0xc4,

    /* U+81EA "自" */
    0xf, 0xfe, 0x2f, 0x7, 0xf3, 0xa1, 0xcf, 0xff,
    0xce, 0x1f, 0x9d, 0xc3, 0xf3, 0xbf, 0xff, 0x38,
    0x7e, 0x77, 0xf, 0xce, 0xe1, 0xf9, 0xdf, 0xff,
    0x9c, 0x3f, 0x3b, 0x87, 0xe7, 0x7f, 0xfe, 0x70,
    0xfc, 0xe0,

    /* U+822C "般" */
    0xd, 0x7, 0xff, 0x9, 0xc3, 0x7f, 0x6, 0xfe,
    0x6, 0x7, 0xd, 0x85, 0x83, 0x3, 0x86, 0xd8,
    0xc7, 0x3, 0x86, 0xcc, 0xdd, 0xb, 0xd0, 0x30,
    0xb1, 0xf, 0xdf, 0xe3, 0xfd, 0x1, 0xd6, 0xca,
    0x5, 0x40, 0xb2, 0x30, 0x61, 0x61, 0x31, 0x98,
    0x28, 0x58, 0x4c, 0x26, 0x17, 0x61, 0xa4, 0x2c,
    0x2b, 0xc1, 0xb0, 0xd8, 0xf9, 0xf4, 0xc, 0x1e,
    0x9e, 0x9, 0xc3, 0xff, 0x8a,

    /* U+8272 "色" */
    0xf, 0xfe, 0x4f, 0x7, 0xff, 0x6, 0xff, 0x21,
    0xf3, 0x86, 0xa0, 0x7d, 0x61, 0xac, 0x3e, 0xff,
    0xfe, 0x8, 0x53, 0x84, 0xe1, 0x38, 0x76, 0x1b,
    0x9, 0xc3, 0xb0, 0x9c, 0x27, 0xe, 0xff, 0xf8,
    0x3b, 0xf, 0xe8, 0x3b, 0xf, 0xf2, 0x1b, 0xf,
    0xf6, 0x85, 0xa1, 0xf9, 0xc3, 0x3f, 0xfe, 0x40,

    /* U+8282 "节" */
    0xc, 0xe1, 0xb4, 0x3b, 0xff, 0xf8, 0x40, 0x5a,
    0xd7, 0x72, 0xc1, 0xce, 0x1b, 0x43, 0xf3, 0x6,
    0x90, 0xe7, 0xff, 0xe8, 0x3e, 0x70, 0xea, 0x7,
    0xec, 0x3a, 0x81, 0xfb, 0xe, 0xa0, 0x7e, 0xc3,
    0xa8, 0x1f, 0xb0, 0xee, 0xf, 0xd8, 0x1f, 0x90,
    0xfd, 0x87, 0xff, 0xf, 0xf, 0xe0,

    /* U+82F1 "英" */
    0xc, 0xc1, 0xb4, 0x3b, 0xff, 0xf8, 0x41, 0xd4,
    0xd, 0xc1, 0xf9, 0x8a, 0x12, 0x1f, 0xf5, 0x3,
    0xf9, 0xff, 0xf4, 0x19, 0x82, 0xa0, 0x54, 0xc,
    0xc1, 0x50, 0x2a, 0x6, 0xb0, 0xb8, 0x2a, 0x5,
    0xff, 0xfc, 0x20, 0xfa, 0xf4, 0x1f, 0xf3, 0xa7,
    0x7, 0xe7, 0xc8, 0x5e, 0x43, 0x5e, 0x43, 0xcf,
    0xc0, 0x43, 0xff, 0x80, 0x80,

    /* U+82F9 "苹" */
    0xd, 0x40, 0xda, 0x1d, 0xff, 0xfc, 0x20, 0xe6,
    0xd, 0xa1, 0xf9, 0x41, 0x94, 0x1e, 0xff, 0xfe,
    0x2, 0x19, 0xa, 0x81, 0x41, 0xed, 0x5, 0x0,
    0xe1, 0xe7, 0x5, 0x1, 0xa1, 0xf4, 0xa, 0xa,
    0xe, 0xff, 0xfe, 0x10, 0x7e, 0xa0, 0x7f, 0xf0,
    0xa8, 0x1f, 0xfc, 0x2a, 0x7, 0xff, 0xa, 0x81,
    0xf0,

    /* U+840C "萌" */
    0xd, 0x40, 0xda, 0x1d, 0xff, 0xfc, 0x20, 0xe6,
    0xd, 0xa1, 0xfc, 0x86, 0x90, 0xe7, 0xf4, 0x7f,
    0x90, 0x30, 0x28, 0x68, 0x5a, 0x6, 0x5, 0xe,
    0x5b, 0x40, 0xfe, 0x8f, 0x55, 0xa0, 0x60, 0x50,
    0xd0, 0xb4, 0xc, 0xa, 0x1c, 0xb6, 0x81, 0xfd,
    0x3d, 0x6d, 0x3, 0x6, 0xe0, 0xda, 0x1f, 0x58,
    0x76, 0x87, 0x9c, 0x37, 0xc1, 0xff, 0xc6,

    /* U+8868 "表" */
    0xf, 0xa8, 0x1f, 0x9f, 0xff, 0xe0, 0x21, 0xfa,
    0x81, 0xfc, 0xff, 0xfa, 0xf, 0xea, 0x7, 0xff,
    0xa, 0x81, 0xfb, 0xff, 0xf8, 0x41, 0xe7, 0x74,
    0x3f, 0xde, 0x3, 0x82, 0xc3, 0x5e, 0x42, 0xea,
    0xd, 0xc6, 0x86, 0xf0, 0x7e, 0xd0, 0x23, 0xc1,
    0xf7, 0x4f, 0x5, 0xe8, 0x33, 0xe4, 0x3c, 0xc1,
    0xff, 0xc5,

    /* U+8981 "要" */
    0x3f, 0xff, 0x84, 0x1e, 0xa0, 0x34, 0x3f, 0xd4,
    0x6, 0x87, 0xdf, 0xff, 0xc0, 0xd, 0x82, 0x80,
    0xd0, 0x61, 0xb0, 0x50, 0x1a, 0xc, 0x37, 0xff,
    0xf0, 0x3, 0xf6, 0x1f, 0xef, 0xff, 0xe1, 0x7,
    0x50, 0x35, 0x87, 0xce, 0x84, 0xe1, 0xf9, 0xa7,
    0xe4, 0x3f, 0x9b, 0xd4, 0xf4, 0x85, 0xf4, 0x87,
    0x36, 0x87, 0xff, 0x14,

    /* U+89C1 "见" */
    0xb, 0xff, 0xc1, 0xed, 0xf, 0x38, 0x7b, 0xf,
    0xd8, 0x7b, 0xb, 0x42, 0xc3, 0xd8, 0x5a, 0x16,
    0x1e, 0xc2, 0xd0, 0xb0, 0xf6, 0x16, 0x85, 0x87,
    0xb0, 0xb0, 0xd8, 0x7b, 0x3, 0xa8, 0x18, 0x7f,
    0x54, 0x87, 0xfc, 0xe4, 0x86, 0xc3, 0xdc, 0x48,
    0x6c, 0x35, 0xc0, 0xa0, 0x4e, 0xf, 0x41, 0x9f,
    0xe4, 0x3f, 0xf8, 0xa0,

    /* U+89C2 "观" */
    0xf, 0xbf, 0xe0, 0x3f, 0xc6, 0x86, 0xc3, 0xec,
    0xd0, 0xd8, 0x48, 0x1c, 0xd3, 0x6, 0x16, 0x94,
    0x34, 0xc1, 0x84, 0xe6, 0x9a, 0x60, 0xc3, 0x53,
    0x6, 0x98, 0x30, 0xef, 0x3, 0x4c, 0x18, 0x77,
    0x80, 0x8e, 0x88, 0x67, 0xc8, 0x54, 0xc3, 0xda,
    0xb0, 0x3b, 0x82, 0x5, 0x82, 0x6, 0xac, 0x18,
    0xe1, 0xdc, 0x38, 0x30, 0x21, 0xb4, 0x2f, 0xa0,
    0xff, 0xe2, 0x80,

    /* U+89C9 "觉" */
    0xf, 0x90, 0xc8, 0x67, 0xb, 0xa, 0xc3, 0xa8,
    0x9, 0x1c, 0x35, 0xff, 0xfc, 0x4, 0xe5, 0xff,
    0x69, 0xa1, 0xfe, 0xd1, 0x3f, 0xf9, 0x41, 0xb4,
    0x8, 0x5a, 0x1d, 0xa0, 0xd0, 0x68, 0x76, 0x83,
    0x41, 0xa1, 0xda, 0xd, 0x6, 0x87, 0x40, 0xba,
    0x12, 0x1f, 0x39, 0x40, 0xc8, 0x4f, 0x81, 0x40,
    0xa8, 0x5e, 0x42, 0x7f, 0x83, 0xff, 0x88,

    /* U+89E3 "解" */
    0xa, 0xf, 0xfe, 0x13, 0x86, 0x7f, 0xc8, 0x2f,
    0xc1, 0x30, 0x30, 0xb0, 0x70, 0x5a, 0xc, 0x1e,
    0xa7, 0x23, 0x85, 0x83, 0xce, 0xad, 0xc1, 0xe8,
    0x2c, 0xc1, 0x8a, 0x20, 0xee, 0xe9, 0x94, 0x30,
    0xed, 0xd5, 0x9f, 0xe4, 0x19, 0x83, 0x71, 0xc3,
    0xbb, 0xa6, 0x85, 0x86, 0x77, 0x56, 0xff, 0xa1,
    0x8c, 0x18, 0x4e, 0x1b, 0x4c, 0x18, 0x6c, 0x36,
    0x6, 0xe0, 0xd8, 0x7f, 0xf1, 0xc0,

    /* U+8BA4 "认" */
    0x9, 0xf, 0x68, 0x7d, 0xc1, 0xda, 0x1f, 0xb4,
    0x36, 0x1f, 0xfc, 0x3c, 0x3f, 0xf8, 0x78, 0x7b,
    0xf0, 0x76, 0x87, 0xce, 0x19, 0xd0, 0xf9, 0xc3,
    0x3e, 0xf, 0x9c, 0x35, 0x30, 0xf9, 0xc3, 0x6e,
    0x87, 0x9c, 0x87, 0x1c, 0x3c, 0xfa, 0x38, 0x1c,
    0x1d, 0xe0, 0x58, 0x6d, 0xd, 0x2, 0xc3, 0x9d,
    0xf, 0xfe, 0x20,

    /* U+8BB0 "记" */
    0x4, 0x1f, 0xfc, 0x37, 0x3, 0xff, 0x7, 0x38,
    0x7e, 0xc3, 0xff, 0x87, 0x84, 0xb0, 0x7f, 0x60,
    0x69, 0xa1, 0xfb, 0xe, 0xd0, 0x7f, 0xc1, 0xda,
    0xc, 0x3b, 0xe, 0xd0, 0x61, 0xff, 0x68, 0x30,
    0xff, 0xb5, 0x18, 0x7a, 0xd, 0xf3, 0x87, 0xb0,
    0x9e, 0x6, 0x86, 0xb0, 0x94, 0x15, 0xfe, 0x40,

    /* U+8BB2 "讲" */
    0x4, 0x19, 0xc0, 0xe1, 0xd4, 0x9, 0xc0, 0xe1,
    0xea, 0x1, 0xc0, 0xe1, 0xfa, 0xff, 0xe0, 0xfc,
    0xe0, 0x70, 0x9f, 0x82, 0x70, 0x38, 0x7b, 0x9,
    0xc0, 0xe1, 0xec, 0x2b, 0x3, 0x87, 0xb3, 0xff,
    0xc1, 0xb0, 0xa8, 0x7, 0xf, 0x62, 0x70, 0x1c,
    0x3d, 0xe4, 0xc2, 0x70, 0xeb, 0x7, 0x4, 0xe1,
    0xf9, 0x83, 0x38, 0x7f, 0xf1, 0xc0,

    /* U+8BBE "设" */
    0xf, 0xfe, 0x37, 0x6, 0xfe, 0xf, 0x70, 0x58,
    0x1c, 0x3e, 0xc2, 0xc2, 0xc3, 0xfc, 0xc1, 0x61,
    0xfe, 0xd0, 0xb5, 0xf, 0xc3, 0xa1, 0xaa, 0xd,
    0x81, 0xf, 0xfe, 0x6, 0xf, 0xfc, 0x1d, 0x85,
    0x86, 0x60, 0xec, 0x27, 0xb, 0x43, 0xb1, 0x5,
    0xd, 0xf, 0x76, 0x17, 0xa0, 0xf3, 0xc1, 0x5d,
    0xc1, 0xd4, 0x1f, 0x40, 0x7e, 0xf, 0x90, 0xf9,
    0x0,

    /* U+8BC6 "识" */
    0x4, 0x1f, 0xfc, 0x3b, 0xb, 0xfe, 0x43, 0x50,
    0x18, 0x76, 0x87, 0xec, 0x3b, 0x43, 0xf6, 0x1d,
    0xa0, 0xf8, 0x2c, 0x3b, 0x43, 0x61, 0x68, 0x6d,
    0xd, 0x85, 0xff, 0x21, 0xb0, 0xff, 0xe1, 0xe1,
    0x90, 0x90, 0xf6, 0x40, 0xc2, 0xd0, 0xef, 0x8a,
    0x4, 0xe1, 0x9e, 0x1c, 0x3b, 0x82, 0x90, 0x70,
    0x73, 0x87, 0xff, 0x14,

    /* U+8BC9 "诉" */
    0xf, 0xfe, 0x34, 0x1f, 0x37, 0x83, 0x58, 0x5f,
    0x50, 0x3e, 0xb0, 0x61, 0xff, 0xc0, 0x41, 0x87,
    0xff, 0xf, 0x43, 0xe7, 0xe0, 0xbf, 0xf0, 0x6c,
    0x2c, 0x2c, 0x3e, 0xc2, 0xc4, 0xc3, 0xec, 0x2c,
    0xf8, 0x3e, 0xc0, 0xe0, 0x7c, 0x87, 0x6d, 0x41,
    0x6f, 0x6, 0xf5, 0xa1, 0x61, 0xe7, 0x56, 0x1b,
    0xf, 0x28, 0x50, 0x6c, 0x30,

    /* U+8BCD "词" */
    0xf, 0xfe, 0x2e, 0x83, 0xff, 0x80, 0xe8, 0x7e,
    0x70, 0xa8, 0x1f, 0xd8, 0x7b, 0xfc, 0xc, 0x58,
    0x3f, 0xdb, 0xf0, 0x7f, 0xb0, 0xb0, 0x3f, 0x90,
    0x61, 0x60, 0x70, 0x48, 0x30, 0xb0, 0x38, 0x24,
    0x18, 0x58, 0x1c, 0x12, 0xc, 0x2c, 0x57, 0xe4,
    0x18, 0x5e, 0x9c, 0x3d, 0x81, 0xd0, 0xfc, 0xe1,
    0xff, 0x7c, 0x80,

    /* U+8BD5 "试" */
    0x4, 0x1f, 0x3b, 0x6, 0x70, 0xfb, 0x34, 0x33,
    0x7, 0x38, 0xa0, 0xf5, 0xff, 0xc0, 0x58, 0x3e,
    0xc3, 0xa9, 0x87, 0xd8, 0x7d, 0x83, 0xf3, 0x87,
    0xd8, 0x15, 0xa6, 0x87, 0xb0, 0x9c, 0x1a, 0x1e,
    0xc2, 0x70, 0x50, 0x3d, 0x90, 0xe2, 0xa2, 0xd,
    0xf3, 0x7a, 0x33, 0xa, 0xd3, 0x83, 0x7c, 0x1f,
    0xfc, 0x17, 0x43, 0xff, 0x8a,

    /* U+8BDD "话" */
    0xf, 0xfe, 0x34, 0x1f, 0x37, 0x83, 0x70, 0x3f,
    0xa4, 0x3d, 0xa1, 0xd8, 0x7f, 0xf0, 0xf0, 0xff,
    0x97, 0x6b, 0x87, 0xe0, 0x7f, 0xf2, 0x16, 0x1e,
    0xc3, 0xf6, 0x1e, 0xc3, 0xf6, 0x17, 0xfc, 0x86,
    0xc2, 0xc3, 0xb4, 0x36, 0x6e, 0x1d, 0x21, 0xbd,
    0x38, 0x74, 0x84, 0xe8, 0x30, 0xed, 0xa, 0xd,
    0xff, 0x20,

    /* U+8BE2 "询" */
    0xf, 0xc8, 0x7f, 0x68, 0x4e, 0x1f, 0xce, 0x82,
    0x81, 0xfe, 0x60, 0x7f, 0xe0, 0xfb, 0x83, 0xd8,
    0x7a, 0xc3, 0xec, 0x7e, 0x27, 0xf8, 0x18, 0x6c,
    0x2c, 0x2c, 0x70, 0xd8, 0x5f, 0xc3, 0x86, 0xc2,
    0xc2, 0xc7, 0xd, 0x85, 0x85, 0x8c, 0x1b, 0x73,
    0xf8, 0xa0, 0x6f, 0x26, 0x1d, 0x21, 0x58, 0x7e,
    0x74, 0x3f, 0xeb, 0xd0, 0x7f, 0xf1, 0x80,

    /* U+8BED "语" */
    0xf, 0xfe, 0x36, 0x7, 0xff, 0x41, 0x58, 0x67,
    0xf, 0xea, 0x4, 0xe1, 0xff, 0xc0, 0xff, 0xa0,
    0x96, 0xd, 0xa0, 0xa0, 0x54, 0xc3, 0x61, 0x48,
    0x76, 0x7f, 0xf9, 0xb, 0xf, 0xfe, 0x1e, 0x1f,
    0xfc, 0x3c, 0x17, 0xfc, 0x1d, 0x82, 0x81, 0xd8,
    0x77, 0x74, 0xe, 0xc3, 0x3e, 0x28, 0x1d, 0x86,
    0x60, 0x5f, 0xf0, 0x0,

    /* U+8BF4 "说" */
    0xf, 0xfe, 0x34, 0x1b, 0xd, 0xa1, 0xac, 0x27,
    0x3, 0x87, 0xac, 0x2c, 0x1c, 0x1f, 0xdf, 0xf8,
    0x3f, 0x68, 0x67, 0x3, 0xf0, 0x30, 0xf6, 0x1d,
    0x83, 0x43, 0x38, 0x76, 0xf, 0xfc, 0x1d, 0x86,
    0xd3, 0xf, 0xb0, 0xd8, 0x30, 0xfb, 0x75, 0x60,
    0xc3, 0xef, 0x27, 0x3, 0x4, 0x15, 0x82, 0xc2,
    0xc1, 0x87, 0xb8, 0x37, 0xe0, 0xff, 0xe2, 0x80,

    /* U+8BF7 "请" */
    0x2, 0x1e, 0x70, 0xfa, 0xc1, 0xff, 0xa0, 0xd4,
    0xc, 0xe1, 0xff, 0x5f, 0xf0, 0x7f, 0xce, 0x1c,
    0xfc, 0x5f, 0xfc, 0x1b, 0xf, 0xfe, 0x1e, 0x7,
    0xad, 0xe0, 0xec, 0xc, 0x19, 0xc3, 0xb0, 0x3f,
    0xf0, 0x76, 0x2a, 0xc, 0xe1, 0xde, 0x9f, 0xf8,
    0x33, 0xa3, 0x6, 0x70, 0xfc, 0xc1, 0x7a, 0x0,

    /* U+8BFB "读" */
    0x4, 0x1e, 0x70, 0xfa, 0xc1, 0x7f, 0xc1, 0xd4,
    0xc, 0xe1, 0xff, 0x2d, 0x6b, 0x83, 0xef, 0xfd,
    0xf, 0xc1, 0x49, 0x24, 0x86, 0xc3, 0x6e, 0x90,
    0x76, 0xa, 0x3, 0x43, 0xec, 0x25, 0x18, 0x7e,
    0xcb, 0xff, 0x83, 0x62, 0x17, 0x7, 0xef, 0x40,
    0xb3, 0x83, 0x9d, 0x7, 0x82, 0xb0, 0xca, 0x1e,
    0xe, 0x70, 0xff, 0xe2, 0x80,

    /* U+8BFE "课" */
    0xf, 0xfe, 0x36, 0x17, 0xfe, 0xc, 0xe0, 0xc0,
    0xc0, 0xc3, 0xa4, 0xc0, 0xc0, 0xc3, 0xf7, 0xfe,
    0x9, 0x60, 0x60, 0x60, 0x60, 0x7e, 0x6, 0xab,
    0x56, 0x1d, 0x82, 0xaf, 0x54, 0x1d, 0x87, 0x58,
    0x7e, 0xcf, 0xff, 0x6, 0xc3, 0x5f, 0x7, 0xdd,
    0xa, 0x33, 0x87, 0xbc, 0x58, 0xc5, 0x86, 0xa1,
    0xc0, 0x60, 0x38, 0x7f, 0x98, 0x38,

    /* U+8C03 "调" */
    0xf, 0xfe, 0x2e, 0x83, 0xff, 0x80, 0xe0, 0xd0,
    0xf6, 0x13, 0x18, 0x50, 0x58, 0x7b, 0x3f, 0x46,
    0x2c, 0xc, 0x2c, 0x2d, 0xf8, 0x18, 0x58, 0x58,
    0x58, 0x37, 0xf8, 0xc2, 0xc1, 0x87, 0xd8, 0x58,
    0x33, 0xf2, 0x61, 0x60, 0xcc, 0x12, 0x61, 0x63,
    0x98, 0x24, 0xc2, 0xfa, 0x3f, 0x26, 0xb, 0x70,
    0x21, 0x9c, 0x8, 0x20, 0xe7, 0xd0, 0x7f, 0xf0,
    0xc0,

    /* U+8C22 "谢" */
    0xf, 0xfe, 0x34, 0x19, 0x83, 0x38, 0x54, 0x5,
    0xd0, 0x27, 0xd, 0x26, 0xac, 0x27, 0xf, 0xba,
    0x6f, 0xf1, 0x50, 0x30, 0x61, 0x38, 0x3e, 0x6,
    0xc, 0x27, 0xd, 0x83, 0xf1, 0x8e, 0x1b, 0x6,
    0xc, 0x95, 0x86, 0xcf, 0xe1, 0xdc, 0x36, 0x13,
    0xe0, 0x2b, 0xd, 0x89, 0x98, 0x4e, 0x13, 0xe7,
    0x4c, 0x27, 0xa, 0xdd, 0x6, 0x13, 0x84, 0x86,
    0xb8, 0x7c, 0x87, 0xff, 0x14,

    /* U+8C8C "貌" */
    0xe, 0x43, 0x30, 0x7c, 0xf0, 0x6b, 0xe, 0xf4,
    0x81, 0xa7, 0xa8, 0x81, 0x6, 0x54, 0x1a, 0x80,
    0x62, 0xda, 0x6, 0x60, 0xbe, 0x5, 0xfe, 0x81,
    0x76, 0xa, 0x6, 0x60, 0x20, 0xa1, 0x40, 0xcc,
    0x1b, 0xb2, 0xff, 0x40, 0xb4, 0xd0, 0x60, 0xc3,
    0x20, 0xb4, 0x18, 0x30, 0xf7, 0x44, 0x70, 0x61,
    0xad, 0x24, 0xd0, 0x64, 0x8, 0xe, 0xd8, 0x59,
    0x84, 0xf9, 0x50, 0x6f, 0x83, 0xff, 0x8a,

    /* U+8D25 "败" */
    0xf, 0xf2, 0x1e, 0xff, 0x2, 0x81, 0xed, 0xb,
    0x6, 0x87, 0xb0, 0x46, 0xf, 0xf0, 0x30, 0x66,
    0x50, 0xe, 0x16, 0xc, 0xcd, 0x3, 0x5, 0x83,
    0x3b, 0x81, 0x21, 0x63, 0x9a, 0xb0, 0x61, 0xb1,
    0x8c, 0x12, 0x61, 0xb1, 0x8c, 0x2e, 0x81, 0xa2,
    0x48, 0x2f, 0x7, 0xdb, 0x6, 0xb0, 0xf5, 0xd,
    0x5, 0xb8, 0x6b, 0xb, 0x2c, 0xe, 0x8c, 0x19,
    0x50, 0x66, 0x0,

    /* U+8D34 "贴" */
    0x3f, 0xc1, 0x61, 0xec, 0x36, 0x16, 0x1e, 0xc4,
    0x18, 0x5a, 0x1d, 0x98, 0x30, 0xbf, 0x81, 0x98,
    0x30, 0xb0, 0xf6, 0x60, 0xc2, 0xc3, 0xd9, 0x83,
    0xb, 0xf, 0x66, 0xd, 0xff, 0x81, 0x98, 0x36,
    0xc, 0xe0, 0x8c, 0x13, 0x7, 0x61, 0x34, 0x46,
    0xe, 0xc2, 0xd5, 0x8c, 0x1d, 0x82, 0x80, 0xa3,
    0xff, 0xc, 0x19, 0x5a, 0xf6, 0x1f, 0xfc, 0x50,

    /* U+8D77 "起" */
    0xd, 0x84, 0xff, 0x20, 0xbf, 0xa0, 0xed, 0xc,
    0xe8, 0x7d, 0xa1, 0xd8, 0x7e, 0xd0, 0x2d, 0xac,
    0x1d, 0xa0, 0xab, 0xd4, 0x7f, 0x90, 0x93, 0x42,
    0xc3, 0xe6, 0x34, 0x2c, 0x3e, 0x63, 0xf1, 0x86,
    0x41, 0x66, 0x85, 0x86, 0xc1, 0x66, 0x85, 0x84,
    0xe0, 0xbe, 0x42, 0xbf, 0x20, 0xcb, 0x90, 0xfe,
    0x70, 0x37, 0xff, 0x1, 0xf, 0xfe, 0x10,

    /* U+8DDF "跟" */
    0x3f, 0x8f, 0xf8, 0x2c, 0x2c, 0xd0, 0xd8, 0x58,
    0x59, 0x87, 0x61, 0x61, 0x67, 0xfc, 0x17, 0xf1,
    0xa1, 0xb0, 0xed, 0x6, 0x1d, 0x84, 0x9a, 0xf,
    0xf8, 0x2c, 0xf8, 0xd3, 0xf, 0x66, 0x83, 0x6,
    0x9c, 0xc, 0xd0, 0x60, 0x7c, 0x85, 0x9a, 0xc,
    0x2e, 0xd, 0xbf, 0x38, 0x4e, 0x82, 0xf4, 0x17,
    0xe1, 0xe0, 0xf9, 0xe0, 0xcc, 0x1f, 0xfc, 0x50,

    /* U+8EAB "身" */
    0xf, 0x90, 0xff, 0xe0, 0xb8, 0x7f, 0xbf, 0xf8,
    0x3d, 0xa1, 0xec, 0x3d, 0xa1, 0xec, 0x3d, 0xea,
    0xf6, 0x1e, 0xd0, 0xf6, 0x28, 0x2f, 0xfe, 0x70,
    0xda, 0x1e, 0xf0, 0x57, 0xff, 0x90, 0x97, 0xeb,
    0xb0, 0xff, 0x5a, 0x61, 0xfa, 0xe0, 0xb0, 0xe7,
    0xd0, 0x76, 0x13, 0xc8, 0x6f, 0xa0, 0xff, 0xe3,
    0x0,

    /* U+8F7B "轻" */
    0xa, 0xf, 0xfe, 0x1e, 0x13, 0xfe, 0x40, 0xad,
    0x60, 0xeb, 0xb, 0xfa, 0xe, 0xe0, 0xd4, 0x43,
    0xdc, 0x1d, 0x98, 0x67, 0xd0, 0x76, 0x61, 0x5a,
    0x5c, 0xb, 0xb9, 0xe0, 0xec, 0x15, 0x72, 0x1f,
    0xfc, 0x1c, 0x2f, 0xf4, 0x1d, 0xa8, 0x27, 0xe,
    0xbf, 0x41, 0x38, 0x74, 0x98, 0x73, 0x87, 0xec,
    0x39, 0xc3, 0xf6, 0xf, 0xfc, 0x80,

    /* U+8F93 "输" */
    0x9, 0xf, 0x28, 0x3c, 0xc1, 0xef, 0x7, 0x5e,
    0xa0, 0x1d, 0xb0, 0xce, 0xb1, 0x68, 0x1d, 0xb,
    0xb, 0xea, 0xde, 0x81, 0x30, 0x4b, 0xc1, 0xa5,
    0x40, 0x5c, 0x16, 0xe, 0x9a, 0x74, 0xcc, 0xc1,
    0x4f, 0x46, 0xc, 0xcc, 0x33, 0x3, 0xf1, 0x98,
    0x67, 0x8c, 0x19, 0x98, 0x2f, 0x93, 0xf1, 0x98,
    0x11, 0x81, 0x83, 0x23, 0xc, 0xc0, 0xc1, 0x85,
    0x86, 0x60, 0x67, 0x8b, 0x83, 0xff, 0x8a,

    /* U+8FB9 "边" */
    0x18, 0x3d, 0x87, 0xee, 0xe, 0xc3, 0xfb, 0x45,
    0x5a, 0xe0, 0xfa, 0xff, 0xd0, 0x7f, 0x38, 0x54,
    0x1f, 0x83, 0x50, 0x29, 0x9, 0xc3, 0x68, 0x5a,
    0x1b, 0xd, 0x86, 0xd0, 0xd8, 0x54, 0xd, 0xa1,
    0xb0, 0x38, 0x76, 0x1d, 0x96, 0x81, 0x56, 0x1a,
    0xc9, 0xb, 0xe4, 0x2e, 0x79, 0xf, 0x28, 0x70,
    0x9f, 0xfe, 0xf, 0xfe, 0x28,

    /* U+8FBE "达" */
    0x14, 0x1e, 0xd0, 0xfb, 0x43, 0xb4, 0x3e, 0x70,
    0xee, 0xf, 0xc9, 0xff, 0xe0, 0xff, 0x61, 0xff,
    0xc2, 0x74, 0x3d, 0xf0, 0x6b, 0xc8, 0x7d, 0x86,
    0xd5, 0xa1, 0xec, 0x2b, 0x3, 0x87, 0xb0, 0x3a,
    0x15, 0x87, 0x65, 0xa1, 0xdc, 0x15, 0xc8, 0x7f,
    0xde, 0x2d, 0xf, 0x28, 0x18, 0x4d, 0xff, 0x83,
    0xff, 0x8a,

    /* U+8FD8 "还" */
    0xf, 0xfe, 0x2b, 0x87, 0xff, 0xe, 0xcb, 0xff,
    0x83, 0x70, 0x67, 0xf, 0xfe, 0x17, 0x7, 0xff,
    0x6, 0xe0, 0xe7, 0xe0, 0x9f, 0x5c, 0x1c, 0xe0,
    0x76, 0x87, 0x7, 0x65, 0xa5, 0x1, 0xc1, 0xb3,
    0xa, 0x81, 0x41, 0xb0, 0xea, 0x7, 0xec, 0x3a,
    0x81, 0xf5, 0xa1, 0xa8, 0x1e, 0xe7, 0xc8, 0x79,
    0x43, 0x84, 0xff, 0xf2, 0x1f, 0xfc, 0x40,

    /* U+8FD9 "这" */
    0xf, 0xe4, 0x3e, 0x43, 0xce, 0x1f, 0x38, 0x7b,
    0x83, 0xe7, 0x7f, 0xfc, 0x1f, 0xfc, 0x7, 0xf,
    0xca, 0xd, 0x40, 0xfe, 0xe0, 0xb0, 0xef, 0x82,
    0xb2, 0x81, 0xf6, 0x19, 0xf0, 0x7e, 0xc3, 0x3e,
    0x83, 0xec, 0x2b, 0x7, 0x83, 0xd9, 0x70, 0x6b,
    0xc, 0xe4, 0x1f, 0x41, 0x5d, 0xc8, 0x79, 0x40,
    0xc2, 0xbf, 0xf8, 0x3f, 0xf8, 0xa0,

    /* U+8FDE "连" */
    0xf, 0xc8, 0x7e, 0x70, 0xed, 0xf, 0xd6, 0x5f,
    0xfa, 0xd, 0xa0, 0xe0, 0xff, 0xe1, 0x60, 0xc3,
    0xfe, 0xa0, 0x30, 0xe7, 0xe0, 0x7f, 0xe4, 0x36,
    0x4, 0x2d, 0xf, 0xb0, 0xf6, 0x1f, 0xb2, 0xbb,
    0xac, 0x1b, 0x1a, 0xdd, 0x60, 0xd8, 0x7b, 0xf,
    0xad, 0xe, 0xc3, 0xdc, 0xf9, 0xa, 0x45, 0x3,
    0x9, 0xff, 0xe4, 0x3f, 0xf8, 0x80,

    /* U+9002 "适" */
    0xf, 0xfe, 0x2a, 0x1f, 0x2a, 0xf0, 0x56, 0x7,
    0xf9, 0x41, 0xd6, 0x1c, 0xe1, 0xf9, 0x17, 0xb5,
    0xc1, 0xef, 0xff, 0x2, 0x88, 0x73, 0x87, 0xa9,
    0x87, 0x38, 0x7e, 0xc1, 0xff, 0x83, 0xb0, 0x61,
    0xec, 0x3b, 0x6, 0x1e, 0xc3, 0xb0, 0x7f, 0xe0,
    0xd7, 0x7, 0xff, 0x2, 0xdb, 0x43, 0xe4, 0x18,
    0x4d, 0xff, 0x83, 0xff, 0x8a,

    /* U+900F "透" */
    0xf, 0xf2, 0xa8, 0x15, 0x81, 0xfe, 0x90, 0xee,
    0xe, 0xa0, 0x7e, 0xca, 0xde, 0xac, 0x1f, 0x9b,
    0xe4, 0x3f, 0xd7, 0x58, 0x3f, 0x3c, 0x50, 0xb4,
    0x1f, 0x1c, 0xb4, 0x8e, 0x1b, 0x3, 0x74, 0xc3,
    0xec, 0x36, 0xf, 0xa0, 0xd8, 0x54, 0xd, 0x40,
    0xd8, 0x2c, 0x3b, 0x43, 0x6f, 0x6, 0xf4, 0x13,
    0xf9, 0xf, 0xf6, 0x81, 0xbf, 0xf0, 0x7f, 0xf1,
    0x40,

    /* U+901F "速" */
    0x10, 0xfb, 0x43, 0xce, 0xf, 0xff, 0x5, 0x61,
    0xda, 0x1f, 0xa0, 0xed, 0xf, 0xfb, 0xff, 0x5,
    0x50, 0x30, 0x68, 0x30, 0xa9, 0x83, 0x6, 0x83,
    0xe, 0xc1, 0xff, 0x83, 0xb0, 0xdf, 0x41, 0xf6,
    0x16, 0xed, 0x87, 0xb1, 0xe3, 0x47, 0x43, 0x6c,
    0x83, 0x40, 0x84, 0xf7, 0x20, 0x43, 0xec, 0x26,
    0xff, 0xc1, 0xff, 0xc5,

    /* U+904D "遍" */
    0xf, 0xe4, 0x3e, 0x60, 0xf4, 0x87, 0xdc, 0xf,
    0xfc, 0x86, 0xc1, 0x87, 0xb4, 0x32, 0xc, 0x3d,
    0xa1, 0xe7, 0xaf, 0x82, 0xf4, 0x38, 0x7f, 0x95,
    0x8d, 0xdd, 0xf4, 0x1b, 0x29, 0x99, 0x8c, 0x1b,
    0x37, 0xfe, 0x83, 0x66, 0x66, 0x63, 0x6, 0xdc,
    0xcc, 0xc6, 0xa, 0xd0, 0x64, 0x4e, 0x83, 0x9f,
    0x21, 0xe5, 0xe, 0x13, 0xff, 0xc1, 0xff, 0xc5,

    /* U+9053 "道" */
    0xf, 0xfe, 0x2a, 0x1d, 0x86, 0xc3, 0x38, 0x6a,
    0x3, 0x83, 0xac, 0xff, 0xf0, 0x64, 0x3b, 0x43,
    0xfe, 0xff, 0xc1, 0x54, 0xc, 0x3d, 0x84, 0xac,
    0x1f, 0xf8, 0x3b, 0x6, 0x1e, 0xc3, 0xb0, 0x7f,
    0xe0, 0xec, 0x1a, 0x19, 0xc3, 0xb0, 0x68, 0x67,
    0xe, 0xd2, 0xff, 0x41, 0x3b, 0x44, 0x3f, 0xd8,
    0x4d, 0xff, 0x90, 0xff, 0xe2, 0x0,

    /* U+9080 "邀" */
    0xf, 0x90, 0xfe, 0x50, 0x6c, 0x29, 0xc, 0xe0,
    0xfe, 0x24, 0x3a, 0xcc, 0x2c, 0xfc, 0x85, 0x1d,
    0x3c, 0xed, 0x87, 0xb5, 0xb9, 0x18, 0xb, 0x14,
    0xe9, 0xa4, 0x83, 0xe1, 0xb5, 0x13, 0x87, 0x63,
    0xac, 0xf, 0x7, 0x60, 0xfc, 0xb, 0xe, 0xc1,
    0x3, 0x1f, 0x21, 0xb3, 0x46, 0x34, 0xc2, 0xb9,
    0x2d, 0xd0, 0x20, 0xa1, 0x68, 0x7c, 0xa3, 0x9,
    0xbf, 0xf2, 0x1f, 0xfc, 0x40,

    /* U+90FD "都" */
    0xf, 0xfe, 0x46, 0x7, 0x7f, 0x80, 0xff, 0x95,
    0x81, 0xc2, 0x56, 0xd8, 0xe0, 0xa0, 0x76, 0x68,
    0xe0, 0xc0, 0xff, 0xe7, 0x28, 0x12, 0xde, 0x5d,
    0x98, 0x7a, 0xc3, 0x38, 0xe1, 0xbf, 0xc3, 0x82,
    0x83, 0xe4, 0x2c, 0x70, 0xb0, 0x34, 0xb, 0x1c,
    0x2c, 0x2b, 0xf8, 0x70, 0xb0, 0xa4, 0x2c, 0x77,
    0xc8, 0x57, 0xf0, 0xe1, 0xf4, 0x85, 0x8e, 0x1f,
    0xfc, 0x90,

    /* U+91CC "里" */
    0x5, 0xff, 0xf0, 0x6a, 0x5, 0x40, 0xac, 0x35,
    0x2, 0xa0, 0x4e, 0x1a, 0xff, 0xf8, 0x35, 0x2,
    0xa0, 0x56, 0x1a, 0x81, 0x50, 0x27, 0xd, 0x7f,
    0xfc, 0x1f, 0xd6, 0x1f, 0xfc, 0x2a, 0x7, 0xf7,
    0xff, 0xf0, 0x10, 0xfd, 0x61, 0xff, 0xc2, 0xa0,
    0x7f, 0xf0, 0xa8, 0x1f, 0xbf, 0xff, 0x84, 0x0,

    /* U+91CD "重" */
    0xf, 0xf2, 0xa0, 0xeb, 0xfe, 0xa2, 0x1f, 0xea,
    0x7, 0xef, 0xff, 0xe1, 0x7, 0xea, 0x7, 0xf3,
    0xff, 0xe4, 0x33, 0x5, 0x40, 0xa8, 0x19, 0xff,
    0xf4, 0x19, 0x82, 0xa0, 0x54, 0xc, 0xff, 0xfa,
    0xf, 0xea, 0x7, 0xf7, 0xff, 0xf0, 0x3, 0xfa,
    0x81, 0xff, 0xc2, 0xa0, 0x7e, 0xff, 0xfe, 0x10,

    /* U+94F6 "银" */
    0x9, 0xf, 0xfe, 0x15, 0x2, 0xbf, 0xc1, 0xbf,
    0x34, 0xd, 0x85, 0xcb, 0x14, 0xd, 0x81, 0xc3,
    0xaf, 0xf0, 0x4f, 0xe6, 0x81, 0xb0, 0xed, 0x5,
    0x3, 0x61, 0xda, 0xb, 0xfc, 0x12, 0xb9, 0x2d,
    0xe5, 0x5, 0xfd, 0x51, 0x23, 0x6, 0xd0, 0x50,
    0x77, 0x43, 0x68, 0x28, 0xe, 0xf, 0x68, 0xd0,
    0xe, 0x1e, 0xf9, 0xa3, 0x36, 0x19, 0xe0, 0x7c,
    0x82, 0xc3, 0xf2, 0x1f, 0x80,

    /* U+9519 "错" */
    0x3, 0x7, 0x60, 0xc3, 0xb9, 0x41, 0x60, 0xc3,
    0x5f, 0x9f, 0xfc, 0xc, 0x3e, 0xc1, 0x86, 0x6b,
    0x1, 0xc1, 0x87, 0x3c, 0xaf, 0xfc, 0x85, 0xa1,
    0xff, 0xc0, 0x57, 0x20, 0xaf, 0x5, 0xfc, 0x9a,
    0xec, 0x3b, 0x42, 0xc3, 0x61, 0xda, 0x17, 0xf8,
    0x3b, 0x60, 0x61, 0xb0, 0xef, 0x40, 0xc3, 0x61,
    0x98, 0x37, 0xf8, 0x0,

    /* U+952E "键" */
    0xf, 0xfe, 0x34, 0x8f, 0xa0, 0x41, 0xef, 0x92,
    0xef, 0xd0, 0x2b, 0x3, 0x41, 0xc, 0x38, 0x67,
    0x3f, 0xd1, 0x7c, 0xc8, 0x50, 0xc1, 0x38, 0xfa,
    0x9f, 0xa0, 0x98, 0x26, 0x4, 0x1c, 0xda, 0x6,
    0x57, 0x28, 0x1f, 0xaa, 0x5b, 0x94, 0x13, 0x3,
    0xc1, 0x68, 0x73, 0x1, 0xca, 0x7a, 0x81, 0x32,
    0xad, 0x4, 0x1e, 0xb9, 0xde, 0x74, 0x3b, 0x4d,
    0x3, 0x7e, 0x43, 0xff, 0x88,

    /* U+955C "镜" */
    0x9, 0xf, 0x41, 0xf5, 0x2, 0x5b, 0xcb, 0x5,
    0xf8, 0x68, 0xaa, 0x20, 0xe0, 0xe6, 0x6, 0x81,
    0xc3, 0xa9, 0xd3, 0xa0, 0x1f, 0xc2, 0xfe, 0xd,
    0xa0, 0x6b, 0xc8, 0x6c, 0x2a, 0x6, 0x90, 0x53,
    0xa1, 0x7f, 0x90, 0x2b, 0x92, 0x43, 0x48, 0x6c,
    0x2b, 0xfc, 0x86, 0xc3, 0xb2, 0x81, 0xee, 0xd1,
    0x8a, 0x8, 0x4f, 0x80, 0xe9, 0x42, 0x40, 0xc0,
    0xf2, 0x7, 0xe0, 0xff, 0xe2, 0x80,

    /* U+957F "长" */
    0xd, 0x87, 0xd0, 0x7d, 0x87, 0xb8, 0x3e, 0xc3,
    0x3c, 0x1f, 0xb0, 0x3e, 0xf, 0xf6, 0x3a, 0x1f,
    0xf6, 0x87, 0xfd, 0xff, 0xfc, 0x20, 0xec, 0x2d,
    0xf, 0xf6, 0x15, 0x87, 0xfb, 0xd, 0xc1, 0xfd,
    0x87, 0x70, 0x7e, 0xc2, 0x47, 0xc1, 0xf7, 0xf0,
    0x5e, 0x83, 0x3c, 0x87, 0x98, 0x3f, 0xf8, 0xa0,

    /* U+95EE "问" */
    0x10, 0xff, 0xe0, 0xd8, 0x3f, 0xf8, 0x1c, 0x1f,
    0x9c, 0x24, 0x3f, 0x3b, 0x87, 0xf9, 0xdc, 0x17,
    0xf0, 0x1d, 0xc1, 0xae, 0xc0, 0xee, 0xc, 0x36,
    0x7, 0x70, 0x61, 0xb0, 0x3b, 0x83, 0xd, 0x81,
    0xdc, 0x1f, 0xe0, 0x3b, 0x83, 0x43, 0xce, 0xe1,
    0xfe, 0x77, 0xf, 0xf3, 0xb8, 0x7e, 0xf9,

    /* U+9645 "际" */
    0xf, 0xfe, 0x17, 0xf0, 0x7f, 0x69, 0x67, 0xfc,
    0x69, 0x21, 0xfd, 0xa6, 0x1f, 0xed, 0x50, 0x7f,
    0xb4, 0xcb, 0xff, 0x92, 0x81, 0xb0, 0xda, 0x38,
    0x6c, 0x41, 0xa3, 0x9a, 0x65, 0xd, 0xb8, 0xc1,
    0x83, 0x34, 0x2a, 0x3, 0x6, 0xe8, 0x58, 0x58,
    0x1f, 0x21, 0xca, 0xc3, 0x68, 0x77, 0xa0, 0xc0,

    /* U+9694 "隔" */
    0xf, 0xfe, 0x1f, 0xe7, 0xff, 0x8c, 0x18, 0x7f,
    0xd8, 0xc0, 0xff, 0x81, 0x9a, 0xc, 0x3b, 0x6,
    0xe1, 0x75, 0xd8, 0x32, 0x40, 0xbf, 0x3, 0x6,
    0x7f, 0xe8, 0xc1, 0x98, 0x84, 0xac, 0xc1, 0xb8,
    0xc3, 0x39, 0xb6, 0x60, 0x8c, 0x73, 0x64, 0xcf,
    0xe7, 0x30, 0xd8, 0x58, 0x1c, 0xc3, 0x61, 0x60,
    0x73, 0xd, 0x85, 0x97, 0x7, 0xff, 0x10,

    /* U+9700 "需" */
    0x3f, 0xff, 0x80, 0x1f, 0xa8, 0x1f, 0x5f, 0xff,
    0xc0, 0x8d, 0xd, 0x40, 0xce, 0x6d, 0x4d, 0x1a,
    0x9c, 0x2a, 0x9a, 0x35, 0x7, 0xf2, 0x83, 0xef,
    0xff, 0xe1, 0x7, 0xda, 0x1f, 0xaf, 0xff, 0x82,
    0xa0, 0xe0, 0xa0, 0x30, 0xa4, 0x18, 0x24, 0x18,
    0x52, 0xc, 0x12, 0xc, 0x29, 0x6, 0x9, 0x5e,
    0xf, 0xfe, 0x28,

    /* U+9762 "面" */
    0x3f, 0xff, 0x84, 0x1f, 0xb4, 0x3f, 0xf8, 0x58,
    0x7f, 0xf0, 0x9c, 0x3f, 0x9f, 0xff, 0xe0, 0x20,
    0x70, 0x61, 0x30, 0x34, 0xe, 0xd, 0x3, 0x3,
    0x40, 0xe0, 0xfe, 0x81, 0xa0, 0x70, 0x61, 0x30,
    0x34, 0xe, 0xf, 0x53, 0x81, 0xa0, 0x70, 0x68,
    0x28, 0xd, 0x3, 0x83, 0x9, 0x81, 0xa0, 0x7f,
    0xff, 0x80, 0x81, 0xc3, 0xfd, 0xa0,

    /* U+97F3 "音" */
    0xf, 0x90, 0xff, 0xe1, 0xd0, 0x3f, 0xbf, 0xff,
    0x80, 0x87, 0x48, 0x67, 0xf, 0xd4, 0xd, 0x61,
    0xf9, 0xc3, 0x68, 0x77, 0xff, 0xf0, 0x83, 0xff,
    0x91, 0xff, 0xe0, 0xf6, 0x87, 0xd8, 0x7b, 0x43,
    0xec, 0x3d, 0xff, 0xe0, 0xf6, 0x87, 0xd8, 0x7b,
    0x43, 0xce, 0x1e, 0xff, 0xf0, 0x40,

    /* U+9879 "项" */
    0xf, 0x7f, 0xf2, 0x7e, 0x82, 0x70, 0xf5, 0x39,
    0x9, 0xc3, 0xf6, 0x17, 0xfc, 0x86, 0xc2, 0xc3,
    0xb4, 0x36, 0x16, 0xc, 0x1a, 0x1b, 0xb, 0x6,
    0xd, 0xd, 0x85, 0x83, 0x6, 0x86, 0xc4, 0xc1,
    0x83, 0x42, 0xbd, 0x38, 0x30, 0x68, 0xf2, 0x14,
    0x58, 0x10, 0xff, 0x3b, 0x61, 0xfe, 0xb4, 0x16,
    0x87, 0x9e, 0xe, 0x70, 0xff, 0xe2, 0x80,

    /* U+9897 "颗" */
    0x2f, 0xea, 0x7f, 0x92, 0x4c, 0x60, 0xb0, 0xe9,
    0x59, 0x40, 0x38, 0x75, 0xdd, 0xcf, 0xf8, 0x12,
    0x63, 0x30, 0x6c, 0x17, 0xf4, 0xc6, 0xc, 0x3b,
    0x9, 0x8c, 0x18, 0x76, 0x13, 0x18, 0x30, 0x7f,
    0xcc, 0x60, 0xc3, 0x7a, 0x3, 0x18, 0x30, 0xa9,
    0xb8, 0x15, 0x2, 0x7, 0x18, 0xa0, 0x6c, 0x84,
    0x83, 0xd, 0xa0, 0xa0, 0x76, 0x16, 0x86, 0x50,
    0x7f, 0xf1, 0x0,

    /* U+9898 "题" */
    0x1f, 0xe3, 0xfe, 0x3, 0x85, 0x86, 0xc3, 0x9e,
    0xac, 0x26, 0xe, 0x75, 0xb1, 0xfe, 0x40, 0xf5,
    0x63, 0x9, 0xa1, 0xfc, 0xc6, 0x68, 0x3f, 0xe6,
    0x33, 0x43, 0xb0, 0x98, 0xcd, 0xb, 0x30, 0x99,
    0x8d, 0xb, 0x3e, 0x95, 0x2a, 0x9, 0xcc, 0x33,
    0x9c, 0x13, 0xf0, 0x56, 0x15, 0x1, 0xab, 0x96,
    0xe, 0x47, 0xa, 0x9f, 0xf8, 0x3f, 0xf8, 0xa0,

    /* U+989C "颜" */
    0xf, 0xfe, 0x46, 0x1f, 0xfc, 0x3c, 0x2f, 0xf9,
    0x3f, 0xe0, 0xb0, 0xf4, 0x82, 0xd, 0x87, 0x9c,
    0x61, 0xff, 0x1, 0xfe, 0x98, 0x41, 0x82, 0x80,
    0x65, 0x46, 0xc, 0x12, 0x3c, 0x31, 0x83, 0x5,
    0x38, 0x26, 0x30, 0x60, 0x90, 0x38, 0xc6, 0xc,
    0x12, 0xbc, 0x6, 0x30, 0x60, 0xa6, 0x94, 0x5a,
    0x4, 0xc, 0x2b, 0xb, 0x60, 0xd9, 0x70, 0x5c,
    0xd, 0x19, 0x82, 0xb4, 0x36, 0x87, 0xff, 0x10,

    /* U+98CE "风" */
    0x3, 0xff, 0xe4, 0x33, 0x87, 0xed, 0xc, 0xe1,
    0xe4, 0xd0, 0xce, 0x61, 0x50, 0xd0, 0xce, 0x58,
    0x30, 0x68, 0x67, 0x7, 0x30, 0x24, 0x33, 0x85,
    0xe0, 0xa4, 0x33, 0x85, 0x61, 0x48, 0x6a, 0x1,
    0xec, 0x12, 0x1a, 0x80, 0xd3, 0x8a, 0x6, 0xd3,
    0x82, 0xc6, 0x9, 0xce, 0xd, 0x47, 0x33, 0x83,
    0xfd, 0xd0, 0xc3, 0xfe, 0x74, 0x3f, 0xf8, 0x80,

    /* U+9EA6 "麦" */
    0xf, 0xa8, 0x1f, 0x9f, 0xff, 0xe0, 0x21, 0xfa,
    0x81, 0xfc, 0xff, 0xfa, 0xf, 0xea, 0x7, 0xea,
    0xf7, 0xab, 0xc0, 0x5d, 0x6b, 0xf8, 0x39, 0xd0,
    0xff, 0xe0, 0x5f, 0xfa, 0xc, 0xfa, 0xc3, 0x38,
    0x75, 0x1, 0x60, 0xb0, 0xff, 0xaf, 0x41, 0xfe,
    0x6e, 0x9c, 0x87, 0x5f, 0x21, 0x9f, 0xc0, 0x43,
    0xff, 0x80, 0x80,

    /* U+9F13 "鼓" */
    0xd, 0x87, 0xb0, 0xef, 0xf4, 0x16, 0x1f, 0xb0,
    0xbf, 0xe4, 0x69, 0xd1, 0xb, 0x43, 0x97, 0x83,
    0x61, 0xcd, 0x71, 0x57, 0x50, 0x19, 0x6d, 0xb5,
    0xac, 0xc, 0x16, 0x98, 0x5a, 0x7, 0xf9, 0x28,
    0x38, 0x68, 0xa, 0xb, 0x74, 0x36, 0x92, 0x15,
    0xc1, 0xcc, 0x6a, 0x7, 0xc1, 0xaf, 0xd5, 0x71,
    0x68, 0x14, 0x1a, 0xd0, 0x9c, 0x3f, 0xf8, 0xa0,

    /* U+9F84 "龄" */
    0xf, 0xfe, 0x36, 0x48, 0x76, 0x87, 0x65, 0x3,
    0x5e, 0xe, 0xcb, 0x90, 0x6f, 0x6, 0xc9, 0xb,
    0x81, 0xa0, 0xff, 0x5e, 0x61, 0xd0, 0xc8, 0x50,
    0x34, 0x41, 0x26, 0x30, 0x7f, 0x49, 0x8c, 0xff,
    0x81, 0x26, 0x30, 0x76, 0x82, 0x6e, 0x60, 0xce,
    0x15, 0x33, 0xa1, 0xa6, 0x1a, 0x88, 0x18, 0x1e,
    0x43, 0x5f, 0xd0, 0x5e, 0xe, 0x42, 0x60, 0xda,
    0x1f, 0xfc, 0x60,

    /* U+FF01 "！" */
    0x38, 0xe3, 0x8e, 0x34, 0xd3, 0x4d, 0xf, 0xb8,
    0xe0, 0x80,

    /* U+FF0C "，" */
    0x28, 0xf, 0x1, 0xc0, 0xe3, 0x81, 0x8,

    /* U+FF0F "／" */
    0xf, 0xfe, 0x94, 0x1f, 0xfc, 0x28, 0x3f, 0xf8,
    0x50, 0x7f, 0xf0, 0xa0, 0xff, 0xe1, 0x41, 0xff,
    0xc2, 0x83, 0xff, 0x85, 0x7, 0xff, 0xa, 0xf,
    0xfe, 0x14, 0x1f, 0xfc, 0x28, 0x3f, 0xf8, 0x50,
    0x7f, 0xf0, 0xa0, 0xff, 0xe1, 0x41, 0xff, 0xc2,
    0x83, 0xff, 0xa4,

    /* U+FF1B "；" */
    0xe, 0xf0, 0x3c, 0x1f, 0xfc, 0xaf, 0x3, 0xc8,
    0x34, 0x18, 0xe8, 0x70,

    /* U+FF1F "？" */
    0xf, 0xf7, 0xe4, 0x1c, 0xb, 0xf, 0xb4, 0x3d,
    0x87, 0xb8, 0x3b, 0x83, 0xac, 0x3d, 0xa1, 0xff,
    0xca, 0xe0, 0xf7, 0x7, 0xfc
};


/*---------------------
 *  GLYPH DESCRIPTION
 *--------------------*/

static const lv_font_fmt_txt_glyph_dsc_t glyph_dsc[] = {
    {.bitmap_index = 0, .adv_w = 0, .box_w = 0, .box_h = 0, .ofs_x = 0, .ofs_y = 0} /* id = 0 reserved */,
    {.bitmap_index = 0, .adv_w = 57, .box_w = 0, .box_h = 0, .ofs_x = 0, .ofs_y = 0},
    {.bitmap_index = 0, .adv_w = 83, .box_w = 3, .box_h = 12, .ofs_x = 1, .ofs_y = 0},
    {.bitmap_index = 10, .adv_w = 121, .box_w = 6, .box_h = 5, .ofs_x = 1, .ofs_y = 8},
    {.bitmap_index = 18, .adv_w = 142, .box_w = 9, .box_h = 12, .ofs_x = 0, .ofs_y = 0},
    {.bitmap_index = 45, .adv_w = 142, .box_w = 8, .box_h = 16, .ofs_x = 0, .ofs_y = -2},
    {.bitmap_index = 74, .adv_w = 236, .box_w = 15, .box_h = 12, .ofs_x = 0, .ofs_y = 0},
    {.bitmap_index = 118, .adv_w = 174, .box_w = 11, .box_h = 12, .ofs_x = 0, .ofs_y = 0},
    {.bitmap_index = 151, .adv_w = 71, .box_w = 2, .box_h = 5, .ofs_x = 1, .ofs_y = 8},
    {.bitmap_index = 154, .adv_w = 87, .box_w = 4, .box_h = 18, .ofs_x = 1, .ofs_y = -4},
    {.bitmap_index = 174, .adv_w = 87, .box_w = 4, .box_h = 18, .ofs_x = 0, .ofs_y = -4},
    {.bitmap_index = 194, .adv_w = 120, .box_w = 6, .box_h = 6, .ofs_x = 1, .ofs_y = 7},
    {.bitmap_index = 203, .adv_w = 142, .box_w = 9, .box_h = 9, .ofs_x = 0, .ofs_y = 2},
    {.bitmap_index = 219, .adv_w = 71, .box_w = 4, .box_h = 7, .ofs_x = 0, .ofs_y = -4},
    {.bitmap_index = 226, .adv_w = 89, .box_w = 5, .box_h = 2, .ofs_x = 0, .ofs_y = 3},
    {.bitmap_index = 229, .adv_w = 71, .box_w = 3, .box_h = 3, .ofs_x = 1, .ofs_y = 0},
    {.bitmap_index = 232, .adv_w = 100, .box_w = 7, .box_h = 16, .ofs_x = 0, .ofs_y = -3},
    {.bitmap_index = 256, .adv_w = 142, .box_w = 9, .box_h = 12, .ofs_x = 0, .ofs_y = 0},
    {.bitmap_index = 284, .adv_w = 142, .box_w = 7, .box_h = 12, .ofs_x = 1, .ofs_y = 0},
    {.bitmap_index = 303, .adv_w = 142, .box_w = 9, .box_h = 12, .ofs_x = 0, .ofs_y = 0},
    {.bitmap_index = 327, .adv_w = 142, .box_w = 8, .box_h = 12, .ofs_x = 0, .ofs_y = 0},
    {.bitmap_index = 350, .adv_w = 142, .box_w = 9, .box_h = 12, .ofs_x = 0, .ofs_y = 0},
    {.bitmap_index = 375, .adv_w = 142, .box_w = 9, .box_h = 12, .ofs_x = 0, .ofs_y = 0},
    {.bitmap_index = 400, .adv_w = 142, .box_w = 9, .box_h = 12, .ofs_x = 0, .ofs_y = 0},
    {.bitmap_index = 428, .adv_w = 142, .box_w = 9, .box_h = 12, .ofs_x = 0, .ofs_y = 0},
    {.bitmap_index = 450, .adv_w = 142, .box_w = 9, .box_h = 12, .ofs_x = 0, .ofs_y = 0},
    {.bitmap_index = 479, .adv_w = 142, .box_w = 9, .box_h = 12, .ofs_x = 0, .ofs_y = 0},
    {.bitmap_index = 506, .adv_w = 71, .box_w = 3, .box_h = 9, .ofs_x = 1, .ofs_y = 0},
    {.bitmap_index = 512, .adv_w = 71, .box_w = 4, .box_h = 13, .ofs_x = 0, .ofs_y = -4},
    {.bitmap_index = 523, .adv_w = 142, .box_w = 9, .box_h = 8, .ofs_x = 0, .ofs_y = 2},
    {.bitmap_index = 539, .adv_w = 142, .box_w = 9, .box_h = 6, .ofs_x = 0, .ofs_y = 3},
    {.bitmap_index = 547, .adv_w = 142, .box_w = 9, .box_h = 8, .ofs_x = 0, .ofs_y = 2},
    {.bitmap_index = 563, .adv_w = 121, .box_w = 7, .box_h = 12, .ofs_x = 0, .ofs_y = 0},
    {.bitmap_index = 583, .adv_w = 242, .box_w = 15, .box_h = 14, .ofs_x = 0, .ofs_y = -2},
    {.bitmap_index = 634, .adv_w = 156, .box_w = 10, .box_h = 12, .ofs_x = 0, .ofs_y = 0},
    {.bitmap_index = 662, .adv_w = 168, .box_w = 9, .box_h = 12, .ofs_x = 1, .ofs_y = 0},
    {.bitmap_index = 688, .adv_w = 163, .box_w = 10, .box_h = 12, .ofs_x = 0, .ofs_y = 0},
    {.bitmap_index = 714, .adv_w = 176, .box_w = 10, .box_h = 12, .ofs_x = 1, .ofs_y = 0},
    {.bitmap_index = 743, .adv_w = 151, .box_w = 8, .box_h = 12, .ofs_x = 1, .ofs_y = 0},
    {.bitmap_index = 764, .adv_w = 141, .box_w = 8, .box_h = 12, .ofs_x = 1, .ofs_y = 0},
    {.bitmap_index = 784, .adv_w = 176, .box_w = 10, .box_h = 12, .ofs_x = 0, .ofs_y = 0},
    {.bitmap_index = 812, .adv_w = 186, .box_w = 10, .box_h = 12, .ofs_x = 1, .ofs_y = 0},
    {.bitmap_index = 839, .adv_w = 75, .box_w = 3, .box_h = 12, .ofs_x = 1, .ofs_y = 0},
    {.bitmap_index = 848, .adv_w = 137, .box_w = 8, .box_h = 12, .ofs_x = 0, .ofs_y = 0},
    {.bitmap_index = 870, .adv_w = 165, .box_w = 10, .box_h = 12, .ofs_x = 1, .ofs_y = 0},
    {.bitmap_index = 900, .adv_w = 139, .box_w = 8, .box_h = 12, .ofs_x = 1, .ofs_y = 0},
    {.bitmap_index = 920, .adv_w = 208, .box_w = 11, .box_h = 12, .ofs_x = 1, .ofs_y = 0},
    {.bitmap_index = 955, .adv_w = 185, .box_w = 9, .box_h = 12, .ofs_x = 1, .ofs_y = 0},
    {.bitmap_index = 983, .adv_w = 190, .box_w = 11, .box_h = 12, .ofs_x = 0, .ofs_y = 0},
    {.bitmap_index = 1015, .adv_w = 162, .box_w = 9, .box_h = 12, .ofs_x = 1, .ofs_y = 0},
    {.bitmap_index = 1040, .adv_w = 190, .box_w = 12, .box_h = 16, .ofs_x = 0, .ofs_y = -4},
    {.bitmap_index = 1083, .adv_w = 163, .box_w = 9, .box_h = 12, .ofs_x = 1, .ofs_y = 0},
    {.bitmap_index = 1110, .adv_w = 153, .box_w = 9, .box_h = 12, .ofs_x = 0, .ofs_y = 0},
    {.bitmap_index = 1135, .adv_w = 153, .box_w = 10, .box_h = 12, .ofs_x = 0, .ofs_y = 0},
    {.bitmap_index = 1158, .adv_w = 185, .box_w = 9, .box_h = 12, .ofs_x = 1, .ofs_y = 0},
    {.bitmap_index = 1183, .adv_w = 147, .box_w = 10, .box_h = 12, .ofs_x = 0, .ofs_y = 0},
    {.bitmap_index = 1211, .adv_w = 225, .box_w = 14, .box_h = 12, .ofs_x = 0, .ofs_y = 0},
    {.bitmap_index = 1256, .adv_w = 147, .box_w = 9, .box_h = 12, .ofs_x = 0, .ofs_y = 0},
    {.bitmap_index = 1282, .adv_w = 136, .box_w = 10, .box_h = 12, .ofs_x = -1, .ofs_y = 0},
    {.bitmap_index = 1308, .adv_w = 154, .box_w = 9, .box_h = 12, .ofs_x = 0, .ofs_y = 0},
    {.bitmap_index = 1330, .adv_w = 87, .box_w = 4, .box_h = 16, .ofs_x = 1, .ofs_y = -3},
    {.bitmap_index = 1348, .adv_w = 100, .box_w = 7, .box_h = 16, .ofs_x = 0, .ofs_y = -3},
    {.bitmap_index = 1371, .adv_w = 87, .box_w = 4, .box_h = 16, .ofs_x = 0, .ofs_y = -3},
    {.bitmap_index = 1389, .adv_w = 142, .box_w = 7, .box_h = 7, .ofs_x = 1, .ofs_y = 5},
    {.bitmap_index = 1402, .adv_w = 143, .box_w = 9, .box_h = 1, .ofs_x = 0, .ofs_y = -2},
    {.bitmap_index = 1404, .adv_w = 155, .box_w = 4, .box_h = 5, .ofs_x = 2, .ofs_y = 10},
    {.bitmap_index = 1409, .adv_w = 144, .box_w = 8, .box_h = 9, .ofs_x = 0, .ofs_y = 0},
    {.bitmap_index = 1428, .adv_w = 158, .box_w = 9, .box_h = 13, .ofs_x = 1, .ofs_y = 0},
    {.bitmap_index = 1456, .adv_w = 131, .box_w = 8, .box_h = 9, .ofs_x = 0, .ofs_y = 0},
    {.bitmap_index = 1473, .adv_w = 159, .box_w = 9, .box_h = 13, .ofs_x = 0, .ofs_y = 0},
    {.bitmap_index = 1501, .adv_w = 142, .box_w = 9, .box_h = 9, .ofs_x = 0, .ofs_y = 0},
    {.bitmap_index = 1521, .adv_w = 83, .box_w = 6, .box_h = 13, .ofs_x = 0, .ofs_y = 0},
    {.bitmap_index = 1540, .adv_w = 144, .box_w = 9, .box_h = 13, .ofs_x = 0, .ofs_y = -4},
    {.bitmap_index = 1568, .adv_w = 155, .box_w = 8, .box_h = 13, .ofs_x = 1, .ofs_y = 0},
    {.bitmap_index = 1592, .adv_w = 70, .box_w = 3, .box_h = 13, .ofs_x = 1, .ofs_y = 0},
    {.bitmap_index = 1602, .adv_w = 70, .box_w = 5, .box_h = 17, .ofs_x = -1, .ofs_y = -4},
    {.bitmap_index = 1624, .adv_w = 141, .box_w = 8, .box_h = 13, .ofs_x = 1, .ofs_y = 0},
    {.bitmap_index = 1650, .adv_w = 73, .box_w = 3, .box_h = 13, .ofs_x = 1, .ofs_y = 0},
    {.bitmap_index = 1660, .adv_w = 237, .box_w = 13, .box_h = 9, .ofs_x = 1, .ofs_y = 0},
    {.bitmap_index = 1690, .adv_w = 156, .box_w = 8, .box_h = 9, .ofs_x = 1, .ofs_y = 0},
    {.bitmap_index = 1708, .adv_w = 155, .box_w = 9, .box_h = 9, .ofs_x = 0, .ofs_y = 0},
    {.bitmap_index = 1729, .adv_w = 159, .box_w = 9, .box_h = 13, .ofs_x = 1, .ofs_y = -4},
    {.bitmap_index = 1757, .adv_w = 159, .box_w = 9, .box_h = 13, .ofs_x = 0, .ofs_y = -4},
    {.bitmap_index = 1785, .adv_w = 99, .box_w = 6, .box_h = 9, .ofs_x = 1, .ofs_y = 0},
    {.bitmap_index = 1798, .adv_w = 120, .box_w = 7, .box_h = 9, .ofs_x = 0, .ofs_y = 0},
    {.bitmap_index = 1814, .adv_w = 97, .box_w = 6, .box_h = 12, .ofs_x = 0, .ofs_y = 0},
    {.bitmap_index = 1831, .adv_w = 155, .box_w = 8, .box_h = 9, .ofs_x = 1, .ofs_y = 0},
    {.bitmap_index = 1849, .adv_w = 133, .box_w = 9, .box_h = 9, .ofs_x = 0, .ofs_y = 0},
    {.bitmap_index = 1869, .adv_w = 205, .box_w = 13, .box_h = 9, .ofs_x = 0, .ofs_y = 0},
    {.bitmap_index = 1900, .adv_w = 127, .box_w = 8, .box_h = 9, .ofs_x = 0, .ofs_y = 0},
    {.bitmap_index = 1919, .adv_w = 133, .box_w = 9, .box_h = 13, .ofs_x = 0, .ofs_y = -4},
    {.bitmap_index = 1947, .adv_w = 122, .box_w = 8, .box_h = 9, .ofs_x = 0, .ofs_y = 0},
    {.bitmap_index = 1963, .adv_w = 87, .box_w = 5, .box_h = 16, .ofs_x = 0, .ofs_y = -3},
    {.bitmap_index = 1983, .adv_w = 69, .box_w = 2, .box_h = 18, .ofs_x = 1, .ofs_y = -5},
    {.bitmap_index = 1992, .adv_w = 87, .box_w = 5, .box_h = 16, .ofs_x = 0, .ofs_y = -3},
    {.bitmap_index = 2013, .adv_w = 142, .box_w = 9, .box_h = 4, .ofs_x = 0, .ofs_y = 4},
    {.bitmap_index = 2023, .adv_w = 256, .box_w = 6, .box_h = 5, .ofs_x = 0, .ofs_y = -1},
    {.bitmap_index = 2030, .adv_w = 256, .box_w = 6, .box_h = 5, .ofs_x = 0, .ofs_y = -1},
    {.bitmap_index = 2039, .adv_w = 256, .box_w = 16, .box_h = 2, .ofs_x = 0, .ofs_y = 5},
    {.bitmap_index = 2046, .adv_w = 256, .box_w = 14, .box_h = 13, .ofs_x = 1, .ofs_y = -1},
    {.bitmap_index = 2067, .adv_w = 256, .box_w = 16, .box_h = 14, .ofs_x = 0, .ofs_y = -1},
    {.bitmap_index = 2108, .adv_w = 256, .box_w = 16, .box_h = 14, .ofs_x = 0, .ofs_y = -1},
    {.bitmap_index = 2152, .adv_w = 256, .box_w = 16, .box_h = 14, .ofs_x = 0, .ofs_y = -1},
    {.bitmap_index = 2202, .adv_w = 256, .box_w = 15, .box_h = 16, .ofs_x = 0, .ofs_y = -2},
    {.bitmap_index = 2249, .adv_w = 256, .box_w = 15, .box_h = 16, .ofs_x = 0, .ofs_y = -2},
    {.bitmap_index = 2297, .adv_w = 256, .box_w = 16, .box_h = 14, .ofs_x = 0, .ofs_y = -1},
    {.bitmap_index = 2351, .adv_w = 256, .box_w = 16, .box_h = 15, .ofs_x = 0, .ofs_y = -1},
    {.bitmap_index = 2402, .adv_w = 256, .box_w = 14, .box_h = 14, .ofs_x = 1, .ofs_y = -1},
    {.bitmap_index = 2445, .adv_w = 256, .box_w = 16, .box_h = 15, .ofs_x = 0, .ofs_y = -1},
    {.bitmap_index = 2497, .adv_w = 256, .box_w = 16, .box_h = 16, .ofs_x = 0, .ofs_y = -2},
    {.bitmap_index = 2549, .adv_w = 256, .box_w = 16, .box_h = 14, .ofs_x = 0, .ofs_y = -1},
    {.bitmap_index = 2600, .adv_w = 256, .box_w = 14, .box_h = 15, .ofs_x = 1, .ofs_y = -2},
    {.bitmap_index = 2644, .adv_w = 256, .box_w = 14, .box_h = 14, .ofs_x = 1, .ofs_y = -1},
    {.bitmap_index = 2684, .adv_w = 256, .box_w = 16, .box_h = 14, .ofs_x = 0, .ofs_y = -1},
    {.bitmap_index = 2728, .adv_w = 256, .box_w = 16, .box_h = 14, .ofs_x = 0, .ofs_y = -1},
    {.bitmap_index = 2773, .adv_w = 256, .box_w = 16, .box_h = 13, .ofs_x = 0, .ofs_y = -1},
    {.bitmap_index = 2814, .adv_w = 256, .box_w = 16, .box_h = 15, .ofs_x = 0, .ofs_y = -2},
    {.bitmap_index = 2864, .adv_w = 256, .box_w = 16, .box_h = 16, .ofs_x = 0, .ofs_y = -2},
    {.bitmap_index = 2913, .adv_w = 256, .box_w = 16, .box_h = 15, .ofs_x = 0, .ofs_y = -1},
    {.bitmap_index = 2964, .adv_w = 256, .box_w = 16, .box_h = 15, .ofs_x = 0, .ofs_y = -1},
    {.bitmap_index = 3013, .adv_w = 256, .box_w = 16, .box_h = 15, .ofs_x = 0, .ofs_y = -1},
    {.bitmap_index = 3063, .adv_w = 256, .box_w = 16, .box_h = 16, .ofs_x = 0, .ofs_y = -2},
    {.bitmap_index = 3115, .adv_w = 256, .box_w = 15, .box_h = 16, .ofs_x = 1, .ofs_y = -2},
    {.bitmap_index = 3169, .adv_w = 256, .box_w = 16, .box_h = 15, .ofs_x = 0, .ofs_y = -1},
    {.bitmap_index = 3218, .adv_w = 256, .box_w = 16, .box_h = 16, .ofs_x = 0, .ofs_y = -2},
    {.bitmap_index = 3273, .adv_w = 256, .box_w = 16, .box_h = 16, .ofs_x = 0, .ofs_y = -2},
    {.bitmap_index = 3329, .adv_w = 256, .box_w = 16, .box_h = 15, .ofs_x = 0, .ofs_y = -1},
    {.bitmap_index = 3380, .adv_w = 256, .box_w = 16, .box_h = 15, .ofs_x = 0, .ofs_y = -1},
    {.bitmap_index = 3428, .adv_w = 256, .box_w = 16, .box_h = 15, .ofs_x = 0, .ofs_y = -1},
    {.bitmap_index = 3479, .adv_w = 256, .box_w = 16, .box_h = 16, .ofs_x = 0, .ofs_y = -2},
    {.bitmap_index = 3536, .adv_w = 256, .box_w = 16, .box_h = 14, .ofs_x = 0, .ofs_y = -1},
    {.bitmap_index = 3583, .adv_w = 256, .box_w = 15, .box_h = 16, .ofs_x = 0, .ofs_y = -2},
    {.bitmap_index = 3642, .adv_w = 256, .box_w = 16, .box_h = 15, .ofs_x = 0, .ofs_y = -1},
    {.bitmap_index = 3696, .adv_w = 256, .box_w = 16, .box_h = 16, .ofs_x = 0, .ofs_y = -2},
    {.bitmap_index = 3754, .adv_w = 256, .box_w = 16, .box_h = 16, .ofs_x = 0, .ofs_y = -2},
    {.bitmap_index = 3815, .adv_w = 256, .box_w = 16, .box_h = 16, .ofs_x = 0, .ofs_y = -2},
    {.bitmap_index = 3877, .adv_w = 256, .box_w = 16, .box_h = 16, .ofs_x = 0, .ofs_y = -2},
    {.bitmap_index = 3928, .adv_w = 256, .box_w = 16, .box_h = 15, .ofs_x = 0, .ofs_y = -1},
    {.bitmap_index = 3985, .adv_w = 256, .box_w = 16, .box_h = 15, .ofs_x = 0, .ofs_y = -2},
    {.bitmap_index = 4036, .adv_w = 256, .box_w = 16, .box_h = 15, .ofs_x = 0, .ofs_y = -2},
    {.bitmap_index = 4089, .adv_w = 256, .box_w = 16, .box_h = 15, .ofs_x = 0, .ofs_y = -2},
    {.bitmap_index = 4137, .adv_w = 256, .box_w = 16, .box_h = 16, .ofs_x = 0, .ofs_y = -2},
    {.bitmap_index = 4191, .adv_w = 256, .box_w = 16, .box_h = 16, .ofs_x = 0, .ofs_y = -2},
    {.bitmap_index = 4241, .adv_w = 256, .box_w = 16, .box_h = 15, .ofs_x = 0, .ofs_y = -2},
    {.bitmap_index = 4290, .adv_w = 256, .box_w = 14, .box_h = 14, .ofs_x = 1, .ofs_y = -1},
    {.bitmap_index = 4334, .adv_w = 256, .box_w = 16, .box_h = 14, .ofs_x = 0, .ofs_y = -1},
    {.bitmap_index = 4382, .adv_w = 256, .box_w = 14, .box_h = 15, .ofs_x = 1, .ofs_y = -2},
    {.bitmap_index = 4427, .adv_w = 256, .box_w = 16, .box_h = 15, .ofs_x = 0, .ofs_y = -1},
    {.bitmap_index = 4479, .adv_w = 256, .box_w = 16, .box_h = 15, .ofs_x = 0, .ofs_y = -2},
    {.bitmap_index = 4529, .adv_w = 256, .box_w = 14, .box_h = 14, .ofs_x = 1, .ofs_y = -1},
    {.bitmap_index = 4576, .adv_w = 256, .box_w = 14, .box_h = 14, .ofs_x = 1, .ofs_y = -1},
    {.bitmap_index = 4621, .adv_w = 256, .box_w = 14, .box_h = 15, .ofs_x = 1, .ofs_y = -2},
    {.bitmap_index = 4674, .adv_w = 256, .box_w = 15, .box_h = 15, .ofs_x = 0, .ofs_y = -2},
    {.bitmap_index = 4730, .adv_w = 256, .box_w = 15, .box_h = 15, .ofs_x = 0, .ofs_y = -2},
    {.bitmap_index = 4784, .adv_w = 256, .box_w = 16, .box_h = 16, .ofs_x = 0, .ofs_y = -2},
    {.bitmap_index = 4838, .adv_w = 256, .box_w = 14, .box_h = 15, .ofs_x = 1, .ofs_y = -2},
    {.bitmap_index = 4883, .adv_w = 256, .box_w = 16, .box_h = 15, .ofs_x = 0, .ofs_y = -2},
    {.bitmap_index = 4937, .adv_w = 256, .box_w = 15, .box_h = 15, .ofs_x = 0, .ofs_y = -2},
    {.bitmap_index = 4992, .adv_w = 256, .box_w = 16, .box_h = 15, .ofs_x = 0, .ofs_y = -2},
    {.bitmap_index = 5047, .adv_w = 256, .box_w = 15, .box_h = 15, .ofs_x = 0, .ofs_y = -2},
    {.bitmap_index = 5102, .adv_w = 256, .box_w = 16, .box_h = 15, .ofs_x = 0, .ofs_y = -2},
    {.bitmap_index = 5160, .adv_w = 256, .box_w = 15, .box_h = 16, .ofs_x = 0, .ofs_y = -2},
    {.bitmap_index = 5211, .adv_w = 256, .box_w = 16, .box_h = 15, .ofs_x = 0, .ofs_y = -1},
    {.bitmap_index = 5262, .adv_w = 256, .box_w = 16, .box_h = 14, .ofs_x = 0, .ofs_y = -1},
    {.bitmap_index = 5306, .adv_w = 256, .box_w = 15, .box_h = 14, .ofs_x = 0, .ofs_y = -1},
    {.bitmap_index = 5358, .adv_w = 256, .box_w = 16, .box_h = 15, .ofs_x = 0, .ofs_y = -2},
    {.bitmap_index = 5408, .adv_w = 256, .box_w = 16, .box_h = 15, .ofs_x = 0, .ofs_y = -2},
    {.bitmap_index = 5461, .adv_w = 256, .box_w = 16, .box_h = 15, .ofs_x = 0, .ofs_y = -2},
    {.bitmap_index = 5512, .adv_w = 256, .box_w = 16, .box_h = 15, .ofs_x = 0, .ofs_y = -2},
    {.bitmap_index = 5567, .adv_w = 256, .box_w = 16, .box_h = 16, .ofs_x = 0, .ofs_y = -2},
    {.bitmap_index = 5623, .adv_w = 256, .box_w = 16, .box_h = 17, .ofs_x = 0, .ofs_y = -2},
    {.bitmap_index = 5680, .adv_w = 256, .box_w = 13, .box_h = 13, .ofs_x = 2, .ofs_y = -1},
    {.bitmap_index = 5715, .adv_w = 256, .box_w = 15, .box_h = 16, .ofs_x = 0, .ofs_y = -2},
    {.bitmap_index = 5765, .adv_w = 256, .box_w = 16, .box_h = 15, .ofs_x = 0, .ofs_y = -2},
    {.bitmap_index = 5810, .adv_w = 256, .box_w = 14, .box_h = 14, .ofs_x = 1, .ofs_y = -1},
    {.bitmap_index = 5858, .adv_w = 256, .box_w = 15, .box_h = 14, .ofs_x = 1, .ofs_y = -1},
    {.bitmap_index = 5902, .adv_w = 256, .box_w = 16, .box_h = 14, .ofs_x = 0, .ofs_y = -1},
    {.bitmap_index = 5949, .adv_w = 256, .box_w = 16, .box_h = 15, .ofs_x = 0, .ofs_y = -1},
    {.bitmap_index = 5997, .adv_w = 256, .box_w = 16, .box_h = 15, .ofs_x = 0, .ofs_y = -1},
    {.bitmap_index = 6040, .adv_w = 256, .box_w = 14, .box_h = 14, .ofs_x = 1, .ofs_y = -1},
    {.bitmap_index = 6082, .adv_w = 256, .box_w = 14, .box_h = 15, .ofs_x = 0, .ofs_y = -1},
    {.bitmap_index = 6125, .adv_w = 256, .box_w = 16, .box_h = 16, .ofs_x = 0, .ofs_y = -2},
    {.bitmap_index = 6178, .adv_w = 256, .box_w = 14, .box_h = 15, .ofs_x = 1, .ofs_y = -1},
    {.bitmap_index = 6225, .adv_w = 256, .box_w = 14, .box_h = 16, .ofs_x = 1, .ofs_y = -2},
    {.bitmap_index = 6274, .adv_w = 256, .box_w = 15, .box_h = 14, .ofs_x = 1, .ofs_y = -1},
    {.bitmap_index = 6324, .adv_w = 256, .box_w = 14, .box_h = 15, .ofs_x = 1, .ofs_y = -1},
    {.bitmap_index = 6372, .adv_w = 256, .box_w = 15, .box_h = 15, .ofs_x = 1, .ofs_y = -2},
    {.bitmap_index = 6429, .adv_w = 256, .box_w = 16, .box_h = 14, .ofs_x = 0, .ofs_y = -1},
    {.bitmap_index = 6471, .adv_w = 256, .box_w = 14, .box_h = 15, .ofs_x = 0, .ofs_y = -2},
    {.bitmap_index = 6520, .adv_w = 256, .box_w = 15, .box_h = 16, .ofs_x = 1, .ofs_y = -2},
    {.bitmap_index = 6574, .adv_w = 256, .box_w = 15, .box_h = 15, .ofs_x = 0, .ofs_y = -1},
    {.bitmap_index = 6630, .adv_w = 256, .box_w = 15, .box_h = 16, .ofs_x = 1, .ofs_y = -2},
    {.bitmap_index = 6686, .adv_w = 256, .box_w = 14, .box_h = 14, .ofs_x = 1, .ofs_y = -1},
    {.bitmap_index = 6730, .adv_w = 256, .box_w = 15, .box_h = 16, .ofs_x = 1, .ofs_y = -2},
    {.bitmap_index = 6788, .adv_w = 256, .box_w = 15, .box_h = 15, .ofs_x = 1, .ofs_y = -2},
    {.bitmap_index = 6843, .adv_w = 256, .box_w = 14, .box_h = 14, .ofs_x = 1, .ofs_y = -1},
    {.bitmap_index = 6887, .adv_w = 256, .box_w = 14, .box_h = 14, .ofs_x = 1, .ofs_y = -1},
    {.bitmap_index = 6932, .adv_w = 256, .box_w = 14, .box_h = 14, .ofs_x = 1, .ofs_y = -1},
    {.bitmap_index = 6974, .adv_w = 256, .box_w = 14, .box_h = 14, .ofs_x = 1, .ofs_y = -1},
    {.bitmap_index = 7022, .adv_w = 256, .box_w = 14, .box_h = 14, .ofs_x = 1, .ofs_y = -1},
    {.bitmap_index = 7069, .adv_w = 256, .box_w = 14, .box_h = 14, .ofs_x = 1, .ofs_y = -1},
    {.bitmap_index = 7117, .adv_w = 256, .box_w = 16, .box_h = 15, .ofs_x = 0, .ofs_y = -1},
    {.bitmap_index = 7166, .adv_w = 256, .box_w = 16, .box_h = 14, .ofs_x = 0, .ofs_y = -1},
    {.bitmap_index = 7220, .adv_w = 256, .box_w = 16, .box_h = 16, .ofs_x = 0, .ofs_y = -2},
    {.bitmap_index = 7277, .adv_w = 256, .box_w = 16, .box_h = 15, .ofs_x = 0, .ofs_y = -2},
    {.bitmap_index = 7331, .adv_w = 256, .box_w = 16, .box_h = 14, .ofs_x = 0, .ofs_y = -1},
    {.bitmap_index = 7379, .adv_w = 256, .box_w = 14, .box_h = 14, .ofs_x = 1, .ofs_y = -1},
    {.bitmap_index = 7421, .adv_w = 256, .box_w = 15, .box_h = 15, .ofs_x = 0, .ofs_y = -2},
    {.bitmap_index = 7465, .adv_w = 256, .box_w = 16, .box_h = 15, .ofs_x = 0, .ofs_y = -1},
    {.bitmap_index = 7517, .adv_w = 256, .box_w = 16, .box_h = 16, .ofs_x = 0, .ofs_y = -2},
    {.bitmap_index = 7569, .adv_w = 256, .box_w = 16, .box_h = 15, .ofs_x = 0, .ofs_y = -2},
    {.bitmap_index = 7618, .adv_w = 256, .box_w = 16, .box_h = 15, .ofs_x = 0, .ofs_y = -2},
    {.bitmap_index = 7666, .adv_w = 256, .box_w = 16, .box_h = 15, .ofs_x = 0, .ofs_y = -2},
    {.bitmap_index = 7718, .adv_w = 256, .box_w = 16, .box_h = 15, .ofs_x = 0, .ofs_y = -2},
    {.bitmap_index = 7768, .adv_w = 256, .box_w = 16, .box_h = 15, .ofs_x = 0, .ofs_y = -2},
    {.bitmap_index = 7817, .adv_w = 256, .box_w = 16, .box_h = 16, .ofs_x = 0, .ofs_y = -2},
    {.bitmap_index = 7871, .adv_w = 256, .box_w = 15, .box_h = 16, .ofs_x = 0, .ofs_y = -2},
    {.bitmap_index = 7927, .adv_w = 256, .box_w = 16, .box_h = 15, .ofs_x = 0, .ofs_y = -1},
    {.bitmap_index = 7982, .adv_w = 256, .box_w = 16, .box_h = 16, .ofs_x = 0, .ofs_y = -2},
    {.bitmap_index = 8037, .adv_w = 256, .box_w = 16, .box_h = 15, .ofs_x = 0, .ofs_y = -2},
    {.bitmap_index = 8082, .adv_w = 256, .box_w = 14, .box_h = 15, .ofs_x = 1, .ofs_y = -1},
    {.bitmap_index = 8125, .adv_w = 256, .box_w = 16, .box_h = 15, .ofs_x = 0, .ofs_y = -1},
    {.bitmap_index = 8176, .adv_w = 256, .box_w = 14, .box_h = 15, .ofs_x = 1, .ofs_y = -1},
    {.bitmap_index = 8221, .adv_w = 256, .box_w = 16, .box_h = 16, .ofs_x = 0, .ofs_y = -2},
    {.bitmap_index = 8270, .adv_w = 256, .box_w = 15, .box_h = 16, .ofs_x = 0, .ofs_y = -2},
    {.bitmap_index = 8319, .adv_w = 256, .box_w = 14, .box_h = 16, .ofs_x = 1, .ofs_y = -2},
    {.bitmap_index = 8367, .adv_w = 256, .box_w = 15, .box_h = 15, .ofs_x = 0, .ofs_y = -1},
    {.bitmap_index = 8418, .adv_w = 256, .box_w = 16, .box_h = 15, .ofs_x = 0, .ofs_y = -1},
    {.bitmap_index = 8473, .adv_w = 256, .box_w = 16, .box_h = 15, .ofs_x = 0, .ofs_y = -2},
    {.bitmap_index = 8527, .adv_w = 256, .box_w = 16, .box_h = 15, .ofs_x = 0, .ofs_y = -2},
    {.bitmap_index = 8578, .adv_w = 256, .box_w = 14, .box_h = 15, .ofs_x = 1, .ofs_y = -2},
    {.bitmap_index = 8622, .adv_w = 256, .box_w = 16, .box_h = 16, .ofs_x = 0, .ofs_y = -2},
    {.bitmap_index = 8679, .adv_w = 256, .box_w = 16, .box_h = 15, .ofs_x = 0, .ofs_y = -2},
    {.bitmap_index = 8733, .adv_w = 256, .box_w = 16, .box_h = 15, .ofs_x = 0, .ofs_y = -2},
    {.bitmap_index = 8788, .adv_w = 256, .box_w = 13, .box_h = 15, .ofs_x = 1, .ofs_y = -2},
    {.bitmap_index = 8829, .adv_w = 256, .box_w = 14, .box_h = 14, .ofs_x = 2, .ofs_y = -1},
    {.bitmap_index = 8871, .adv_w = 256, .box_w = 13, .box_h = 14, .ofs_x = 2, .ofs_y = -1},
    {.bitmap_index = 8910, .adv_w = 256, .box_w = 15, .box_h = 15, .ofs_x = 1, .ofs_y = -2},
    {.bitmap_index = 8963, .adv_w = 256, .box_w = 16, .box_h = 15, .ofs_x = 0, .ofs_y = -1},
    {.bitmap_index = 9015, .adv_w = 256, .box_w = 16, .box_h = 15, .ofs_x = 0, .ofs_y = -1},
    {.bitmap_index = 9069, .adv_w = 256, .box_w = 14, .box_h = 14, .ofs_x = 1, .ofs_y = -1},
    {.bitmap_index = 9114, .adv_w = 256, .box_w = 16, .box_h = 14, .ofs_x = 0, .ofs_y = -1},
    {.bitmap_index = 9162, .adv_w = 256, .box_w = 16, .box_h = 14, .ofs_x = 0, .ofs_y = -1},
    {.bitmap_index = 9208, .adv_w = 256, .box_w = 16, .box_h = 15, .ofs_x = 0, .ofs_y = -1},
    {.bitmap_index = 9255, .adv_w = 256, .box_w = 16, .box_h = 16, .ofs_x = 0, .ofs_y = -2},
    {.bitmap_index = 9308, .adv_w = 256, .box_w = 16, .box_h = 16, .ofs_x = 0, .ofs_y = -2},
    {.bitmap_index = 9360, .adv_w = 256, .box_w = 16, .box_h = 16, .ofs_x = 0, .ofs_y = -2},
    {.bitmap_index = 9414, .adv_w = 256, .box_w = 16, .box_h = 16, .ofs_x = 0, .ofs_y = -2},
    {.bitmap_index = 9469, .adv_w = 256, .box_w = 16, .box_h = 15, .ofs_x = 0, .ofs_y = -2},
    {.bitmap_index = 9519, .adv_w = 256, .box_w = 13, .box_h = 15, .ofs_x = 1, .ofs_y = -2},
    {.bitmap_index = 9562, .adv_w = 256, .box_w = 15, .box_h = 15, .ofs_x = 1, .ofs_y = -2},
    {.bitmap_index = 9615, .adv_w = 256, .box_w = 16, .box_h = 16, .ofs_x = 0, .ofs_y = -2},
    {.bitmap_index = 9672, .adv_w = 256, .box_w = 16, .box_h = 16, .ofs_x = 0, .ofs_y = -2},
    {.bitmap_index = 9724, .adv_w = 256, .box_w = 16, .box_h = 16, .ofs_x = 0, .ofs_y = -2},
    {.bitmap_index = 9782, .adv_w = 256, .box_w = 16, .box_h = 15, .ofs_x = 0, .ofs_y = -1},
    {.bitmap_index = 9834, .adv_w = 256, .box_w = 16, .box_h = 14, .ofs_x = 0, .ofs_y = -1},
    {.bitmap_index = 9882, .adv_w = 256, .box_w = 16, .box_h = 14, .ofs_x = 0, .ofs_y = -1},
    {.bitmap_index = 9928, .adv_w = 256, .box_w = 16, .box_h = 15, .ofs_x = 0, .ofs_y = -2},
    {.bitmap_index = 9982, .adv_w = 256, .box_w = 16, .box_h = 14, .ofs_x = 0, .ofs_y = -1},
    {.bitmap_index = 10034, .adv_w = 256, .box_w = 16, .box_h = 15, .ofs_x = 0, .ofs_y = -1},
    {.bitmap_index = 10086, .adv_w = 256, .box_w = 15, .box_h = 14, .ofs_x = 0, .ofs_y = -1},
    {.bitmap_index = 10133, .adv_w = 256, .box_w = 16, .box_h = 14, .ofs_x = 0, .ofs_y = -1},
    {.bitmap_index = 10183, .adv_w = 256, .box_w = 16, .box_h = 14, .ofs_x = 0, .ofs_y = -1},
    {.bitmap_index = 10237, .adv_w = 256, .box_w = 16, .box_h = 14, .ofs_x = 0, .ofs_y = -1},
    {.bitmap_index = 10291, .adv_w = 256, .box_w = 15, .box_h = 15, .ofs_x = 0, .ofs_y = -1},
    {.bitmap_index = 10337, .adv_w = 256, .box_w = 16, .box_h = 15, .ofs_x = 0, .ofs_y = -1},
    {.bitmap_index = 10391, .adv_w = 256, .box_w = 16, .box_h = 15, .ofs_x = 0, .ofs_y = -2},
    {.bitmap_index = 10445, .adv_w = 256, .box_w = 16, .box_h = 15, .ofs_x = 0, .ofs_y = -2},
    {.bitmap_index = 10501, .adv_w = 256, .box_w = 16, .box_h = 15, .ofs_x = 0, .ofs_y = -2},
    {.bitmap_index = 10557, .adv_w = 256, .box_w = 16, .box_h = 14, .ofs_x = 0, .ofs_y = -1},
    {.bitmap_index = 10610, .adv_w = 256, .box_w = 15, .box_h = 15, .ofs_x = 1, .ofs_y = -2},
    {.bitmap_index = 10662, .adv_w = 256, .box_w = 16, .box_h = 15, .ofs_x = 0, .ofs_y = -1},
    {.bitmap_index = 10711, .adv_w = 256, .box_w = 16, .box_h = 15, .ofs_x = 0, .ofs_y = -2},
    {.bitmap_index = 10759, .adv_w = 256, .box_w = 16, .box_h = 15, .ofs_x = 0, .ofs_y = -2},
    {.bitmap_index = 10810, .adv_w = 256, .box_w = 16, .box_h = 16, .ofs_x = 0, .ofs_y = -2},
    {.bitmap_index = 10869, .adv_w = 256, .box_w = 16, .box_h = 15, .ofs_x = 0, .ofs_y = -2},
    {.bitmap_index = 10921, .adv_w = 256, .box_w = 16, .box_h = 14, .ofs_x = 0, .ofs_y = -1},
    {.bitmap_index = 10977, .adv_w = 256, .box_w = 16, .box_h = 15, .ofs_x = 0, .ofs_y = -2},
    {.bitmap_index = 11032, .adv_w = 256, .box_w = 16, .box_h = 14, .ofs_x = 0, .ofs_y = -1},
    {.bitmap_index = 11084, .adv_w = 256, .box_w = 16, .box_h = 16, .ofs_x = 0, .ofs_y = -2},
    {.bitmap_index = 11139, .adv_w = 256, .box_w = 16, .box_h = 15, .ofs_x = 0, .ofs_y = -2},
    {.bitmap_index = 11197, .adv_w = 256, .box_w = 16, .box_h = 15, .ofs_x = 0, .ofs_y = -1},
    {.bitmap_index = 11248, .adv_w = 256, .box_w = 16, .box_h = 16, .ofs_x = 0, .ofs_y = -2},
    {.bitmap_index = 11304, .adv_w = 256, .box_w = 16, .box_h = 15, .ofs_x = 0, .ofs_y = -1},
    {.bitmap_index = 11354, .adv_w = 256, .box_w = 16, .box_h = 16, .ofs_x = 0, .ofs_y = -2},
    {.bitmap_index = 11409, .adv_w = 256, .box_w = 16, .box_h = 16, .ofs_x = 0, .ofs_y = -2},
    {.bitmap_index = 11466, .adv_w = 256, .box_w = 16, .box_h = 14, .ofs_x = 0, .ofs_y = -1},
    {.bitmap_index = 11523, .adv_w = 256, .box_w = 16, .box_h = 14, .ofs_x = 0, .ofs_y = -1},
    {.bitmap_index = 11574, .adv_w = 256, .box_w = 16, .box_h = 16, .ofs_x = 0, .ofs_y = -2},
    {.bitmap_index = 11632, .adv_w = 256, .box_w = 16, .box_h = 14, .ofs_x = 0, .ofs_y = -1},
    {.bitmap_index = 11684, .adv_w = 256, .box_w = 16, .box_h = 14, .ofs_x = 0, .ofs_y = -1},
    {.bitmap_index = 11732, .adv_w = 256, .box_w = 16, .box_h = 15, .ofs_x = 0, .ofs_y = -2},
    {.bitmap_index = 11788, .adv_w = 256, .box_w = 16, .box_h = 15, .ofs_x = 0, .ofs_y = -2},
    {.bitmap_index = 11841, .adv_w = 256, .box_w = 16, .box_h = 15, .ofs_x = 0, .ofs_y = -2},
    {.bitmap_index = 11894, .adv_w = 256, .box_w = 16, .box_h = 15, .ofs_x = 0, .ofs_y = -2},
    {.bitmap_index = 11950, .adv_w = 256, .box_w = 16, .box_h = 15, .ofs_x = 0, .ofs_y = -2},
    {.bitmap_index = 12006, .adv_w = 256, .box_w = 16, .box_h = 15, .ofs_x = 0, .ofs_y = -1},
    {.bitmap_index = 12064, .adv_w = 256, .box_w = 15, .box_h = 16, .ofs_x = 0, .ofs_y = -2},
    {.bitmap_index = 12119, .adv_w = 256, .box_w = 16, .box_h = 16, .ofs_x = 0, .ofs_y = -2},
    {.bitmap_index = 12178, .adv_w = 256, .box_w = 16, .box_h = 15, .ofs_x = 0, .ofs_y = -2},
    {.bitmap_index = 12233, .adv_w = 256, .box_w = 15, .box_h = 15, .ofs_x = 1, .ofs_y = -1},
    {.bitmap_index = 12287, .adv_w = 256, .box_w = 16, .box_h = 16, .ofs_x = 0, .ofs_y = -2},
    {.bitmap_index = 12346, .adv_w = 256, .box_w = 16, .box_h = 16, .ofs_x = 0, .ofs_y = -2},
    {.bitmap_index = 12404, .adv_w = 256, .box_w = 16, .box_h = 15, .ofs_x = 0, .ofs_y = -2},
    {.bitmap_index = 12462, .adv_w = 256, .box_w = 16, .box_h = 15, .ofs_x = 0, .ofs_y = -1},
    {.bitmap_index = 12515, .adv_w = 256, .box_w = 16, .box_h = 16, .ofs_x = 0, .ofs_y = -2},
    {.bitmap_index = 12568, .adv_w = 256, .box_w = 15, .box_h = 16, .ofs_x = 1, .ofs_y = -2},
    {.bitmap_index = 12626, .adv_w = 256, .box_w = 16, .box_h = 15, .ofs_x = 0, .ofs_y = -1},
    {.bitmap_index = 12682, .adv_w = 256, .box_w = 15, .box_h = 16, .ofs_x = 0, .ofs_y = -2},
    {.bitmap_index = 12731, .adv_w = 256, .box_w = 16, .box_h = 16, .ofs_x = 0, .ofs_y = -2},
    {.bitmap_index = 12785, .adv_w = 256, .box_w = 12, .box_h = 14, .ofs_x = 2, .ofs_y = -1},
    {.bitmap_index = 12818, .adv_w = 256, .box_w = 15, .box_h = 14, .ofs_x = 1, .ofs_y = -1},
    {.bitmap_index = 12865, .adv_w = 256, .box_w = 14, .box_h = 15, .ofs_x = 1, .ofs_y = -2},
    {.bitmap_index = 12915, .adv_w = 256, .box_w = 15, .box_h = 14, .ofs_x = 0, .ofs_y = -1},
    {.bitmap_index = 12959, .adv_w = 256, .box_w = 16, .box_h = 15, .ofs_x = 0, .ofs_y = -2},
    {.bitmap_index = 13007, .adv_w = 256, .box_w = 16, .box_h = 14, .ofs_x = 0, .ofs_y = -1},
    {.bitmap_index = 13054, .adv_w = 256, .box_w = 16, .box_h = 15, .ofs_x = 0, .ofs_y = -2},
    {.bitmap_index = 13106, .adv_w = 256, .box_w = 16, .box_h = 14, .ofs_x = 0, .ofs_y = -1},
    {.bitmap_index = 13152, .adv_w = 256, .box_w = 13, .box_h = 15, .ofs_x = 0, .ofs_y = -2},
    {.bitmap_index = 13193, .adv_w = 256, .box_w = 16, .box_h = 15, .ofs_x = 0, .ofs_y = -1},
    {.bitmap_index = 13240, .adv_w = 256, .box_w = 15, .box_h = 15, .ofs_x = 0, .ofs_y = -2},
    {.bitmap_index = 13297, .adv_w = 256, .box_w = 14, .box_h = 16, .ofs_x = 1, .ofs_y = -2},
    {.bitmap_index = 13351, .adv_w = 256, .box_w = 15, .box_h = 15, .ofs_x = 0, .ofs_y = -1},
    {.bitmap_index = 13402, .adv_w = 256, .box_w = 15, .box_h = 15, .ofs_x = 0, .ofs_y = -2},
    {.bitmap_index = 13455, .adv_w = 256, .box_w = 16, .box_h = 14, .ofs_x = 0, .ofs_y = -1},
    {.bitmap_index = 13504, .adv_w = 256, .box_w = 16, .box_h = 14, .ofs_x = 0, .ofs_y = -1},
    {.bitmap_index = 13552, .adv_w = 256, .box_w = 16, .box_h = 14, .ofs_x = 0, .ofs_y = -1},
    {.bitmap_index = 13601, .adv_w = 256, .box_w = 16, .box_h = 14, .ofs_x = 0, .ofs_y = -1},
    {.bitmap_index = 13650, .adv_w = 256, .box_w = 16, .box_h = 14, .ofs_x = 0, .ofs_y = -1},
    {.bitmap_index = 13699, .adv_w = 256, .box_w = 16, .box_h = 15, .ofs_x = 0, .ofs_y = -1},
    {.bitmap_index = 13751, .adv_w = 256, .box_w = 16, .box_h = 14, .ofs_x = 0, .ofs_y = -1},
    {.bitmap_index = 13801, .adv_w = 256, .box_w = 16, .box_h = 15, .ofs_x = 0, .ofs_y = -2},
    {.bitmap_index = 13859, .adv_w = 256, .box_w = 16, .box_h = 14, .ofs_x = 0, .ofs_y = -1},
    {.bitmap_index = 13910, .adv_w = 256, .box_w = 16, .box_h = 15, .ofs_x = 0, .ofs_y = -1},
    {.bitmap_index = 13962, .adv_w = 256, .box_w = 16, .box_h = 14, .ofs_x = 0, .ofs_y = -1},
    {.bitmap_index = 14008, .adv_w = 256, .box_w = 16, .box_h = 15, .ofs_x = 0, .ofs_y = -2},
    {.bitmap_index = 14063, .adv_w = 256, .box_w = 16, .box_h = 15, .ofs_x = 0, .ofs_y = -1},
    {.bitmap_index = 14113, .adv_w = 256, .box_w = 16, .box_h = 15, .ofs_x = 0, .ofs_y = -2},
    {.bitmap_index = 14169, .adv_w = 256, .box_w = 16, .box_h = 14, .ofs_x = 0, .ofs_y = -1},
    {.bitmap_index = 14220, .adv_w = 256, .box_w = 16, .box_h = 15, .ofs_x = 0, .ofs_y = -1},
    {.bitmap_index = 14272, .adv_w = 256, .box_w = 16, .box_h = 15, .ofs_x = 0, .ofs_y = -1},
    {.bitmap_index = 14325, .adv_w = 256, .box_w = 16, .box_h = 15, .ofs_x = 0, .ofs_y = -1},
    {.bitmap_index = 14376, .adv_w = 256, .box_w = 16, .box_h = 15, .ofs_x = 0, .ofs_y = -2},
    {.bitmap_index = 14431, .adv_w = 256, .box_w = 16, .box_h = 15, .ofs_x = 0, .ofs_y = -2},
    {.bitmap_index = 14486, .adv_w = 256, .box_w = 16, .box_h = 15, .ofs_x = 0, .ofs_y = -2},
    {.bitmap_index = 14541, .adv_w = 256, .box_w = 16, .box_h = 16, .ofs_x = 0, .ofs_y = -2},
    {.bitmap_index = 14596, .adv_w = 256, .box_w = 16, .box_h = 14, .ofs_x = 0, .ofs_y = -1},
    {.bitmap_index = 14639, .adv_w = 256, .box_w = 16, .box_h = 14, .ofs_x = 0, .ofs_y = -1},
    {.bitmap_index = 14682, .adv_w = 256, .box_w = 15, .box_h = 16, .ofs_x = 1, .ofs_y = -2},
    {.bitmap_index = 14735, .adv_w = 256, .box_w = 16, .box_h = 15, .ofs_x = 0, .ofs_y = -2},
    {.bitmap_index = 14786, .adv_w = 256, .box_w = 16, .box_h = 16, .ofs_x = 0, .ofs_y = -2},
    {.bitmap_index = 14843, .adv_w = 256, .box_w = 15, .box_h = 14, .ofs_x = 0, .ofs_y = -1},
    {.bitmap_index = 14891, .adv_w = 256, .box_w = 16, .box_h = 16, .ofs_x = 0, .ofs_y = -2},
    {.bitmap_index = 14941, .adv_w = 256, .box_w = 16, .box_h = 16, .ofs_x = 0, .ofs_y = -2},
    {.bitmap_index = 14997, .adv_w = 256, .box_w = 16, .box_h = 16, .ofs_x = 0, .ofs_y = -2},
    {.bitmap_index = 15053, .adv_w = 256, .box_w = 16, .box_h = 14, .ofs_x = 0, .ofs_y = -1},
    {.bitmap_index = 15101, .adv_w = 256, .box_w = 16, .box_h = 16, .ofs_x = 0, .ofs_y = -2},
    {.bitmap_index = 15153, .adv_w = 256, .box_w = 16, .box_h = 15, .ofs_x = 0, .ofs_y = -2},
    {.bitmap_index = 15202, .adv_w = 256, .box_w = 16, .box_h = 16, .ofs_x = 0, .ofs_y = -2},
    {.bitmap_index = 15261, .adv_w = 256, .box_w = 16, .box_h = 16, .ofs_x = 0, .ofs_y = -2},
    {.bitmap_index = 15321, .adv_w = 256, .box_w = 15, .box_h = 16, .ofs_x = 0, .ofs_y = -2},
    {.bitmap_index = 15375, .adv_w = 256, .box_w = 15, .box_h = 15, .ofs_x = 0, .ofs_y = -2},
    {.bitmap_index = 15420, .adv_w = 256, .box_w = 16, .box_h = 16, .ofs_x = 0, .ofs_y = -2},
    {.bitmap_index = 15479, .adv_w = 256, .box_w = 16, .box_h = 15, .ofs_x = 0, .ofs_y = -1},
    {.bitmap_index = 15532, .adv_w = 256, .box_w = 16, .box_h = 16, .ofs_x = 0, .ofs_y = -2},
    {.bitmap_index = 15596, .adv_w = 256, .box_w = 16, .box_h = 16, .ofs_x = 0, .ofs_y = -2},
    {.bitmap_index = 15654, .adv_w = 256, .box_w = 16, .box_h = 14, .ofs_x = 0, .ofs_y = -1},
    {.bitmap_index = 15699, .adv_w = 256, .box_w = 16, .box_h = 15, .ofs_x = 0, .ofs_y = -2},
    {.bitmap_index = 15755, .adv_w = 256, .box_w = 16, .box_h = 15, .ofs_x = 0, .ofs_y = -2},
    {.bitmap_index = 15809, .adv_w = 256, .box_w = 16, .box_h = 14, .ofs_x = 0, .ofs_y = -1},
    {.bitmap_index = 15858, .adv_w = 256, .box_w = 14, .box_h = 15, .ofs_x = 0, .ofs_y = -2},
    {.bitmap_index = 15907, .adv_w = 256, .box_w = 14, .box_h = 14, .ofs_x = 2, .ofs_y = -1},
    {.bitmap_index = 15953, .adv_w = 256, .box_w = 14, .box_h = 14, .ofs_x = 1, .ofs_y = -1},
    {.bitmap_index = 15992, .adv_w = 256, .box_w = 14, .box_h = 16, .ofs_x = 1, .ofs_y = -2},
    {.bitmap_index = 16044, .adv_w = 256, .box_w = 16, .box_h = 15, .ofs_x = 0, .ofs_y = -1},
    {.bitmap_index = 16096, .adv_w = 256, .box_w = 12, .box_h = 14, .ofs_x = 2, .ofs_y = -1},
    {.bitmap_index = 16130, .adv_w = 256, .box_w = 16, .box_h = 15, .ofs_x = 0, .ofs_y = -1},
    {.bitmap_index = 16177, .adv_w = 256, .box_w = 15, .box_h = 15, .ofs_x = 0, .ofs_y = -2},
    {.bitmap_index = 16232, .adv_w = 256, .box_w = 16, .box_h = 15, .ofs_x = 0, .ofs_y = -1},
    {.bitmap_index = 16280, .adv_w = 256, .box_w = 16, .box_h = 16, .ofs_x = 0, .ofs_y = -2},
    {.bitmap_index = 16331, .adv_w = 256, .box_w = 15, .box_h = 14, .ofs_x = 1, .ofs_y = -1},
    {.bitmap_index = 16382, .adv_w = 256, .box_w = 15, .box_h = 15, .ofs_x = 0, .ofs_y = -1},
    {.bitmap_index = 16429, .adv_w = 256, .box_w = 15, .box_h = 14, .ofs_x = 1, .ofs_y = -1},
    {.bitmap_index = 16477, .adv_w = 256, .box_w = 15, .box_h = 16, .ofs_x = 0, .ofs_y = -2},
    {.bitmap_index = 16533, .adv_w = 256, .box_w = 16, .box_h = 16, .ofs_x = 0, .ofs_y = -2},
    {.bitmap_index = 16590, .adv_w = 256, .box_w = 15, .box_h = 14, .ofs_x = 0, .ofs_y = -1},
    {.bitmap_index = 16643, .adv_w = 256, .box_w = 15, .box_h = 16, .ofs_x = 0, .ofs_y = -2},
    {.bitmap_index = 16701, .adv_w = 256, .box_w = 16, .box_h = 14, .ofs_x = 0, .ofs_y = -1},
    {.bitmap_index = 16741, .adv_w = 256, .box_w = 16, .box_h = 15, .ofs_x = 0, .ofs_y = -1},
    {.bitmap_index = 16791, .adv_w = 256, .box_w = 16, .box_h = 16, .ofs_x = 0, .ofs_y = -2},
    {.bitmap_index = 16849, .adv_w = 256, .box_w = 15, .box_h = 15, .ofs_x = 0, .ofs_y = -1},
    {.bitmap_index = 16903, .adv_w = 256, .box_w = 16, .box_h = 15, .ofs_x = 0, .ofs_y = -1},
    {.bitmap_index = 16956, .adv_w = 256, .box_w = 14, .box_h = 15, .ofs_x = 1, .ofs_y = -1},
    {.bitmap_index = 16999, .adv_w = 256, .box_w = 16, .box_h = 16, .ofs_x = 0, .ofs_y = -2},
    {.bitmap_index = 17054, .adv_w = 256, .box_w = 16, .box_h = 15, .ofs_x = 0, .ofs_y = -1},
    {.bitmap_index = 17107, .adv_w = 256, .box_w = 16, .box_h = 16, .ofs_x = 0, .ofs_y = -2},
    {.bitmap_index = 17163, .adv_w = 256, .box_w = 16, .box_h = 15, .ofs_x = 0, .ofs_y = -1},
    {.bitmap_index = 17213, .adv_w = 256, .box_w = 16, .box_h = 15, .ofs_x = 0, .ofs_y = -1},
    {.bitmap_index = 17265, .adv_w = 256, .box_w = 16, .box_h = 15, .ofs_x = 0, .ofs_y = -1},
    {.bitmap_index = 17315, .adv_w = 256, .box_w = 15, .box_h = 15, .ofs_x = 0, .ofs_y = -1},
    {.bitmap_index = 17366, .adv_w = 256, .box_w = 16, .box_h = 16, .ofs_x = 0, .ofs_y = -2},
    {.bitmap_index = 17424, .adv_w = 256, .box_w = 16, .box_h = 16, .ofs_x = 0, .ofs_y = -2},
    {.bitmap_index = 17482, .adv_w = 256, .box_w = 16, .box_h = 14, .ofs_x = 0, .ofs_y = -1},
    {.bitmap_index = 17537, .adv_w = 256, .box_w = 16, .box_h = 15, .ofs_x = 0, .ofs_y = -1},
    {.bitmap_index = 17593, .adv_w = 256, .box_w = 15, .box_h = 15, .ofs_x = 0, .ofs_y = -1},
    {.bitmap_index = 17648, .adv_w = 256, .box_w = 15, .box_h = 15, .ofs_x = 0, .ofs_y = -1},
    {.bitmap_index = 17701, .adv_w = 256, .box_w = 16, .box_h = 14, .ofs_x = 0, .ofs_y = -1},
    {.bitmap_index = 17752, .adv_w = 256, .box_w = 16, .box_h = 15, .ofs_x = 0, .ofs_y = -1},
    {.bitmap_index = 17805, .adv_w = 256, .box_w = 16, .box_h = 15, .ofs_x = 0, .ofs_y = -1},
    {.bitmap_index = 17861, .adv_w = 256, .box_w = 16, .box_h = 15, .ofs_x = 0, .ofs_y = -1},
    {.bitmap_index = 17916, .adv_w = 256, .box_w = 16, .box_h = 15, .ofs_x = 0, .ofs_y = -2},
    {.bitmap_index = 17969, .adv_w = 256, .box_w = 16, .box_h = 16, .ofs_x = 0, .ofs_y = -2},
    {.bitmap_index = 18028, .adv_w = 256, .box_w = 16, .box_h = 16, .ofs_x = 0, .ofs_y = -2},
    {.bitmap_index = 18087, .adv_w = 256, .box_w = 14, .box_h = 14, .ofs_x = 1, .ofs_y = -1},
    {.bitmap_index = 18135, .adv_w = 256, .box_w = 16, .box_h = 15, .ofs_x = 0, .ofs_y = -1},
    {.bitmap_index = 18197, .adv_w = 256, .box_w = 16, .box_h = 14, .ofs_x = 0, .ofs_y = -1},
    {.bitmap_index = 18245, .adv_w = 256, .box_w = 16, .box_h = 14, .ofs_x = 0, .ofs_y = -1},
    {.bitmap_index = 18290, .adv_w = 256, .box_w = 16, .box_h = 14, .ofs_x = 0, .ofs_y = -1},
    {.bitmap_index = 18337, .adv_w = 256, .box_w = 16, .box_h = 15, .ofs_x = 0, .ofs_y = -1},
    {.bitmap_index = 18390, .adv_w = 256, .box_w = 15, .box_h = 16, .ofs_x = 0, .ofs_y = -2},
    {.bitmap_index = 18449, .adv_w = 256, .box_w = 14, .box_h = 15, .ofs_x = 0, .ofs_y = -1},
    {.bitmap_index = 18494, .adv_w = 256, .box_w = 16, .box_h = 16, .ofs_x = 0, .ofs_y = -2},
    {.bitmap_index = 18554, .adv_w = 256, .box_w = 15, .box_h = 15, .ofs_x = 1, .ofs_y = -1},
    {.bitmap_index = 18606, .adv_w = 256, .box_w = 15, .box_h = 16, .ofs_x = 0, .ofs_y = -2},
    {.bitmap_index = 18662, .adv_w = 256, .box_w = 12, .box_h = 15, .ofs_x = 2, .ofs_y = -1},
    {.bitmap_index = 18696, .adv_w = 256, .box_w = 16, .box_h = 16, .ofs_x = 0, .ofs_y = -2},
    {.bitmap_index = 18757, .adv_w = 256, .box_w = 16, .box_h = 15, .ofs_x = 0, .ofs_y = -1},
    {.bitmap_index = 18805, .adv_w = 256, .box_w = 16, .box_h = 14, .ofs_x = 0, .ofs_y = -1},
    {.bitmap_index = 18851, .adv_w = 256, .box_w = 16, .box_h = 15, .ofs_x = 0, .ofs_y = -2},
    {.bitmap_index = 18904, .adv_w = 256, .box_w = 16, .box_h = 14, .ofs_x = 0, .ofs_y = -1},
    {.bitmap_index = 18953, .adv_w = 256, .box_w = 16, .box_h = 15, .ofs_x = 0, .ofs_y = -2},
    {.bitmap_index = 19008, .adv_w = 256, .box_w = 16, .box_h = 15, .ofs_x = 0, .ofs_y = -2},
    {.bitmap_index = 19058, .adv_w = 256, .box_w = 16, .box_h = 15, .ofs_x = 0, .ofs_y = -2},
    {.bitmap_index = 19110, .adv_w = 256, .box_w = 16, .box_h = 15, .ofs_x = 0, .ofs_y = -2},
    {.bitmap_index = 19162, .adv_w = 256, .box_w = 16, .box_h = 15, .ofs_x = 0, .ofs_y = -2},
    {.bitmap_index = 19221, .adv_w = 256, .box_w = 15, .box_h = 16, .ofs_x = 0, .ofs_y = -2},
    {.bitmap_index = 19276, .adv_w = 256, .box_w = 16, .box_h = 16, .ofs_x = 0, .ofs_y = -2},
    {.bitmap_index = 19338, .adv_w = 256, .box_w = 16, .box_h = 15, .ofs_x = 0, .ofs_y = -2},
    {.bitmap_index = 19389, .adv_w = 256, .box_w = 16, .box_h = 14, .ofs_x = 0, .ofs_y = -1},
    {.bitmap_index = 19437, .adv_w = 256, .box_w = 16, .box_h = 15, .ofs_x = 0, .ofs_y = -2},
    {.bitmap_index = 19491, .adv_w = 256, .box_w = 16, .box_h = 16, .ofs_x = 0, .ofs_y = -2},
    {.bitmap_index = 19548, .adv_w = 256, .box_w = 16, .box_h = 15, .ofs_x = 0, .ofs_y = -2},
    {.bitmap_index = 19600, .adv_w = 256, .box_w = 16, .box_h = 15, .ofs_x = 0, .ofs_y = -1},
    {.bitmap_index = 19653, .adv_w = 256, .box_w = 15, .box_h = 15, .ofs_x = 0, .ofs_y = -1},
    {.bitmap_index = 19704, .adv_w = 256, .box_w = 16, .box_h = 15, .ofs_x = 0, .ofs_y = -2},
    {.bitmap_index = 19757, .adv_w = 256, .box_w = 16, .box_h = 15, .ofs_x = 0, .ofs_y = -1},
    {.bitmap_index = 19807, .adv_w = 256, .box_w = 16, .box_h = 16, .ofs_x = 0, .ofs_y = -2},
    {.bitmap_index = 19862, .adv_w = 256, .box_w = 16, .box_h = 15, .ofs_x = 0, .ofs_y = -1},
    {.bitmap_index = 19914, .adv_w = 256, .box_w = 16, .box_h = 16, .ofs_x = 0, .ofs_y = -2},
    {.bitmap_index = 19970, .adv_w = 256, .box_w = 16, .box_h = 14, .ofs_x = 0, .ofs_y = -1},
    {.bitmap_index = 20018, .adv_w = 256, .box_w = 16, .box_h = 15, .ofs_x = 0, .ofs_y = -2},
    {.bitmap_index = 20071, .adv_w = 256, .box_w = 16, .box_h = 15, .ofs_x = 0, .ofs_y = -1},
    {.bitmap_index = 20125, .adv_w = 256, .box_w = 15, .box_h = 16, .ofs_x = 0, .ofs_y = -2},
    {.bitmap_index = 20182, .adv_w = 256, .box_w = 16, .box_h = 16, .ofs_x = 0, .ofs_y = -2},
    {.bitmap_index = 20243, .adv_w = 256, .box_w = 16, .box_h = 16, .ofs_x = 0, .ofs_y = -2},
    {.bitmap_index = 20306, .adv_w = 256, .box_w = 16, .box_h = 15, .ofs_x = 0, .ofs_y = -1},
    {.bitmap_index = 20365, .adv_w = 256, .box_w = 16, .box_h = 15, .ofs_x = 0, .ofs_y = -2},
    {.bitmap_index = 20421, .adv_w = 256, .box_w = 16, .box_h = 15, .ofs_x = 0, .ofs_y = -2},
    {.bitmap_index = 20476, .adv_w = 256, .box_w = 16, .box_h = 15, .ofs_x = 0, .ofs_y = -2},
    {.bitmap_index = 20532, .adv_w = 256, .box_w = 15, .box_h = 16, .ofs_x = 0, .ofs_y = -2},
    {.bitmap_index = 20581, .adv_w = 256, .box_w = 16, .box_h = 15, .ofs_x = 0, .ofs_y = -1},
    {.bitmap_index = 20635, .adv_w = 256, .box_w = 16, .box_h = 16, .ofs_x = 0, .ofs_y = -2},
    {.bitmap_index = 20698, .adv_w = 256, .box_w = 16, .box_h = 15, .ofs_x = 0, .ofs_y = -2},
    {.bitmap_index = 20751, .adv_w = 256, .box_w = 16, .box_h = 15, .ofs_x = 0, .ofs_y = -2},
    {.bitmap_index = 20801, .adv_w = 256, .box_w = 16, .box_h = 16, .ofs_x = 0, .ofs_y = -2},
    {.bitmap_index = 20856, .adv_w = 256, .box_w = 16, .box_h = 16, .ofs_x = 0, .ofs_y = -2},
    {.bitmap_index = 20910, .adv_w = 256, .box_w = 16, .box_h = 16, .ofs_x = 0, .ofs_y = -2},
    {.bitmap_index = 20964, .adv_w = 256, .box_w = 16, .box_h = 16, .ofs_x = 0, .ofs_y = -2},
    {.bitmap_index = 21017, .adv_w = 256, .box_w = 16, .box_h = 16, .ofs_x = 0, .ofs_y = -2},
    {.bitmap_index = 21074, .adv_w = 256, .box_w = 16, .box_h = 15, .ofs_x = 0, .ofs_y = -2},
    {.bitmap_index = 21126, .adv_w = 256, .box_w = 16, .box_h = 16, .ofs_x = 0, .ofs_y = -2},
    {.bitmap_index = 21182, .adv_w = 256, .box_w = 16, .box_h = 16, .ofs_x = 0, .ofs_y = -2},
    {.bitmap_index = 21236, .adv_w = 256, .box_w = 16, .box_h = 16, .ofs_x = 0, .ofs_y = -2},
    {.bitmap_index = 21297, .adv_w = 256, .box_w = 16, .box_h = 16, .ofs_x = 0, .ofs_y = -2},
    {.bitmap_index = 21355, .adv_w = 256, .box_w = 16, .box_h = 14, .ofs_x = 0, .ofs_y = -1},
    {.bitmap_index = 21403, .adv_w = 256, .box_w = 16, .box_h = 15, .ofs_x = 0, .ofs_y = -1},
    {.bitmap_index = 21451, .adv_w = 256, .box_w = 16, .box_h = 16, .ofs_x = 0, .ofs_y = -2},
    {.bitmap_index = 21512, .adv_w = 256, .box_w = 16, .box_h = 14, .ofs_x = 0, .ofs_y = -1},
    {.bitmap_index = 21564, .adv_w = 256, .box_w = 16, .box_h = 16, .ofs_x = 0, .ofs_y = -2},
    {.bitmap_index = 21625, .adv_w = 256, .box_w = 16, .box_h = 16, .ofs_x = 0, .ofs_y = -2},
    {.bitmap_index = 21687, .adv_w = 256, .box_w = 16, .box_h = 15, .ofs_x = 0, .ofs_y = -2},
    {.bitmap_index = 21735, .adv_w = 256, .box_w = 14, .box_h = 15, .ofs_x = 1, .ofs_y = -1},
    {.bitmap_index = 21782, .adv_w = 256, .box_w = 14, .box_h = 15, .ofs_x = 1, .ofs_y = -1},
    {.bitmap_index = 21830, .adv_w = 256, .box_w = 15, .box_h = 16, .ofs_x = 1, .ofs_y = -2},
    {.bitmap_index = 21885, .adv_w = 256, .box_w = 15, .box_h = 15, .ofs_x = 1, .ofs_y = -2},
    {.bitmap_index = 21936, .adv_w = 256, .box_w = 16, .box_h = 14, .ofs_x = 0, .ofs_y = -1},
    {.bitmap_index = 21990, .adv_w = 256, .box_w = 16, .box_h = 15, .ofs_x = 0, .ofs_y = -1},
    {.bitmap_index = 22036, .adv_w = 256, .box_w = 16, .box_h = 15, .ofs_x = 0, .ofs_y = -2},
    {.bitmap_index = 22091, .adv_w = 256, .box_w = 16, .box_h = 15, .ofs_x = 0, .ofs_y = -2},
    {.bitmap_index = 22150, .adv_w = 256, .box_w = 16, .box_h = 15, .ofs_x = 0, .ofs_y = -2},
    {.bitmap_index = 22206, .adv_w = 256, .box_w = 16, .box_h = 17, .ofs_x = 0, .ofs_y = -2},
    {.bitmap_index = 22270, .adv_w = 256, .box_w = 16, .box_h = 15, .ofs_x = 0, .ofs_y = -2},
    {.bitmap_index = 22326, .adv_w = 256, .box_w = 16, .box_h = 15, .ofs_x = 0, .ofs_y = -2},
    {.bitmap_index = 22377, .adv_w = 256, .box_w = 16, .box_h = 15, .ofs_x = 0, .ofs_y = -2},
    {.bitmap_index = 22433, .adv_w = 256, .box_w = 16, .box_h = 16, .ofs_x = 0, .ofs_y = -2},
    {.bitmap_index = 22492, .adv_w = 256, .box_w = 3, .box_h = 13, .ofs_x = 2, .ofs_y = -1},
    {.bitmap_index = 22502, .adv_w = 256, .box_w = 4, .box_h = 6, .ofs_x = 2, .ofs_y = -2},
    {.bitmap_index = 22509, .adv_w = 256, .box_w = 16, .box_h = 16, .ofs_x = 0, .ofs_y = -2},
    {.bitmap_index = 22552, .adv_w = 256, .box_w = 4, .box_h = 14, .ofs_x = 2, .ofs_y = -3},
    {.bitmap_index = 22564, .adv_w = 256, .box_w = 8, .box_h = 14, .ofs_x = 0, .ofs_y = -1}
};

/*---------------------
 *  CHARACTER MAPPING
 *--------------------*/

static const uint16_t unicode_list_1[] = {
    0x0, 0x1, 0x1dff, 0x1e08, 0x1e09, 0x1e0a, 0x1e0c, 0x1e0d,
    0x1e12, 0x1e23, 0x1e29, 0x1e2c, 0x1e3d, 0x1e47, 0x1e5e, 0x1e5f,
    0x1e85, 0x1e8a, 0x1e91, 0x1e93, 0x1eb9, 0x1ebf, 0x1eca, 0x1ed3,
    0x1ed7, 0x1ee3, 0x1ee4, 0x1ef5, 0x1efe, 0x1f16, 0x1f37, 0x1f4e,
    0x1f5b, 0x1f5f, 0x1f72, 0x1f8a, 0x1fdc, 0x2018, 0x203d, 0x2059,
    0x205b, 0x20ce, 0x2147, 0x2148, 0x214a, 0x2153, 0x2164, 0x2170,
    0x2184, 0x218c, 0x2198, 0x21c5, 0x21df, 0x21f9, 0x21fa, 0x2219,
    0x222a, 0x222f, 0x224c, 0x229a, 0x229e, 0x229f, 0x22a7, 0x22a8,
    0x22b0, 0x22c6, 0x2354, 0x2360, 0x2373, 0x238a, 0x23c9, 0x23ca,
    0x23cb, 0x23d0, 0x23d6, 0x23e2, 0x23e4, 0x23e9, 0x23ea, 0x23ed,
    0x23ee, 0x23f2, 0x2407, 0x240b, 0x240c, 0x240d, 0x2410, 0x2416,
    0x2426, 0x242b, 0x2437, 0x2449, 0x2467, 0x247b, 0x248b, 0x2499,
    0x24c0, 0x24e9, 0x2633, 0x26dd, 0x26ef, 0x26f3, 0x26fd, 0x2705,
    0x2707, 0x2727, 0x272f, 0x2739, 0x2756, 0x27f9, 0x2801, 0x28ef,
    0x2906, 0x290c, 0x2926, 0x2928, 0x2929, 0x2930, 0x2933, 0x297c,
    0x2981, 0x29ca, 0x29d2, 0x2b4f, 0x2b56, 0x2b65, 0x2b82, 0x2b8b,
    0x2b99, 0x2b9d, 0x2bb8, 0x2bde, 0x2bf8, 0x2c0e, 0x2c1c, 0x2c30,
    0x2c4e, 0x2c54, 0x2c80, 0x2df0, 0x2df3, 0x2e07, 0x2e0b, 0x2e2d,
    0x2e37, 0x2e54, 0x2e71, 0x2e73, 0x2e75, 0x2e85, 0x2e93, 0x2ea5,
    0x2eff, 0x2f14, 0x2f1f, 0x2f68, 0x2f84, 0x2f87, 0x2f96, 0x2fc2,
    0x2fd8, 0x2fea, 0x3000, 0x300d, 0x301c, 0x30c4, 0x30d0, 0x30f2,
    0x310e, 0x311e, 0x3161, 0x320f, 0x3210, 0x3215, 0x3217, 0x324a,
    0x324c, 0x3252, 0x326b, 0x327f, 0x3289, 0x32c6, 0x32da, 0x32db,
    0x32e1, 0x32f2, 0x32fb, 0x3300, 0x3306, 0x3308, 0x3310, 0x3324,
    0x3361, 0x336d, 0x338b, 0x33a4, 0x33cf, 0x33e0, 0x342c, 0x3443,
    0x3446, 0x3449, 0x34ac, 0x34cc, 0x3535, 0x353d, 0x3561, 0x356f,
    0x3573, 0x3586, 0x35ac, 0x35af, 0x35b8, 0x35c0, 0x35e4, 0x35f5,
    0x360d, 0x361e, 0x362e, 0x366e, 0x36f3, 0x36ff, 0x3707, 0x3708,
    0x370a, 0x3716, 0x371a, 0x371c, 0x3727, 0x372b, 0x372e, 0x3734,
    0x375e, 0x3760, 0x3764, 0x3780, 0x379b, 0x37d3, 0x37e4, 0x3806,
    0x3836, 0x3838, 0x3845, 0x3847, 0x38bf, 0x38d1, 0x3959, 0x3a20,
    0x3a29, 0x3b20, 0x3b61, 0x3b62, 0x3bd3, 0x3c41, 0x3ca0, 0x3cb8,
    0x3ce7, 0x3d40, 0x3d69, 0x3e04, 0x3e28, 0x40b8, 0x4135, 0x4189,
    0x4230, 0x4246, 0x4268, 0x42b5, 0x42cf, 0x431b, 0x438a, 0x43af,
    0x4402, 0x4405, 0x4527, 0x4534, 0x453a, 0x4683, 0x46d7, 0x46ed,
    0x46f3, 0x46f7, 0x470a, 0x471e, 0x473b, 0x473f, 0x475a, 0x47e4,
    0x47ec, 0x483f, 0x486d, 0x4939, 0x493b, 0x495c, 0x49ee, 0x4a0a,
    0x4a79, 0x4a80, 0x4b13, 0x4b2b, 0x4b48, 0x4b53, 0x4ea1, 0x4ea5,
    0x4eb6, 0x4eb7, 0x4ebe, 0x4ec2, 0x4ec5, 0x4ecc, 0x4ed2, 0x4ed8,
    0x4edb, 0x4ee6, 0x4eec, 0x4f12, 0x4f23, 0x4f50, 0x4ffa, 0x5000,
    0x5004, 0x5032, 0x5037, 0x5049, 0x50a8, 0x50f7, 0x50fc, 0x5110,
    0x51e9, 0x522b, 0x5271, 0x5281, 0x52f0, 0x52f8, 0x540b, 0x5867,
    0x5980, 0x59c0, 0x59c1, 0x59c8, 0x59e2, 0x5ba3, 0x5baf, 0x5bb1,
    0x5bbd, 0x5bc5, 0x5bc8, 0x5bcc, 0x5bd4, 0x5bdc, 0x5be1, 0x5bec,
    0x5bf3, 0x5bf6, 0x5bfa, 0x5bfd, 0x5c02, 0x5c21, 0x5c8b, 0x5d24,
    0x5d33, 0x5d76, 0x5dde, 0x5eaa, 0x5f7a, 0x5f92, 0x5fb8, 0x5fbd,
    0x5fd7, 0x5fd8, 0x5fdd, 0x6001, 0x600e, 0x601e, 0x604c, 0x6052,
    0x607f, 0x60fc, 0x61cb, 0x61cc, 0x64f5, 0x6518, 0x652d, 0x655b,
    0x657e, 0x65ed, 0x6644, 0x6693, 0x66ff, 0x6761, 0x67f2, 0x6878,
    0x6896, 0x6897, 0x689b, 0x68cd, 0x6ea5, 0x6f12, 0x6f83, 0xcf00,
    0xcf0b, 0xcf0e, 0xcf1a, 0xcf1e
};

/*Collect the unicode lists and glyph_id offsets*/
static const lv_font_fmt_txt_cmap_t cmaps[] =
{
    {
        .range_start = 32, .range_length = 95, .glyph_id_start = 1,
        .unicode_list = NULL, .glyph_id_ofs_list = NULL, .list_length = 0, .type = LV_FONT_FMT_TXT_CMAP_FORMAT0_TINY
    },
    {
        .range_start = 12289, .range_length = 53023, .glyph_id_start = 96,
        .unicode_list = unicode_list_1, .glyph_id_ofs_list = NULL, .list_length = 404, .type = LV_FONT_FMT_TXT_CMAP_SPARSE_TINY
    }
};

/*-----------------
 *    KERNING
 *----------------*/


/*Map glyph_ids to kern left classes*/
static const uint8_t kern_left_class_mapping[] =
{
    0, 0, 0, 1, 0, 0, 0, 0,
    1, 2, 0, 0, 0, 3, 4, 3,
    5, 0, 0, 0, 0, 0, 0, 0,
    0, 0, 0, 6, 6, 0, 0, 0,
    0, 0, 7, 8, 9, 10, 11, 12,
    13, 0, 0, 14, 15, 16, 0, 0,
    10, 17, 10, 18, 19, 20, 21, 22,
    23, 24, 25, 26, 2, 27, 0, 0,
    0, 0, 28, 29, 30, 0, 31, 32,
    33, 34, 0, 0, 35, 36, 34, 34,
    29, 29, 37, 38, 39, 40, 37, 41,
    42, 43, 44, 45, 2, 0, 0, 0,
    0, 0, 0, 0, 0, 0, 0, 0,
    0, 0, 0, 0, 0, 0, 0, 0,
    0, 0, 0, 0, 0, 0, 0, 0,
    0, 0, 0, 0, 0, 0, 0, 0,
    0, 0, 0, 0, 0, 0, 0, 0,
    0, 0, 0, 0, 0, 0, 0, 0,
    0, 0, 0, 0, 0, 0, 0, 0,
    0, 0, 0, 0, 0, 0, 0, 0,
    0, 0, 0, 0, 0, 0, 0, 0,
    0, 0, 0, 0, 0, 0, 0, 0,
    0, 0, 0, 0, 0, 0, 0, 0,
    0, 0, 0, 0, 0, 0, 0, 0,
    0, 0, 0, 0, 0, 0, 0, 0,
    0, 0, 0, 0, 0, 0, 0, 0,
    0, 0, 0, 0, 0, 0, 0, 0,
    0, 0, 0, 0, 0, 0, 0, 0,
    0, 0, 0, 0, 0, 0, 0, 0,
    0, 0, 0, 0, 0, 0, 0, 0,
    0, 0, 0, 0, 0, 0, 0, 0,
    0, 0, 0, 0, 0, 0, 0, 0,
    0, 0, 0, 0, 0, 0, 0, 0,
    0, 0, 0, 0, 0, 0, 0, 0,
    0, 0, 0, 0, 0, 0, 0, 0,
    0, 0, 0, 0, 0, 0, 0, 0,
    0, 0, 0, 0, 0, 0, 0, 0,
    0, 0, 0, 0, 0, 0, 0, 0,
    0, 0, 0, 0, 0, 0, 0, 0,
    0, 0, 0, 0, 0, 0, 0, 0,
    0, 0, 0, 0, 0, 0, 0, 0,
    0, 0, 0, 0, 0, 0, 0, 0,
    0, 0, 0, 0, 0, 0, 0, 0,
    0, 0, 0, 0, 0, 0, 0, 0,
    0, 0, 0, 0, 0, 0, 0, 0,
    0, 0, 0, 0, 0, 0, 0, 0,
    0, 0, 0, 0, 0, 0, 0, 0,
    0, 0, 0, 0, 0, 0, 0, 0,
    0, 0, 0, 0, 0, 0, 0, 0,
    0, 0, 0, 0, 0, 0, 0, 0,
    0, 0, 0, 0, 0, 0, 0, 0,
    0, 0, 0, 0, 0, 0, 0, 0,
    0, 0, 0, 0, 0, 0, 0, 0,
    0, 0, 0, 0, 0, 0, 0, 0,
    0, 0, 0, 0, 0, 0, 0, 0,
    0, 0, 0, 0, 0, 0, 0, 0,
    0, 0, 0, 0, 0, 0, 0, 0,
    0, 0, 0, 0, 0, 0, 0, 0,
    0, 0, 0, 0, 0, 0, 0, 0,
    0, 0, 0, 0, 0, 0, 0, 0,
    0, 0, 0, 0, 0, 0, 0, 0,
    0, 0, 0, 0, 0, 0, 0, 0,
    0, 0, 0, 0
};

/*Map glyph_ids to kern right classes*/
static const uint8_t kern_right_class_mapping[] =
{
    0, 0, 1, 2, 0, 0, 0, 0,
    2, 0, 3, 4, 0, 5, 6, 7,
    8, 0, 0, 0, 0, 0, 0, 0,
    0, 0, 0, 9, 10, 0, 0, 0,
    11, 0, 12, 0, 13, 0, 0, 0,
    13, 0, 0, 14, 0, 0, 0, 0,
    13, 0, 13, 0, 15, 16, 17, 18,
    19, 20, 21, 22, 0, 23, 3, 0,
    0, 0, 24, 0, 25, 25, 25, 26,
    27, 0, 28, 29, 0, 0, 30, 30,
    25, 30, 25, 30, 31, 32, 33, 34,
    35, 36, 37, 38, 0, 0, 3, 0,
    0, 0, 0, 0, 0, 0, 0, 0,
    0, 0, 0, 0, 0, 0, 0, 0,
    0, 0, 0, 0, 0, 0, 0, 0,
    0, 0, 0, 0, 0, 0, 0, 0,
    0, 0, 0, 0, 0, 0, 0, 0,
    0, 0, 0, 0, 0, 0, 0, 0,
    0, 0, 0, 0, 0, 0, 0, 0,
    0, 0, 0, 0, 0, 0, 0, 0,
    0, 0, 0, 0, 0, 0, 0, 0,
    0, 0, 0, 0, 0, 0, 0, 0,
    0, 0, 0, 0, 0, 0, 0, 0,
    0, 0, 0, 0, 0, 0, 0, 0,
    0, 0, 0, 0, 0, 0, 0, 0,
    0, 0, 0, 0, 0, 0, 0, 0,
    0, 0, 0, 0, 0, 0, 0, 0,
    0, 0, 0, 0, 0, 0, 0, 0,
    0, 0, 0, 0, 0, 0, 0, 0,
    0, 0, 0, 0, 0, 0, 0, 0,
    0, 0, 0, 0, 0, 0, 0, 0,
    0, 0, 0, 0, 0, 0, 0, 0,
    0, 0, 0, 0, 0, 0, 0, 0,
    0, 0, 0, 0, 0, 0, 0, 0,
    0, 0, 0, 0, 0, 0, 0, 0,
    0, 0, 0, 0, 0, 0, 0, 0,
    0, 0, 0, 0, 0, 0, 0, 0,
    0, 0, 0, 0, 0, 0, 0, 0,
    0, 0, 0, 0, 0, 0, 0, 0,
    0, 0, 0, 0, 0, 0, 0, 0,
    0, 0, 0, 0, 0, 0, 0, 0,
    0, 0, 0, 0, 0, 0, 0, 0,
    0, 0, 0, 0, 0, 0, 0, 0,
    0, 0, 0, 0, 0, 0, 0, 0,
    0, 0, 0, 0, 0, 0, 0, 0,
    0, 0, 0, 0, 0, 0, 0, 0,
    0, 0, 0, 0, 0, 0, 0, 0,
    0, 0, 0, 0, 0, 0, 0, 0,
    0, 0, 0, 0, 0, 0, 0, 0,
    0, 0, 0, 0, 0, 0, 0, 0,
    0, 0, 0, 0, 0, 0, 0, 0,
    0, 0, 0, 0, 0, 0, 0, 0,
    0, 0, 0, 0, 0, 0, 0, 0,
    0, 0, 0, 0, 0, 0, 0, 0,
    0, 0, 0, 0, 0, 0, 0, 0,
    0, 0, 0, 0, 0, 0, 0, 0,
    0, 0, 0, 0, 0, 0, 0, 0,
    0, 0, 0, 0, 0, 0, 0, 0,
    0, 0, 0, 0, 0, 0, 0, 0,
    0, 0, 0, 0, 0, 0, 0, 0,
    0, 0, 0, 0, 0, 0, 0, 0,
    0, 0, 0, 0, 0, 0, 0, 0,
    0, 0, 0, 0
};

/*Kern values between classes*/
static const int8_t kern_class_values[] =
{
    0, 0, 0, 0, -33, 0, -33, 0,
    0, 0, 0, -16, 0, -27, -3, 0,
    0, 0, 0, -3, 0, 0, 0, 0,
    -8, 0, 0, 0, 0, 0, -6, 0,
    0, 0, 0, 0, 0, 0, 0, 0,
    0, 0, 0, 0, 0, 0, 0, 0,
    0, 0, 0, -6, 0, 0, 0, 0,
    0, 0, 0, 0, 0, 0, 0, 0,
    0, 0, 23, 0, 0, 0, 0, 0,
    0, 0, 0, 0, 0, -27, 0, -39,
    0, 0, 0, 0, 0, 0, 0, 0,
    0, 0, 0, -28, -6, -19, -10, 0,
    -26, 0, 0, 0, -3, 0, 0, 0,
    7, 0, 0, -13, 0, -10, -6, 0,
    -6, 0, 0, 0, 0, 0, 0, 0,
    0, 0, 0, 0, 0, 0, 0, -6,
    -5, -14, 0, -5, -3, -8, -19, -6,
    0, 0, 0, 0, 0, 0, 0, 0,
    0, -7, 0, -2, 0, -4, 0, 0,
    0, 0, 0, 0, 0, 0, 0, 0,
    0, 0, 0, -12, -3, -23, 0, 0,
    0, 0, 0, 0, 0, 0, 0, -7,
    -9, 0, -3, 7, 7, 0, 0, 3,
    -6, 0, 0, 0, 0, 0, 0, 0,
    0, -14, 0, 0, 0, 0, 0, 0,
    0, 0, 0, 0, 0, 0, 0, 0,
    0, 0, -7, 0, 0, 0, 0, 0,
    0, 0, 1, 0, 0, 0, 0, 0,
    0, 0, 0, 0, 0, -16, 0, -27,
    0, 0, 0, 0, 0, 0, -7, -2,
    -3, 0, 0, -16, -4, -4, 0, 1,
    -4, -2, -12, 7, 0, -3, 0, 0,
    0, 0, 7, -4, -2, -2, -1, -1,
    -2, 0, 0, 0, 0, -9, 0, 0,
    0, 0, 0, 0, 0, 0, 0, -5,
    -4, -7, 0, -2, -1, -1, -4, -1,
    0, 0, 0, 0, 0, 0, 0, 0,
    0, -3, 0, -4, -3, -3, -4, 0,
    0, 0, 0, 0, 0, -7, 0, 0,
    0, 0, 0, 0, -8, -3, -7, -5,
    -4, -1, -1, -1, -2, -3, 0, 0,
    0, 0, -6, 0, 0, 0, 0, -8,
    -3, -4, -3, 0, -4, 0, 0, 0,
    0, -10, 0, 0, 0, -5, 0, 0,
    0, -3, 0, -11, 0, -7, 0, -3,
    -2, -5, -6, -6, 0, 0, 0, 0,
    0, 0, 0, 0, 0, 0, 0, 0,
    0, -4, 0, -2, 0, 0, 0, 0,
    0, 0, 0, 0, 0, 0, 0, 0,
    0, 0, 0, 0, 0, 0, 0, 0,
    0, 0, 0, 0, -3, 0, 0, 0,
    0, 0, 0, -7, 0, -3, 0, -9,
    -3, 0, 0, 0, 0, 0, -21, 0,
    -21, -20, 0, 0, 0, -11, -3, -40,
    -6, 0, 0, 1, 1, -7, 0, -9,
    0, -10, -4, 0, -7, 0, 0, -6,
    -6, -3, -5, -6, -5, -7, -5, -8,
    0, 0, 0, -8, 0, 0, 0, 0,
    0, 0, 0, -1, 0, 0, 0, -6,
    0, -4, -1, 0, 0, 0, 0, 0,
    0, 0, 0, 0, 0, 0, 0, 0,
    0, 0, 0, 0, 0, 0, 0, 0,
    0, 0, -7, 0, -7, 0, 0, 0,
    0, 0, 0, -12, 0, 0, 0, 0,
    0, 0, 0, 0, 0, 0, 0, 0,
    0, 0, 0, 0, 0, 0, 0, 0,
    0, 0, 0, 0, 0, -6, 0, -12,
    0, -8, 0, 0, 0, 0, -2, -3,
    -6, 0, -3, -5, -4, -4, -3, 0,
    -5, 0, 0, 0, -2, 0, 0, 0,
    -3, 0, 0, -9, -4, -6, -5, -5,
    -6, -4, 0, -25, 0, -44, 0, -15,
    0, 0, 0, 0, -9, 1, -7, 0,
    -6, -34, -8, -22, -16, 0, -22, 0,
    -23, 0, -3, -4, -1, 0, 0, 0,
    0, -6, -3, -10, -10, 0, -10, 0,
    0, 0, 0, 0, -32, -9, -32, -22,
    0, 0, 0, -14, 0, -42, -3, -7,
    0, 0, 0, -7, -3, -22, 0, -12,
    -7, 0, -9, 0, 0, 0, -3, 0,
    0, 0, 0, -4, 0, -6, 0, 0,
    0, -3, 0, -9, 0, 0, 0, 0,
    0, -1, 0, -5, -4, -4, 0, 2,
    2, -1, 0, -3, 0, -1, -3, 0,
    -1, 0, 0, 0, 0, 0, 0, 0,
    0, -2, 0, -2, 0, 0, 0, -5,
    0, 4, 0, 0, 0, 0, 0, 0,
    0, -4, -4, -6, 0, 0, 0, 0,
    -4, 0, 0, 0, 0, 0, 0, 0,
    0, 0, 0, -7, 0, 0, 0, 0,
    0, 0, 0, 0, 0, 0, -30, -21,
    -30, -26, -6, -6, 0, -12, -7, -36,
    -11, 0, 0, 0, 0, -6, -4, -15,
    0, -21, -19, -5, -21, 0, 0, -13,
    -17, -5, -13, -9, -10, -11, -9, -22,
    0, 0, 0, 0, -5, 0, -5, -9,
    0, 0, 0, -5, 0, -14, -3, 0,
    0, -1, 0, -3, -4, 0, 0, -1,
    0, 0, -3, 0, 0, 0, -1, 0,
    0, 0, 0, -2, 0, 0, 0, 0,
    0, 0, -19, -5, -19, -13, 0, 0,
    0, -4, -3, -21, -3, 0, -3, 3,
    0, 0, 0, -5, 0, -6, -4, 0,
    -6, 0, 0, -6, -4, 0, -9, -3,
    -3, -4, -3, -7, 0, 0, 0, 0,
    -10, -3, -10, -8, 0, 0, 0, 0,
    -2, -19, -2, 0, 0, 0, 0, 0,
    0, -2, 0, -5, 0, 0, -4, 0,
    0, 0, 0, 0, 0, 0, 0, 0,
    0, -3, 0, -3, 0, -3, 0, -8,
    0, 0, 0, 0, 0, 1, -5, 0,
    -4, -6, -3, 0, 0, 0, 0, 0,
    0, -3, -2, -5, 0, 0, 0, 0,
    0, -5, -3, -5, -4, -3, -5, -4,
    0, 0, 0, 0, -26, -19, -26, -19,
    -7, -7, -2, -4, -4, -29, -5, -4,
    -3, 0, 0, 0, 0, -7, 0, -19,
    -12, 0, -17, 0, 0, -12, -12, -8,
    -10, -4, -7, -10, -4, -14, 0, 0,
    0, 0, 0, -10, 0, 0, 0, 0,
    0, -2, -6, -9, -9, 0, -3, -2,
    -2, 0, -4, -5, 0, -5, -6, -6,
    -4, 0, 0, 0, 0, -4, -7, -5,
    -5, -7, -5, 0, 0, 0, 0, 0,
    0, 0, 0, 0, 0, 0, 0, 0,
    0, 0, 0, -25, -8, -15, -8, 0,
    -21, 0, 0, 0, 0, 0, 9, 0,
    21, 0, 0, 0, 0, -6, -3, 0,
    4, 0, 0, 0, 0, -15, 0, 0,
    0, 0, 0, 0, -4, 0, 0, 0,
    0, -7, 0, -5, -1, 0, -7, 0,
    0, 0, 0, 0, 0, 0, 0, 0,
    0, -4, 0, 0, 0, 0, 0, 0,
    0, -8, 0, -7, -3, 2, -3, 0,
    0, 0, -4, 0, 0, 0, 0, -16,
    0, -5, 0, -1, -13, 0, -7, -4,
    0, 0, 0, 0, 0, 0, 0, -5,
    0, -1, -1, -5, -1, -2, 0, 0,
    0, 0, 0, -6, 0, 0, 0, 0,
    0, 0, 0, 0, 0, -6, 0, -4,
    0, 0, -7, 0, 0, -3, -6, 0,
    -3, 0, 0, 0, 0, -3, 0, 2,
    2, 2, 2, 0, 0, 0, 0, -10,
    0, 3, 0, 0, 0, 0, -2, 0,
    0, -6, -6, -7, 0, -5, -3, 0,
    -7, 0, -6, -4, 0, 0, -3, 0,
    0, 0, 0, -3, 0, 1, 1, -2,
    1, 0, 4, 12, 14, 0, -14, -4,
    -14, -4, 0, 0, 7, 0, 0, 0,
    0, 13, 0, 19, 13, 9, 17, 0,
    18, -6, -3, 0, -4, 0, -3, 0,
    -1, 0, 0, 4, 0, -1, 0, -4,
    0, 0, 4, -9, 0, 0, 0, 14,
    0, 0, -10, 0, 0, 0, 0, -7,
    0, 0, 0, 0, -4, 0, 0, -5,
    -4, 0, 0, 0, 10, 0, 0, 0,
    0, -1, -1, 0, 4, -4, 0, 0,
    0, -10, 0, 0, 0, 0, 0, 0,
    -2, 0, 0, 0, 0, -7, 0, -3,
    0, 0, -5, 0, 0, 0, 0, 0,
    0, 0, 0, 0, 0, 0, 0, 0,
    0, 0, 0, 0, 0, 0, 0, -6,
    4, -13, 4, 0, 4, 4, -4, 0,
    0, 0, 0, -10, 0, 0, 0, 0,
    -3, 0, 0, -3, -5, 0, -3, 0,
    -3, 0, 0, -6, -4, 0, 0, -2,
    0, -2, 0, 0, 0, 0, 0, 0,
    0, 0, 0, 0, 0, 0, 0, 0,
    0, 0, 0, 0, 0, 0, 0, 0,
    0, 0, 0, 0, 0, 0, 2, 0,
    0, 0, 0, 0, 0, 0, 0, 0,
    0, 0, 0, -7, 0, 0, 0, 0,
    0, 0, 0, 0, 0, 0, 0, -6,
    0, -4, 0, 0, -9, 0, 0, 0,
    0, 0, 0, 0, 0, 0, 0, 0,
    0, 0, 0, 0, 0, 0, 0, 0,
    0, 0, -16, -7, -16, -10, 7, 7,
    0, -4, 0, -16, 0, 0, 0, 0,
    0, 0, 0, -3, 4, -7, -3, 0,
    -3, 0, 0, 0, -1, 0, 0, 7,
    5, 0, 7, -1, 0, 0, 0, -14,
    0, 3, 0, 0, 0, 0, -3, 0,
    0, 0, 0, -7, 0, -3, 0, 0,
    -6, 0, 0, 0, 0, 0, 0, 0,
    0, 0, 0, -6, 0, 0, 0, 0,
    0, 0, 0, 0, 0, 0, 2, -7,
    2, 3, 4, 4, -7, 0, 0, 0,
    0, -4, 0, 0, 0, 0, -1, 0,
    0, -6, -4, 0, -3, 0, 0, 0,
    -3, -6, 0, 0, 0, -5, 0, 0,
    0, 0, 0, -3, -10, -2, -10, -6,
    0, 0, 0, -3, 0, -12, 0, -6,
    0, -3, 0, 0, -4, -3, 0, -6,
    -1, 0, 0, 0, -3, 0, 0, 0,
    0, 0, 0, 0, 0, -7, 0, 0,
    0, -3, -12, 0, -12, -2, 0, 0,
    0, -1, 0, -9, 0, -7, 0, -3,
    0, -4, -7, 0, 0, -3, -1, 0,
    0, 0, -3, 0, 0, 0, 0, 0,
    0, 0, 0, -5, -4, 0, 0, -6,
    2, -4, -2, 0, 0, 2, 0, 0,
    -3, 0, -1, -9, 0, -4, 0, -3,
    -10, 0, 0, -3, -5, 0, 0, 0,
    0, 0, 0, -7, 0, 0, 0, 0,
    0, 0, 0, 0, 0, 0, -10, 0,
    -10, -4, 0, 0, 0, 0, 0, -12,
    0, -6, 0, -1, 0, -1, -2, 0,
    0, -6, -1, 0, 0, 0, -3, 0,
    0, 0, 0, 0, 0, -4, 0, -7,
    0, 0, 0, 0, 0, -5, 0, 0,
    0, 0, 0, 0, 0, 0, 0, -7,
    0, 0, 0, 0, -8, 0, 0, -7,
    -3, 0, -2, 0, 0, 0, 0, 0,
    -3, -1, 0, 0, -1, 0
};


/*Collect the kern class' data in one place*/
static const lv_font_fmt_txt_kern_classes_t kern_classes =
{
    .class_pair_values   = kern_class_values,
    .left_class_mapping  = kern_left_class_mapping,
    .right_class_mapping = kern_right_class_mapping,
    .left_class_cnt      = 45,
    .right_class_cnt     = 38,
};

/*--------------------
 *  ALL CUSTOM DATA
 *--------------------*/

#if LVGL_VERSION_MAJOR == 8
/*Store all the custom data of the font*/
static  lv_font_fmt_txt_glyph_cache_t cache;
#endif

#if LVGL_VERSION_MAJOR >= 8
static const lv_font_fmt_txt_dsc_t font_dsc = {
#else
static lv_font_fmt_txt_dsc_t font_dsc = {
#endif
    .glyph_bitmap = glyph_bitmap,
    .glyph_dsc = glyph_dsc,
    .cmaps = cmaps,
    .kern_dsc = &kern_classes,
    .kern_scale = 16,
    .cmap_num = 2,
    .bpp = 2,
    .kern_classes = 1,
    .bitmap_format = 2,
#if LVGL_VERSION_MAJOR == 8
    .cache = &cache
#endif
};



/*-----------------
 *  PUBLIC FONT
 *----------------*/

/*Initialize a public general font descriptor*/
#if LVGL_VERSION_MAJOR >= 8
const lv_font_t ui_font_spoken_16 = {
#else
lv_font_t ui_font_spoken_16 = {
#endif
    .get_glyph_dsc = lv_font_get_glyph_dsc_fmt_txt,    /*Function pointer to get glyph's data*/
    .get_glyph_bitmap = lv_font_get_bitmap_fmt_txt,    /*Function pointer to get glyph's bitmap*/
    .line_height = 20,          /*The maximum line height required by the font*/
    .base_line = 5,             /*Baseline measured from the bottom of the line*/
#if !(LVGL_VERSION_MAJOR == 6 && LVGL_VERSION_MINOR == 0)
    .subpx = LV_FONT_SUBPX_NONE,
#endif
#if LV_VERSION_CHECK(7, 4, 0) || LVGL_VERSION_MAJOR >= 8
    .underline_position = -2,
    .underline_thickness = 1,
#endif
    .dsc = &font_dsc,          /*The custom font data. Will be accessed by `get_glyph_bitmap/dsc` */
#if LV_VERSION_CHECK(8, 2, 0) || LVGL_VERSION_MAJOR >= 9
    .fallback = NULL,
#endif
    .user_data = NULL,
};



#endif /*#if UI_FONT_SPOKEN_16*/
